ISO-10303-21;
HEADER;
FILE_DESCRIPTION(('Open CASCADE Model'),'2;1');
FILE_NAME('Open CASCADE Shape Model','2026-06-18T16:48:26',('Author'),(
    'Open CASCADE'),'Open CASCADE STEP processor 7.9','Open CASCADE 7.9'
  ,'Unknown');
FILE_SCHEMA(('AUTOMOTIVE_DESIGN { 1 0 10303 214 1 1 1 1 }'));
ENDSEC;
DATA;
#1 = APPLICATION_PROTOCOL_DEFINITION('international standard',
  'automotive_design',2000,#2);
#2 = APPLICATION_CONTEXT(
  'core data for automotive mechanical design processes');
#3 = SHAPE_DEFINITION_REPRESENTATION(#4,#10);
#4 = PRODUCT_DEFINITION_SHAPE('','',#5);
#5 = PRODUCT_DEFINITION('design','',#6,#9);
#6 = PRODUCT_DEFINITION_FORMATION('','',#7);
#7 = PRODUCT('Open CASCADE STEP translator 7.9 60',
  'Open CASCADE STEP translator 7.9 60','',(#8));
#8 = PRODUCT_CONTEXT('',#2,'mechanical');
#9 = PRODUCT_DEFINITION_CONTEXT('part definition',#2,'design');
#10 = ADVANCED_BREP_SHAPE_REPRESENTATION('',(#11,#15),#3129);
#11 = AXIS2_PLACEMENT_3D('',#12,#13,#14);
#12 = CARTESIAN_POINT('',(0.,0.,0.));
#13 = DIRECTION('',(0.,0.,1.));
#14 = DIRECTION('',(1.,0.,-0.));
#15 = MANIFOLD_SOLID_BREP('',#16);
#16 = CLOSED_SHELL('',(#17,#239,#315,#365,#1351,#1401,#2240,#2268,#2297,
    #2344,#2371,#2398,#2405,#2432,#2459,#2486,#2513,#2540,#2567,#2594,
    #2621,#2648,#2675,#2702,#2782,#2832,#2926,#2953,#2980,#3007,#3034,
    #3061,#3088,#3095,#3122));
#17 = ADVANCED_FACE('',(#18),#32,.F.);
#18 = FACE_BOUND('',#19,.T.);
#19 = EDGE_LOOP('',(#20,#55,#106,#134,#162,#190));
#20 = ORIENTED_EDGE('',*,*,#21,.F.);
#21 = EDGE_CURVE('',#22,#24,#26,.T.);
#22 = VERTEX_POINT('',#23);
#23 = CARTESIAN_POINT('',(291.41,345.371747674,144.));
#24 = VERTEX_POINT('',#25);
#25 = CARTESIAN_POINT('',(291.409999999,345.371747673,170.5));
#26 = SURFACE_CURVE('',#27,(#31,#43),.PCURVE_S1.);
#27 = LINE('',#28,#29);
#28 = CARTESIAN_POINT('',(291.409999999,345.371747673,157.25));
#29 = VECTOR('',#30,1.);
#30 = DIRECTION('',(0.,0.,1.));
#31 = PCURVE('',#32,#37);
#32 = PLANE('',#33);
#33 = AXIS2_PLACEMENT_3D('',#34,#35,#36);
#34 = CARTESIAN_POINT('',(271.970719071,336.672065092,138.5));
#35 = DIRECTION('',(0.40848977378,-0.912762896221,0.));
#36 = DIRECTION('',(0.912762896221,0.40848977378,0.));
#37 = DEFINITIONAL_REPRESENTATION('',(#38),#42);
#38 = LINE('',#39,#40);
#39 = CARTESIAN_POINT('',(21.297185729759,18.75));
#40 = VECTOR('',#41,1.);
#41 = DIRECTION('',(0.,1.));
#42 = ( GEOMETRIC_REPRESENTATION_CONTEXT(2) 
PARAMETRIC_REPRESENTATION_CONTEXT() REPRESENTATION_CONTEXT('2D SPACE',''
  ) );
#43 = PCURVE('',#44,#49);
#44 = PLANE('',#45);
#45 = AXIS2_PLACEMENT_3D('',#46,#47,#48);
#46 = CARTESIAN_POINT('',(292.030495966,343.985260834,157.25));
#47 = DIRECTION('',(-0.912762896221,-0.40848977378,0.));
#48 = DIRECTION('',(0.,0.,1.));
#49 = DEFINITIONAL_REPRESENTATION('',(#50),#54);
#50 = LINE('',#51,#52);
#51 = CARTESIAN_POINT('',(0.,1.518999999929));
#52 = VECTOR('',#53,1.);
#53 = DIRECTION('',(1.,0.));
#54 = ( GEOMETRIC_REPRESENTATION_CONTEXT(2) 
PARAMETRIC_REPRESENTATION_CONTEXT() REPRESENTATION_CONTEXT('2D SPACE',''
  ) );
#55 = ORIENTED_EDGE('',*,*,#56,.T.);
#56 = EDGE_CURVE('',#22,#57,#59,.T.);
#57 = VERTEX_POINT('',#58);
#58 = CARTESIAN_POINT('',(286.38980407,343.125053917,138.5));
#59 = SURFACE_CURVE('',#60,(#76,#95),.PCURVE_S1.);
#60 = B_SPLINE_CURVE_WITH_KNOTS('',5,(#61,#62,#63,#64,#65,#66,#67,#68,
    #69,#70,#71,#72,#73,#74,#75),.UNSPECIFIED.,.F.,.F.,(6,3,3,3,6),(0.,
    4.0734111344,8.14682227016,12.2202334838,12.2522944068),
  .UNSPECIFIED.);
#61 = CARTESIAN_POINT('',(291.409999999,345.371747673,144.));
#62 = CARTESIAN_POINT('',(291.409999999,345.371747673,143.425573393));
#63 = CARTESIAN_POINT('',(291.341549851,345.341114103,142.851147508));
#64 = CARTESIAN_POINT('',(291.204600697,345.279825099,142.289658225));
#65 = CARTESIAN_POINT('',(290.800182248,345.09883527,141.21912061));
#66 = CARTESIAN_POINT('',(290.158459502,344.81164439,140.29821396));
#67 = CARTESIAN_POINT('',(289.784119391,344.644115552,139.886406725));
#68 = CARTESIAN_POINT('',(288.946192362,344.269117156,139.179570881));
#69 = CARTESIAN_POINT('',(287.970718098,343.832562095,138.732105345));
#70 = CARTESIAN_POINT('',(287.458778959,343.603453414,138.57976007));
#71 = CARTESIAN_POINT('',(286.930624223,343.36708775,138.501798617));
#72 = CARTESIAN_POINT('',(286.402184386,343.130594494,138.500013938));
#73 = CARTESIAN_POINT('',(286.398057611,343.128747633,138.500004646));
#74 = CARTESIAN_POINT('',(286.39393084,343.126900775,138.5));
#75 = CARTESIAN_POINT('',(286.38980407,343.125053917,138.5));
#76 = PCURVE('',#32,#77);
#77 = DEFINITIONAL_REPRESENTATION('',(#78),#94);
#78 = B_SPLINE_CURVE_WITH_KNOTS('',5,(#79,#80,#81,#82,#83,#84,#85,#86,
    #87,#88,#89,#90,#91,#92,#93),.UNSPECIFIED.,.F.,.F.,(6,3,3,3,6),(0.,
    4.0734111344,8.14682227016,12.2202334838,12.2522944068),
  .UNSPECIFIED.);
#79 = CARTESIAN_POINT('',(21.297185729759,5.5));
#80 = CARTESIAN_POINT('',(21.297185729759,4.925573393));
#81 = CARTESIAN_POINT('',(21.222193474345,4.351147508));
#82 = CARTESIAN_POINT('',(21.072155436525,3.789658225));
#83 = CARTESIAN_POINT('',(20.629084787426,2.71912061));
#84 = CARTESIAN_POINT('',(19.926029537614,1.79821396));
#85 = CARTESIAN_POINT('',(19.51591195659,1.386406725));
#86 = CARTESIAN_POINT('',(18.597900244828,0.679570881));
#87 = CARTESIAN_POINT('',(17.52919525232,0.232105345));
#88 = CARTESIAN_POINT('',(16.968327647845,7.976006999999E-02));
#89 = CARTESIAN_POINT('',(16.389694644745,1.798616999992E-03));
#90 = CARTESIAN_POINT('',(15.810749292002,1.393799999505E-05));
#91 = CARTESIAN_POINT('',(15.806228101069,4.646000007824E-06));
#92 = CARTESIAN_POINT('',(15.801706915012,0.));
#93 = CARTESIAN_POINT('',(15.797185729868,0.));
#94 = ( GEOMETRIC_REPRESENTATION_CONTEXT(2) 
PARAMETRIC_REPRESENTATION_CONTEXT() REPRESENTATION_CONTEXT('2D SPACE',''
  ) );
#95 = PCURVE('',#96,#101);
#96 = CYLINDRICAL_SURFACE('',#97,5.5);
#97 = AXIS2_PLACEMENT_3D('',#98,#99,#100);
#98 = CARTESIAN_POINT('',(242.957778113,440.173118146,144.));
#99 = DIRECTION('',(0.40848977378,-0.912762896221,0.));
#100 = DIRECTION('',(0.,0.,-1.));
#101 = DEFINITIONAL_REPRESENTATION('',(#102),#105);
#102 = B_SPLINE_CURVE_WITH_KNOTS('',1,(#103,#104),.UNSPECIFIED.,.F.,.F.,
  (2,2),(0.,12.2522944068),.PIECEWISE_BEZIER_KNOTS.);
#103 = CARTESIAN_POINT('',(1.570796326795,106.32341063597));
#104 = CARTESIAN_POINT('',(0.,106.32341063625));
#105 = ( GEOMETRIC_REPRESENTATION_CONTEXT(2) 
PARAMETRIC_REPRESENTATION_CONTEXT() REPRESENTATION_CONTEXT('2D SPACE',''
  ) );
#106 = ORIENTED_EDGE('',*,*,#107,.F.);
#107 = EDGE_CURVE('',#108,#57,#110,.T.);
#108 = VERTEX_POINT('',#109);
#109 = CARTESIAN_POINT('',(271.970719071,336.672065092,138.5));
#110 = SURFACE_CURVE('',#111,(#115,#122),.PCURVE_S1.);
#111 = LINE('',#112,#113);
#112 = CARTESIAN_POINT('',(279.180261571,339.898559505,138.5));
#113 = VECTOR('',#114,1.);
#114 = DIRECTION('',(0.912762896221,0.40848977378,0.));
#115 = PCURVE('',#32,#116);
#116 = DEFINITIONAL_REPRESENTATION('',(#117),#121);
#117 = LINE('',#118,#119);
#118 = CARTESIAN_POINT('',(7.898592865595,0.));
#119 = VECTOR('',#120,1.);
#120 = DIRECTION('',(1.,0.));
#121 = ( GEOMETRIC_REPRESENTATION_CONTEXT(2) 
PARAMETRIC_REPRESENTATION_CONTEXT() REPRESENTATION_CONTEXT('2D SPACE',''
  ) );
#122 = PCURVE('',#123,#128);
#123 = PLANE('',#124);
#124 = AXIS2_PLACEMENT_3D('',#125,#126,#127);
#125 = CARTESIAN_POINT('',(282.326725077,339.642521672,138.5));
#126 = DIRECTION('',(0.,-0.,1.));
#127 = DIRECTION('',(0.912762896221,0.40848977378,0.));
#128 = DEFINITIONAL_REPRESENTATION('',(#129),#133);
#129 = LINE('',#130,#131);
#130 = CARTESIAN_POINT('',(-2.767386306108,1.518999999764));
#131 = VECTOR('',#132,1.);
#132 = DIRECTION('',(1.,0.));
#133 = ( GEOMETRIC_REPRESENTATION_CONTEXT(2) 
PARAMETRIC_REPRESENTATION_CONTEXT() REPRESENTATION_CONTEXT('2D SPACE',''
  ) );
#134 = ORIENTED_EDGE('',*,*,#135,.T.);
#135 = EDGE_CURVE('',#108,#136,#138,.T.);
#136 = VERTEX_POINT('',#137);
#137 = CARTESIAN_POINT('',(271.970719071,336.672065092,176.));
#138 = SURFACE_CURVE('',#139,(#143,#150),.PCURVE_S1.);
#139 = LINE('',#140,#141);
#140 = CARTESIAN_POINT('',(271.970719071,336.672065092,157.25));
#141 = VECTOR('',#142,1.);
#142 = DIRECTION('',(0.,0.,1.));
#143 = PCURVE('',#32,#144);
#144 = DEFINITIONAL_REPRESENTATION('',(#145),#149);
#145 = LINE('',#146,#147);
#146 = CARTESIAN_POINT('',(0.,18.75));
#147 = VECTOR('',#148,1.);
#148 = DIRECTION('',(0.,1.));
#149 = ( GEOMETRIC_REPRESENTATION_CONTEXT(2) 
PARAMETRIC_REPRESENTATION_CONTEXT() REPRESENTATION_CONTEXT('2D SPACE',''
  ) );
#150 = PCURVE('',#151,#156);
#151 = CYLINDRICAL_SURFACE('',#152,9.99973158754);
#152 = AXIS2_PLACEMENT_3D('',#153,#154,#155);
#153 = CARTESIAN_POINT('',(276.435001342,327.724170612,138.5));
#154 = DIRECTION('',(0.,0.,1.));
#155 = DIRECTION('',(1.,0.,-0.));
#156 = DEFINITIONAL_REPRESENTATION('',(#157),#161);
#157 = LINE('',#158,#159);
#158 = CARTESIAN_POINT('',(2.033579451377,18.75));
#159 = VECTOR('',#160,1.);
#160 = DIRECTION('',(0.,1.));
#161 = ( GEOMETRIC_REPRESENTATION_CONTEXT(2) 
PARAMETRIC_REPRESENTATION_CONTEXT() REPRESENTATION_CONTEXT('2D SPACE',''
  ) );
#162 = ORIENTED_EDGE('',*,*,#163,.T.);
#163 = EDGE_CURVE('',#136,#164,#166,.T.);
#164 = VERTEX_POINT('',#165);
#165 = CARTESIAN_POINT('',(286.38980407,343.125053918,176.));
#166 = SURFACE_CURVE('',#167,(#171,#178),.PCURVE_S1.);
#167 = LINE('',#168,#169);
#168 = CARTESIAN_POINT('',(279.180261571,339.898559505,176.));
#169 = VECTOR('',#170,1.);
#170 = DIRECTION('',(0.912762896221,0.40848977378,0.));
#171 = PCURVE('',#32,#172);
#172 = DEFINITIONAL_REPRESENTATION('',(#173),#177);
#173 = LINE('',#174,#175);
#174 = CARTESIAN_POINT('',(7.898592865595,37.5));
#175 = VECTOR('',#176,1.);
#176 = DIRECTION('',(1.,0.));
#177 = ( GEOMETRIC_REPRESENTATION_CONTEXT(2) 
PARAMETRIC_REPRESENTATION_CONTEXT() REPRESENTATION_CONTEXT('2D SPACE',''
  ) );
#178 = PCURVE('',#179,#184);
#179 = PLANE('',#180);
#180 = AXIS2_PLACEMENT_3D('',#181,#182,#183);
#181 = CARTESIAN_POINT('',(282.326725077,339.642521672,176.));
#182 = DIRECTION('',(0.,-0.,1.));
#183 = DIRECTION('',(0.912762896221,0.40848977378,0.));
#184 = DEFINITIONAL_REPRESENTATION('',(#185),#189);
#185 = LINE('',#186,#187);
#186 = CARTESIAN_POINT('',(-2.767386306108,1.518999999764));
#187 = VECTOR('',#188,1.);
#188 = DIRECTION('',(1.,0.));
#189 = ( GEOMETRIC_REPRESENTATION_CONTEXT(2) 
PARAMETRIC_REPRESENTATION_CONTEXT() REPRESENTATION_CONTEXT('2D SPACE',''
  ) );
#190 = ORIENTED_EDGE('',*,*,#191,.T.);
#191 = EDGE_CURVE('',#164,#24,#192,.T.);
#192 = SURFACE_CURVE('',#193,(#209,#228),.PCURVE_S1.);
#193 = B_SPLINE_CURVE_WITH_KNOTS('',5,(#194,#195,#196,#197,#198,#199,
    #200,#201,#202,#203,#204,#205,#206,#207,#208),.UNSPECIFIED.,.F.,.F.,
  (6,3,3,3,6),(0.,4.07341111768,8.14682223568,12.2202320161,
    12.2522929345),.UNSPECIFIED.);
#194 = CARTESIAN_POINT('',(286.38980407,343.125053917,176.));
#195 = CARTESIAN_POINT('',(286.914119362,343.359701311,176.));
#196 = CARTESIAN_POINT('',(287.438433994,343.59434841,175.925007743));
#197 = CARTESIAN_POINT('',(287.950940586,343.823711044,175.774969705));
#198 = CARTESIAN_POINT('',(288.928087596,344.26101471,175.331899056));
#199 = CARTESIAN_POINT('',(289.768657014,344.637195658,174.628843811));
#200 = CARTESIAN_POINT('',(290.144539382,344.805414704,174.218726226));
#201 = CARTESIAN_POINT('',(290.7897128,345.094149867,173.300714678));
#202 = CARTESIAN_POINT('',(291.198142707,345.276934948,172.232009901));
#203 = CARTESIAN_POINT('',(291.337198169,345.33916659,171.671141522));
#204 = CARTESIAN_POINT('',(291.408358289,345.371012957,171.09250871));
#205 = CARTESIAN_POINT('',(291.409987279,345.37174198,170.513563559));
#206 = CARTESIAN_POINT('',(291.409995759,345.371745775,170.50904237));
#207 = CARTESIAN_POINT('',(291.409999999,345.371747673,170.504521185));
#208 = CARTESIAN_POINT('',(291.409999999,345.371747673,170.5));
#209 = PCURVE('',#32,#210);
#210 = DEFINITIONAL_REPRESENTATION('',(#211),#227);
#211 = B_SPLINE_CURVE_WITH_KNOTS('',5,(#212,#213,#214,#215,#216,#217,
    #218,#219,#220,#221,#222,#223,#224,#225,#226),.UNSPECIFIED.,.F.,.F.,
  (6,3,3,3,6),(0.,4.07341111768,8.14682223568,12.2202320161,
    12.2522929345),.UNSPECIFIED.);
#212 = CARTESIAN_POINT('',(15.797185729868,37.5));
#213 = CARTESIAN_POINT('',(16.37161233522,37.5));
#214 = CARTESIAN_POINT('',(16.946038217644,37.425007743));
#215 = CARTESIAN_POINT('',(17.507527509366,37.274969705));
#216 = CARTESIAN_POINT('',(18.578065119845,36.831899056));
#217 = CARTESIAN_POINT('',(19.498971766642,36.128843811));
#218 = CARTESIAN_POINT('',(19.910779005542,35.718726226));
#219 = CARTESIAN_POINT('',(20.617614724537,34.800714678));
#220 = CARTESIAN_POINT('',(21.065080225741,33.732009901));
#221 = CARTESIAN_POINT('',(21.217425881334,33.171141522));
#222 = CARTESIAN_POINT('',(21.295387113812,32.59250871));
#223 = CARTESIAN_POINT('',(21.297171793883,32.013563559));
#224 = CARTESIAN_POINT('',(21.297181084331,32.00904237));
#225 = CARTESIAN_POINT('',(21.297185729759,32.004521185));
#226 = CARTESIAN_POINT('',(21.297185729759,32.));
#227 = ( GEOMETRIC_REPRESENTATION_CONTEXT(2) 
PARAMETRIC_REPRESENTATION_CONTEXT() REPRESENTATION_CONTEXT('2D SPACE',''
  ) );
#228 = PCURVE('',#229,#234);
#229 = CYLINDRICAL_SURFACE('',#230,5.5);
#230 = AXIS2_PLACEMENT_3D('',#231,#232,#233);
#231 = CARTESIAN_POINT('',(242.957778113,440.173118146,170.5));
#232 = DIRECTION('',(0.40848977378,-0.912762896221,0.));
#233 = DIRECTION('',(0.912762896221,0.40848977378,0.));
#234 = DEFINITIONAL_REPRESENTATION('',(#235),#238);
#235 = B_SPLINE_CURVE_WITH_KNOTS('',1,(#236,#237),.UNSPECIFIED.,.F.,.F.,
  (2,2),(0.,12.2522929345),.PIECEWISE_BEZIER_KNOTS.);
#236 = CARTESIAN_POINT('',(1.570796327056,106.32341063625));
#237 = CARTESIAN_POINT('',(0.,106.32341063597));
#238 = ( GEOMETRIC_REPRESENTATION_CONTEXT(2) 
PARAMETRIC_REPRESENTATION_CONTEXT() REPRESENTATION_CONTEXT('2D SPACE',''
  ) );
#239 = ADVANCED_FACE('',(#240),#44,.F.);
#240 = FACE_BOUND('',#241,.T.);
#241 = EDGE_LOOP('',(#242,#272,#293,#294));
#242 = ORIENTED_EDGE('',*,*,#243,.F.);
#243 = EDGE_CURVE('',#244,#246,#248,.T.);
#244 = VERTEX_POINT('',#245);
#245 = CARTESIAN_POINT('',(292.650991932,342.598773995,144.));
#246 = VERTEX_POINT('',#247);
#247 = CARTESIAN_POINT('',(292.650991932,342.598773995,170.5));
#248 = SURFACE_CURVE('',#249,(#253,#260),.PCURVE_S1.);
#249 = LINE('',#250,#251);
#250 = CARTESIAN_POINT('',(292.650991932,342.598773995,157.25));
#251 = VECTOR('',#252,1.);
#252 = DIRECTION('',(0.,0.,1.));
#253 = PCURVE('',#44,#254);
#254 = DEFINITIONAL_REPRESENTATION('',(#255),#259);
#255 = LINE('',#256,#257);
#256 = CARTESIAN_POINT('',(0.,-1.51899999952));
#257 = VECTOR('',#258,1.);
#258 = DIRECTION('',(1.,0.));
#259 = ( GEOMETRIC_REPRESENTATION_CONTEXT(2) 
PARAMETRIC_REPRESENTATION_CONTEXT() REPRESENTATION_CONTEXT('2D SPACE',''
  ) );
#260 = PCURVE('',#261,#266);
#261 = PLANE('',#262);
#262 = AXIS2_PLACEMENT_3D('',#263,#264,#265);
#263 = CARTESIAN_POINT('',(273.211711004,333.899091414,138.5));
#264 = DIRECTION('',(0.40848977378,-0.912762896221,0.));
#265 = DIRECTION('',(0.912762896221,0.40848977378,0.));
#266 = DEFINITIONAL_REPRESENTATION('',(#267),#271);
#267 = LINE('',#268,#269);
#268 = CARTESIAN_POINT('',(21.297185729759,18.75));
#269 = VECTOR('',#270,1.);
#270 = DIRECTION('',(0.,1.));
#271 = ( GEOMETRIC_REPRESENTATION_CONTEXT(2) 
PARAMETRIC_REPRESENTATION_CONTEXT() REPRESENTATION_CONTEXT('2D SPACE',''
  ) );
#272 = ORIENTED_EDGE('',*,*,#273,.F.);
#273 = EDGE_CURVE('',#22,#244,#274,.T.);
#274 = SURFACE_CURVE('',#275,(#279,#286),.PCURVE_S1.);
#275 = LINE('',#276,#277);
#276 = CARTESIAN_POINT('',(292.030495966,343.985260834,144.));
#277 = VECTOR('',#278,1.);
#278 = DIRECTION('',(0.40848977378,-0.912762896221,0.));
#279 = PCURVE('',#44,#280);
#280 = DEFINITIONAL_REPRESENTATION('',(#281),#285);
#281 = LINE('',#282,#283);
#282 = CARTESIAN_POINT('',(-13.25,0.));
#283 = VECTOR('',#284,1.);
#284 = DIRECTION('',(0.,-1.));
#285 = ( GEOMETRIC_REPRESENTATION_CONTEXT(2) 
PARAMETRIC_REPRESENTATION_CONTEXT() REPRESENTATION_CONTEXT('2D SPACE',''
  ) );
#286 = PCURVE('',#96,#287);
#287 = DEFINITIONAL_REPRESENTATION('',(#288),#292);
#288 = LINE('',#289,#290);
#289 = CARTESIAN_POINT('',(1.570796326795,107.8424106359));
#290 = VECTOR('',#291,1.);
#291 = DIRECTION('',(0.,1.));
#292 = ( GEOMETRIC_REPRESENTATION_CONTEXT(2) 
PARAMETRIC_REPRESENTATION_CONTEXT() REPRESENTATION_CONTEXT('2D SPACE',''
  ) );
#293 = ORIENTED_EDGE('',*,*,#21,.T.);
#294 = ORIENTED_EDGE('',*,*,#295,.T.);
#295 = EDGE_CURVE('',#24,#246,#296,.T.);
#296 = SURFACE_CURVE('',#297,(#301,#308),.PCURVE_S1.);
#297 = LINE('',#298,#299);
#298 = CARTESIAN_POINT('',(292.030495966,343.985260834,170.5));
#299 = VECTOR('',#300,1.);
#300 = DIRECTION('',(0.40848977378,-0.912762896221,0.));
#301 = PCURVE('',#44,#302);
#302 = DEFINITIONAL_REPRESENTATION('',(#303),#307);
#303 = LINE('',#304,#305);
#304 = CARTESIAN_POINT('',(13.25,0.));
#305 = VECTOR('',#306,1.);
#306 = DIRECTION('',(0.,-1.));
#307 = ( GEOMETRIC_REPRESENTATION_CONTEXT(2) 
PARAMETRIC_REPRESENTATION_CONTEXT() REPRESENTATION_CONTEXT('2D SPACE',''
  ) );
#308 = PCURVE('',#229,#309);
#309 = DEFINITIONAL_REPRESENTATION('',(#310),#314);
#310 = LINE('',#311,#312);
#311 = CARTESIAN_POINT('',(0.,107.8424106359));
#312 = VECTOR('',#313,1.);
#313 = DIRECTION('',(0.,1.));
#314 = ( GEOMETRIC_REPRESENTATION_CONTEXT(2) 
PARAMETRIC_REPRESENTATION_CONTEXT() REPRESENTATION_CONTEXT('2D SPACE',''
  ) );
#315 = ADVANCED_FACE('',(#316),#96,.T.);
#316 = FACE_BOUND('',#317,.T.);
#317 = EDGE_LOOP('',(#318,#341,#342,#343));
#318 = ORIENTED_EDGE('',*,*,#319,.F.);
#319 = EDGE_CURVE('',#57,#320,#322,.T.);
#320 = VERTEX_POINT('',#321);
#321 = CARTESIAN_POINT('',(287.630796004,340.352080239,138.5));
#322 = SURFACE_CURVE('',#323,(#327,#334),.PCURVE_S1.);
#323 = LINE('',#324,#325);
#324 = CARTESIAN_POINT('',(242.957778113,440.173118146,138.5));
#325 = VECTOR('',#326,1.);
#326 = DIRECTION('',(0.40848977378,-0.912762896221,0.));
#327 = PCURVE('',#96,#328);
#328 = DEFINITIONAL_REPRESENTATION('',(#329),#333);
#329 = LINE('',#330,#331);
#330 = CARTESIAN_POINT('',(0.,5.684341886081E-14));
#331 = VECTOR('',#332,1.);
#332 = DIRECTION('',(0.,1.));
#333 = ( GEOMETRIC_REPRESENTATION_CONTEXT(2) 
PARAMETRIC_REPRESENTATION_CONTEXT() REPRESENTATION_CONTEXT('2D SPACE',''
  ) );
#334 = PCURVE('',#123,#335);
#335 = DEFINITIONAL_REPRESENTATION('',(#336),#340);
#336 = LINE('',#337,#338);
#337 = CARTESIAN_POINT('',(5.1312065596,107.84241063568));
#338 = VECTOR('',#339,1.);
#339 = DIRECTION('',(0.,-1.));
#340 = ( GEOMETRIC_REPRESENTATION_CONTEXT(2) 
PARAMETRIC_REPRESENTATION_CONTEXT() REPRESENTATION_CONTEXT('2D SPACE',''
  ) );
#341 = ORIENTED_EDGE('',*,*,#56,.F.);
#342 = ORIENTED_EDGE('',*,*,#273,.T.);
#343 = ORIENTED_EDGE('',*,*,#344,.F.);
#344 = EDGE_CURVE('',#320,#244,#345,.T.);
#345 = SURFACE_CURVE('',#346,(#351,#358),.PCURVE_S1.);
#346 = CIRCLE('',#347,5.5);
#347 = AXIS2_PLACEMENT_3D('',#348,#349,#350);
#348 = CARTESIAN_POINT('',(287.630796004,340.352080239,144.));
#349 = DIRECTION('',(0.40848977378,-0.912762896221,0.));
#350 = DIRECTION('',(-0.912762896221,-0.40848977378,0.));
#351 = PCURVE('',#96,#352);
#352 = DEFINITIONAL_REPRESENTATION('',(#353),#357);
#353 = LINE('',#354,#355);
#354 = CARTESIAN_POINT('',(-1.570796326795,109.36141063611));
#355 = VECTOR('',#356,1.);
#356 = DIRECTION('',(1.,-1.809382218788E-14));
#357 = ( GEOMETRIC_REPRESENTATION_CONTEXT(2) 
PARAMETRIC_REPRESENTATION_CONTEXT() REPRESENTATION_CONTEXT('2D SPACE',''
  ) );
#358 = PCURVE('',#261,#359);
#359 = DEFINITIONAL_REPRESENTATION('',(#360),#364);
#360 = CIRCLE('',#361,5.5);
#361 = AXIS2_PLACEMENT_2D('',#362,#363);
#362 = CARTESIAN_POINT('',(15.797185730781,5.5));
#363 = DIRECTION('',(-1.,0.));
#364 = ( GEOMETRIC_REPRESENTATION_CONTEXT(2) 
PARAMETRIC_REPRESENTATION_CONTEXT() REPRESENTATION_CONTEXT('2D SPACE',''
  ) );
#365 = ADVANCED_FACE('',(#366),#123,.F.);
#366 = FACE_BOUND('',#367,.T.);
#367 = EDGE_LOOP('',(#368,#415,#443,#476,#509,#570,#571,#572,#595,#663,
    #696,#724,#769,#797,#842,#870,#921,#949,#994,#1027,#1055,#1083,#1111
    ,#1144,#1189,#1217,#1268,#1296,#1325));
#368 = ORIENTED_EDGE('',*,*,#369,.T.);
#369 = EDGE_CURVE('',#370,#372,#374,.T.);
#370 = VERTEX_POINT('',#371);
#371 = CARTESIAN_POINT('',(274.131060038,315.382668724,138.5));
#372 = VERTEX_POINT('',#373);
#373 = CARTESIAN_POINT('',(266.56,324.649183382,138.5));
#374 = SURFACE_CURVE('',#375,(#388,#404),.PCURVE_S1.);
#375 = B_SPLINE_CURVE_WITH_KNOTS('',5,(#376,#377,#378,#379,#380,#381,
    #382,#383,#384,#385,#386,#387),.UNSPECIFIED.,.F.,.F.,(6,3,3,6),(0.,
    6.58550706653,13.1710141567,18.177158147),.UNSPECIFIED.);
#376 = CARTESIAN_POINT('',(274.131060037,315.382668724,138.5));
#377 = CARTESIAN_POINT('',(273.229197086,315.607528413,138.5));
#378 = CARTESIAN_POINT('',(272.353460495,315.93717285,138.5));
#379 = CARTESIAN_POINT('',(271.519975343,316.367632306,138.5));
#380 = CARTESIAN_POINT('',(269.968500667,317.414176608,138.5));
#381 = CARTESIAN_POINT('',(268.698308515,318.788560843,138.5));
#382 = CARTESIAN_POINT('',(268.146168479,319.546936869,138.5));
#383 = CARTESIAN_POINT('',(267.338391894,320.982291375,138.5));
#384 = CARTESIAN_POINT('',(266.839188261,322.546990287,138.5));
#385 = CARTESIAN_POINT('',(266.683985725,323.240125689,138.5));
#386 = CARTESIAN_POINT('',(266.59081982,323.943293436,138.5));
#387 = CARTESIAN_POINT('',(266.56,324.649183382,138.5));
#388 = PCURVE('',#123,#389);
#389 = DEFINITIONAL_REPRESENTATION('',(#390),#403);
#390 = B_SPLINE_CURVE_WITH_KNOTS('',5,(#391,#392,#393,#394,#395,#396,
    #397,#398,#399,#400,#401,#402),.UNSPECIFIED.,.F.,.F.,(6,3,3,6),(0.,
    6.58550706653,13.1710141567,18.177158147),.UNSPECIFIED.);
#391 = CARTESIAN_POINT('',(-17.39060080102,-18.79564828054));
#392 = CARTESIAN_POINT('',(-18.12193495668,-18.22200290673));
#393 = CARTESIAN_POINT('',(-18.78661844231,-17.56338625374));
#394 = CARTESIAN_POINT('',(-19.3715544778,-16.83000867279));
#395 = CARTESIAN_POINT('',(-20.36018035131,-15.24100032524));
#396 = CARTESIAN_POINT('',(-20.95814271348,-13.46765288556));
#397 = CARTESIAN_POINT('',(-21.15232680056,-12.54989182924));
#398 = CARTESIAN_POINT('',(-21.30330765833,-10.90978501877));
#399 = CARTESIAN_POINT('',(-21.1197987076,-9.27766632903));
#400 = CARTESIAN_POINT('',(-20.9783231003,-8.581599403206));
#401 = CARTESIAN_POINT('',(-20.77612464767,-7.901716654468));
#402 = CARTESIAN_POINT('',(-20.51590701148,-7.244816921644));
#403 = ( GEOMETRIC_REPRESENTATION_CONTEXT(2) 
PARAMETRIC_REPRESENTATION_CONTEXT() REPRESENTATION_CONTEXT('2D SPACE',''
  ) );
#404 = PCURVE('',#405,#410);
#405 = CYLINDRICAL_SURFACE('',#406,9.99973158754);
#406 = AXIS2_PLACEMENT_3D('',#407,#408,#409);
#407 = CARTESIAN_POINT('',(276.550214059,325.085365547,138.5));
#408 = DIRECTION('',(0.,0.,1.));
#409 = DIRECTION('',(-1.,1.22464679915E-16,0.));
#410 = DEFINITIONAL_REPRESENTATION('',(#411),#414);
#411 = B_SPLINE_CURVE_WITH_KNOTS('',1,(#412,#413),.UNSPECIFIED.,.F.,.F.,
  (2,2),(0.,18.177158147),.PIECEWISE_BEZIER_KNOTS.);
#412 = CARTESIAN_POINT('',(1.326450231426,0.));
#413 = CARTESIAN_POINT('',(4.363323123254E-02,0.));
#414 = ( GEOMETRIC_REPRESENTATION_CONTEXT(2) 
PARAMETRIC_REPRESENTATION_CONTEXT() REPRESENTATION_CONTEXT('2D SPACE',''
  ) );
#415 = ORIENTED_EDGE('',*,*,#416,.T.);
#416 = EDGE_CURVE('',#372,#417,#419,.T.);
#417 = VERTEX_POINT('',#418);
#418 = CARTESIAN_POINT('',(266.444787283,327.287988446,138.5));
#419 = SURFACE_CURVE('',#420,(#424,#431),.PCURVE_S1.);
#420 = LINE('',#421,#422);
#421 = CARTESIAN_POINT('',(266.502393641,325.968585914,138.5));
#422 = VECTOR('',#423,1.);
#423 = DIRECTION('',(-4.361938722052E-02,0.999048221588,0.));
#424 = PCURVE('',#123,#425);
#425 = DEFINITIONAL_REPRESENTATION('',(#426),#430);
#426 = LINE('',#427,#428);
#427 = CARTESIAN_POINT('',(-20.02952551674,-6.016983636699));
#428 = VECTOR('',#429,1.);
#429 = DIRECTION('',(0.368286823821,0.929712221819));
#430 = ( GEOMETRIC_REPRESENTATION_CONTEXT(2) 
PARAMETRIC_REPRESENTATION_CONTEXT() REPRESENTATION_CONTEXT('2D SPACE',''
  ) );
#431 = PCURVE('',#432,#437);
#432 = PLANE('',#433);
#433 = AXIS2_PLACEMENT_3D('',#434,#435,#436);
#434 = CARTESIAN_POINT('',(266.56,324.649183381,138.5));
#435 = DIRECTION('',(0.999048221582,4.361938736528E-02,-0.));
#436 = DIRECTION('',(-4.361938736528E-02,0.999048221582,0.));
#437 = DEFINITIONAL_REPRESENTATION('',(#438),#442);
#438 = LINE('',#439,#440);
#439 = CARTESIAN_POINT('',(1.320659508232,0.));
#440 = VECTOR('',#441,1.);
#441 = DIRECTION('',(1.,0.));
#442 = ( GEOMETRIC_REPRESENTATION_CONTEXT(2) 
PARAMETRIC_REPRESENTATION_CONTEXT() REPRESENTATION_CONTEXT('2D SPACE',''
  ) );
#443 = ORIENTED_EDGE('',*,*,#444,.T.);
#444 = EDGE_CURVE('',#417,#445,#447,.T.);
#445 = VERTEX_POINT('',#446);
#446 = CARTESIAN_POINT('',(266.435269755,327.724170611,138.5));
#447 = SURFACE_CURVE('',#448,(#455,#465),.PCURVE_S1.);
#448 = B_SPLINE_CURVE_WITH_KNOTS('',5,(#449,#450,#451,#452,#453,#454),
  .UNSPECIFIED.,.F.,.F.,(6,6),(0.,0.617038275428),
  .PIECEWISE_BEZIER_KNOTS.);
#449 = CARTESIAN_POINT('',(266.444787283,327.287988446,138.5));
#450 = CARTESIAN_POINT('',(266.440981107,327.375164191,138.5));
#451 = CARTESIAN_POINT('',(266.438125814,327.462381449,138.5));
#452 = CARTESIAN_POINT('',(266.436221576,327.549652355,138.5));
#453 = CARTESIAN_POINT('',(266.435269757,327.636911785,138.5));
#454 = CARTESIAN_POINT('',(266.435269755,327.724170611,138.5));
#455 = PCURVE('',#123,#456);
#456 = DEFINITIONAL_REPRESENTATION('',(#457),#464);
#457 = B_SPLINE_CURVE_WITH_KNOTS('',5,(#458,#459,#460,#461,#462,#463),
  .UNSPECIFIED.,.F.,.F.,(6,6),(0.,0.617038275428),
  .PIECEWISE_BEZIER_KNOTS.);
#458 = CARTESIAN_POINT('',(-19.54314402109,-4.789150352162));
#459 = CARTESIAN_POINT('',(-19.51100775696,-4.708024782702));
#460 = CARTESIAN_POINT('',(-19.47798660448,-4.627249747698));
#461 = CARTESIAN_POINT('',(-19.44407544962,-4.546814241032));
#462 = CARTESIAN_POINT('',(-19.40929964987,-4.466778262654));
#463 = CARTESIAN_POINT('',(-19.3736553136,-4.387131643097));
#464 = ( GEOMETRIC_REPRESENTATION_CONTEXT(2) 
PARAMETRIC_REPRESENTATION_CONTEXT() REPRESENTATION_CONTEXT('2D SPACE',''
  ) );
#465 = PCURVE('',#466,#471);
#466 = CYLINDRICAL_SURFACE('',#467,9.99973158754);
#467 = AXIS2_PLACEMENT_3D('',#468,#469,#470);
#468 = CARTESIAN_POINT('',(276.435001342,327.724170612,138.5));
#469 = DIRECTION('',(0.,0.,1.));
#470 = DIRECTION('',(-1.,1.22464679915E-16,0.));
#471 = DEFINITIONAL_REPRESENTATION('',(#472),#475);
#472 = B_SPLINE_CURVE_WITH_KNOTS('',1,(#473,#474),.UNSPECIFIED.,.F.,.F.,
  (2,2),(0.,0.617038275428),.PIECEWISE_BEZIER_KNOTS.);
#473 = CARTESIAN_POINT('',(4.363323133245E-02,0.));
#474 = CARTESIAN_POINT('',(0.,0.));
#475 = ( GEOMETRIC_REPRESENTATION_CONTEXT(2) 
PARAMETRIC_REPRESENTATION_CONTEXT() REPRESENTATION_CONTEXT('2D SPACE',''
  ) );
#476 = ORIENTED_EDGE('',*,*,#477,.T.);
#477 = EDGE_CURVE('',#445,#478,#480,.T.);
#478 = VERTEX_POINT('',#479);
#479 = CARTESIAN_POINT('',(266.435275722,327.735094878,138.5));
#480 = SURFACE_CURVE('',#481,(#488,#498),.PCURVE_S1.);
#481 = B_SPLINE_CURVE_WITH_KNOTS('',5,(#482,#483,#484,#485,#486,#487),
  .UNSPECIFIED.,.F.,.F.,(6,6),(0.,1.54492487054E-02),
  .PIECEWISE_BEZIER_KNOTS.);
#482 = CARTESIAN_POINT('',(266.435269755,327.724170611,138.5));
#483 = CARTESIAN_POINT('',(266.435269755,327.726355466,138.5));
#484 = CARTESIAN_POINT('',(266.435270352,327.72854032,138.5));
#485 = CARTESIAN_POINT('',(266.435271544,327.730725174,138.5));
#486 = CARTESIAN_POINT('',(266.435273334,327.732910026,138.5));
#487 = CARTESIAN_POINT('',(266.435275721,327.735094878,138.5));
#488 = PCURVE('',#123,#489);
#489 = DEFINITIONAL_REPRESENTATION('',(#490),#497);
#490 = B_SPLINE_CURVE_WITH_KNOTS('',5,(#491,#492,#493,#494,#495,#496),
  .UNSPECIFIED.,.F.,.F.,(6,6),(0.,1.54492487054E-02),
  .PIECEWISE_BEZIER_KNOTS.);
#491 = CARTESIAN_POINT('',(-19.3736553136,-4.387131643097));
#492 = CARTESIAN_POINT('',(-19.37276282268,-4.385137388519));
#493 = CARTESIAN_POINT('',(-19.37186978724,-4.383143378723));
#494 = CARTESIAN_POINT('',(-19.37097620871,-4.381149611978));
#495 = CARTESIAN_POINT('',(-19.37008208517,-4.379156091335));
#496 = CARTESIAN_POINT('',(-19.3691874167,-4.377162814561));
#497 = ( GEOMETRIC_REPRESENTATION_CONTEXT(2) 
PARAMETRIC_REPRESENTATION_CONTEXT() REPRESENTATION_CONTEXT('2D SPACE',''
  ) );
#498 = PCURVE('',#499,#504);
#499 = CYLINDRICAL_SURFACE('',#500,9.99973158754);
#500 = AXIS2_PLACEMENT_3D('',#501,#502,#503);
#501 = CARTESIAN_POINT('',(276.435001342,327.724170612,138.5));
#502 = DIRECTION('',(0.,0.,1.));
#503 = DIRECTION('',(1.,0.,-0.));
#504 = DEFINITIONAL_REPRESENTATION('',(#505),#508);
#505 = B_SPLINE_CURVE_WITH_KNOTS('',1,(#506,#507),.UNSPECIFIED.,.F.,.F.,
  (2,2),(0.,1.54492487054E-02),.PIECEWISE_BEZIER_KNOTS.);
#506 = CARTESIAN_POINT('',(3.14159265369,0.));
#507 = CARTESIAN_POINT('',(3.14050019745,0.));
#508 = ( GEOMETRIC_REPRESENTATION_CONTEXT(2) 
PARAMETRIC_REPRESENTATION_CONTEXT() REPRESENTATION_CONTEXT('2D SPACE',''
  ) );
#509 = ORIENTED_EDGE('',*,*,#510,.T.);
#510 = EDGE_CURVE('',#478,#108,#511,.T.);
#511 = SURFACE_CURVE('',#512,(#525,#541),.PCURVE_S1.);
#512 = B_SPLINE_CURVE_WITH_KNOTS('',5,(#513,#514,#515,#516,#517,#518,
    #519,#520,#521,#522,#523,#524),.UNSPECIFIED.,.F.,.F.,(6,3,3,6),(0.,
    6.58554975113,13.1710995393,15.682381646),.UNSPECIFIED.);
#513 = CARTESIAN_POINT('',(266.435275721,327.735094878,138.5));
#514 = CARTESIAN_POINT('',(266.436291129,328.664566576,138.5));
#515 = CARTESIAN_POINT('',(266.545299203,329.593919724,138.5));
#516 = CARTESIAN_POINT('',(266.762331002,330.506547811,138.5));
#517 = CARTESIAN_POINT('',(267.404373551,332.264418693,138.5));
#518 = CARTESIAN_POINT('',(268.432354445,333.828252261,138.5));
#519 = CARTESIAN_POINT('',(269.035414038,334.546800754,138.5));
#520 = CARTESIAN_POINT('',(269.975987124,335.433368207,138.5));
#521 = CARTESIAN_POINT('',(271.039646512,336.154678526,138.5));
#522 = CARTESIAN_POINT('',(271.343418589,336.341542744,138.5));
#523 = CARTESIAN_POINT('',(271.653563454,336.513829856,138.5));
#524 = CARTESIAN_POINT('',(271.970719072,336.672065092,138.5));
#525 = PCURVE('',#123,#526);
#526 = DEFINITIONAL_REPRESENTATION('',(#527),#540);
#527 = B_SPLINE_CURVE_WITH_KNOTS('',5,(#528,#529,#530,#531,#532,#533,
    #534,#535,#536,#537,#538,#539),.UNSPECIFIED.,.F.,.F.,(6,3,3,6),(0.,
    6.58554975113,13.1710995393,15.682381646),.UNSPECIFIED.);
#528 = CARTESIAN_POINT('',(-19.3691874167,-4.377162814561));
#529 = CARTESIAN_POINT('',(-18.98858090631,-3.529190319323));
#530 = CARTESIAN_POINT('',(-18.50945112378,-2.725439931832));
#531 = CARTESIAN_POINT('',(-17.93855330955,-1.981082146446));
#532 = CARTESIAN_POINT('',(-16.63444841411,-0.638830644607));
#533 = CARTESIAN_POINT('',(-15.05733557562,0.368658929288));
#534 = CARTESIAN_POINT('',(-14.21336544356,0.778179656113));
#535 = CARTESIAN_POINT('',(-12.99269149116,1.203191045085));
#536 = CARTESIAN_POINT('',(-11.72717477855,1.427082358146));
#537 = CARTESIAN_POINT('',(-11.37357077561,1.473557295953));
#538 = CARTESIAN_POINT('',(-11.02010452698,1.504123573541));
#539 = CARTESIAN_POINT('',(-10.66597917079,1.518999999187));
#540 = ( GEOMETRIC_REPRESENTATION_CONTEXT(2) 
PARAMETRIC_REPRESENTATION_CONTEXT() REPRESENTATION_CONTEXT('2D SPACE',''
  ) );
#541 = PCURVE('',#151,#542);
#542 = DEFINITIONAL_REPRESENTATION('',(#543),#569);
#543 = B_SPLINE_CURVE_WITH_KNOTS('',3,(#544,#545,#546,#547,#548,#549,
    #550,#551,#552,#553,#554,#555,#556,#557,#558,#559,#560,#561,#562,
    #563,#564,#565,#566,#567,#568),.UNSPECIFIED.,.F.,.F.,(4,1,1,1,1,1,1,
    1,1,1,1,1,1,1,1,1,1,1,1,1,1,1,4),(0.,0.712835529364,1.425671058727,
    2.138506588091,2.851342117455,3.564177646818,4.277013176182,
    4.989848705545,5.702684234909,6.415519764273,7.128355293636,
    7.841190823,8.554026352364,9.266861881727,9.979697411091,
    10.692532940455,11.405368469818,12.118203999182,12.831039528545,
    13.543875057909,14.256710587273,14.969546116636,15.682381646),
  .QUASI_UNIFORM_KNOTS.);
#544 = CARTESIAN_POINT('',(3.14050019745,0.));
#545 = CARTESIAN_POINT('',(3.123731738054,0.));
#546 = CARTESIAN_POINT('',(3.090194678794,0.));
#547 = CARTESIAN_POINT('',(3.039888486207,0.));
#548 = CARTESIAN_POINT('',(2.989581352153,0.));
#549 = CARTESIAN_POINT('',(2.939273483035,0.));
#550 = CARTESIAN_POINT('',(2.888965287299,0.));
#551 = CARTESIAN_POINT('',(2.838657283627,0.));
#552 = CARTESIAN_POINT('',(2.788349930557,0.));
#553 = CARTESIAN_POINT('',(2.738043474491,0.));
#554 = CARTESIAN_POINT('',(2.687737831493,0.));
#555 = CARTESIAN_POINT('',(2.637432418045,0.));
#556 = CARTESIAN_POINT('',(2.58712640644,0.));
#557 = CARTESIAN_POINT('',(2.53681949229,0.));
#558 = CARTESIAN_POINT('',(2.486511772076,0.));
#559 = CARTESIAN_POINT('',(2.436203593367,0.));
#560 = CARTESIAN_POINT('',(2.385895555889,0.));
#561 = CARTESIAN_POINT('',(2.335587799131,0.));
#562 = CARTESIAN_POINT('',(2.285281929718,0.));
#563 = CARTESIAN_POINT('',(2.234973114162,0.));
#564 = CARTESIAN_POINT('',(2.184678955407,0.));
#565 = CARTESIAN_POINT('',(2.134304419119,0.));
#566 = CARTESIAN_POINT('',(2.083899476273,0.));
#567 = CARTESIAN_POINT('',(2.050337101726,0.));
#568 = CARTESIAN_POINT('',(2.033579451287,0.));
#569 = ( GEOMETRIC_REPRESENTATION_CONTEXT(2) 
PARAMETRIC_REPRESENTATION_CONTEXT() REPRESENTATION_CONTEXT('2D SPACE',''
  ) );
#570 = ORIENTED_EDGE('',*,*,#107,.T.);
#571 = ORIENTED_EDGE('',*,*,#319,.T.);
#572 = ORIENTED_EDGE('',*,*,#573,.F.);
#573 = EDGE_CURVE('',#574,#320,#576,.T.);
#574 = VERTEX_POINT('',#575);
#575 = CARTESIAN_POINT('',(273.275189304,333.927499926,138.5));
#576 = SURFACE_CURVE('',#577,(#581,#588),.PCURVE_S1.);
#577 = LINE('',#578,#579);
#578 = CARTESIAN_POINT('',(280.452992654,337.139790084,138.5));
#579 = VECTOR('',#580,1.);
#580 = DIRECTION('',(0.912762896221,0.40848977378,0.));
#581 = PCURVE('',#123,#582);
#582 = DEFINITIONAL_REPRESENTATION('',(#583),#587);
#583 = LINE('',#584,#585);
#584 = CARTESIAN_POINT('',(-2.732613693374,-1.518999999131));
#585 = VECTOR('',#586,1.);
#586 = DIRECTION('',(1.,0.));
#587 = ( GEOMETRIC_REPRESENTATION_CONTEXT(2) 
PARAMETRIC_REPRESENTATION_CONTEXT() REPRESENTATION_CONTEXT('2D SPACE',''
  ) );
#588 = PCURVE('',#261,#589);
#589 = DEFINITIONAL_REPRESENTATION('',(#590),#594);
#590 = LINE('',#591,#592);
#591 = CARTESIAN_POINT('',(7.933365477801,0.));
#592 = VECTOR('',#593,1.);
#593 = DIRECTION('',(1.,0.));
#594 = ( GEOMETRIC_REPRESENTATION_CONTEXT(2) 
PARAMETRIC_REPRESENTATION_CONTEXT() REPRESENTATION_CONTEXT('2D SPACE',''
  ) );
#595 = ORIENTED_EDGE('',*,*,#596,.F.);
#596 = EDGE_CURVE('',#597,#574,#599,.T.);
#597 = VERTEX_POINT('',#598);
#598 = CARTESIAN_POINT('',(269.473269754,327.724170612,138.5));
#599 = SURFACE_CURVE('',#600,(#613,#629),.PCURVE_S1.);
#600 = B_SPLINE_CURVE_WITH_KNOTS('',5,(#601,#602,#603,#604,#605,#606,
    #607,#608,#609,#610,#611,#612),.UNSPECIFIED.,.F.,.F.,(6,3,3,6),(0.,
    4.57903265674,9.15806556295,10.8358730247),.UNSPECIFIED.);
#601 = CARTESIAN_POINT('',(269.473273908,327.731775997,138.5));
#602 = CARTESIAN_POINT('',(269.47397994,328.378054582,138.5));
#603 = CARTESIAN_POINT('',(269.549681009,329.024250666,138.5));
#604 = CARTESIAN_POINT('',(269.700398445,329.658846553,138.5));
#605 = CARTESIAN_POINT('',(270.146277879,330.881302138,138.5));
#606 = CARTESIAN_POINT('',(270.860248769,331.969165083,138.5));
#607 = CARTESIAN_POINT('',(271.279119765,332.469139747,138.5));
#608 = CARTESIAN_POINT('',(271.925418151,333.079578561,138.5));
#609 = CARTESIAN_POINT('',(272.655487397,333.577818729,138.5));
#610 = CARTESIAN_POINT('',(272.857746144,333.703565833,138.5));
#611 = CARTESIAN_POINT('',(273.064182739,333.820018759,138.5));
#612 = CARTESIAN_POINT('',(273.275189304,333.927499927,138.5));
#613 = PCURVE('',#123,#614);
#614 = DEFINITIONAL_REPRESENTATION('',(#615),#628);
#615 = B_SPLINE_CURVE_WITH_KNOTS('',5,(#616,#617,#618,#619,#620,#621,
    #622,#623,#624,#625,#626,#627),.UNSPECIFIED.,.F.,.F.,(6,3,3,6),(0.,
    4.57903265674,9.15806556295,10.8358730247),.UNSPECIFIED.);
#616 = CARTESIAN_POINT('',(-16.59757112177,-5.621183358146));
#617 = CARTESIAN_POINT('',(-16.33292848898,-5.031572651988));
#618 = CARTESIAN_POINT('',(-15.99986686982,-4.47267195538));
#619 = CARTESIAN_POINT('',(-15.6030716561,-3.955002906969));
#620 = CARTESIAN_POINT('',(-14.69672884719,-3.021327995831));
#621 = CARTESIAN_POINT('',(-13.6006618215,-2.320016870803));
#622 = CARTESIAN_POINT('',(-13.01409738066,-2.034763066852));
#623 = CARTESIAN_POINT('',(-12.17482218099,-1.741583448511));
#624 = CARTESIAN_POINT('',(-11.30491604806,-1.585034130896));
#625 = CARTESIAN_POINT('',(-11.0689353623,-1.552877469865));
#626 = CARTESIAN_POINT('',(-10.83293786856,-1.530910797847));
#627 = CARTESIAN_POINT('',(-10.59643394717,-1.518999999657));
#628 = ( GEOMETRIC_REPRESENTATION_CONTEXT(2) 
PARAMETRIC_REPRESENTATION_CONTEXT() REPRESENTATION_CONTEXT('2D SPACE',''
  ) );
#629 = PCURVE('',#630,#635);
#630 = CYLINDRICAL_SURFACE('',#631,6.96173158754);
#631 = AXIS2_PLACEMENT_3D('',#632,#633,#634);
#632 = CARTESIAN_POINT('',(276.435001342,327.724170612,138.5));
#633 = DIRECTION('',(0.,0.,1.));
#634 = DIRECTION('',(1.,0.,-0.));
#635 = DEFINITIONAL_REPRESENTATION('',(#636),#662);
#636 = B_SPLINE_CURVE_WITH_KNOTS('',3,(#637,#638,#639,#640,#641,#642,
    #643,#644,#645,#646,#647,#648,#649,#650,#651,#652,#653,#654,#655,
    #656,#657,#658,#659,#660,#661),.UNSPECIFIED.,.F.,.F.,(4,1,1,1,1,1,1,
    1,1,1,1,1,1,1,1,1,1,1,1,1,1,1,4),(0.,0.492539682941,0.985079365882,
    1.477619048823,1.970158731764,2.462698414705,2.955238097645,
    3.447777780586,3.940317463527,4.432857146468,4.925396829409,
    5.41793651235,5.910476195291,6.403015878232,6.895555561173,
    7.388095244114,7.880634927055,8.373174609995,8.865714292936,
    9.358253975877,9.850793658818,10.343333341759,10.8358730247),
  .QUASI_UNIFORM_KNOTS.);
#637 = CARTESIAN_POINT('',(3.140500197436,0.));
#638 = CARTESIAN_POINT('',(3.123857717993,0.));
#639 = CARTESIAN_POINT('',(3.0905726245,0.));
#640 = CARTESIAN_POINT('',(3.040644396451,0.));
#641 = CARTESIAN_POINT('',(2.990715245147,0.));
#642 = CARTESIAN_POINT('',(2.940785365222,0.));
#643 = CARTESIAN_POINT('',(2.890855150185,0.));
#644 = CARTESIAN_POINT('',(2.840925104912,0.));
#645 = CARTESIAN_POINT('',(2.790995681333,0.));
#646 = CARTESIAN_POINT('',(2.741067132565,0.));
#647 = CARTESIAN_POINT('',(2.691139395443,0.));
#648 = CARTESIAN_POINT('',(2.641211936478,0.));
#649 = CARTESIAN_POINT('',(2.591283932779,0.));
#650 = CARTESIAN_POINT('',(2.541355051883,0.));
#651 = CARTESIAN_POINT('',(2.49142536257,0.));
#652 = CARTESIAN_POINT('',(2.441495185146,0.));
#653 = CARTESIAN_POINT('',(2.391565099271,0.));
#654 = CARTESIAN_POINT('',(2.341635244441,0.));
#655 = CARTESIAN_POINT('',(2.291707226325,0.));
#656 = CARTESIAN_POINT('',(2.241776311427,0.));
#657 = CARTESIAN_POINT('',(2.191859937219,0.));
#658 = CARTESIAN_POINT('',(2.141877903359,0.));
#659 = CARTESIAN_POINT('',(2.091856402557,0.));
#660 = CARTESIAN_POINT('',(2.058547001465,0.));
#661 = CARTESIAN_POINT('',(2.041914646398,0.));
#662 = ( GEOMETRIC_REPRESENTATION_CONTEXT(2) 
PARAMETRIC_REPRESENTATION_CONTEXT() REPRESENTATION_CONTEXT('2D SPACE',''
  ) );
#663 = ORIENTED_EDGE('',*,*,#664,.F.);
#664 = EDGE_CURVE('',#665,#597,#667,.T.);
#665 = VERTEX_POINT('',#666);
#666 = CARTESIAN_POINT('',(269.479895779,327.420504145,138.5));
#667 = SURFACE_CURVE('',#668,(#675,#685),.PCURVE_S1.);
#668 = B_SPLINE_CURVE_WITH_KNOTS('',5,(#669,#670,#671,#672,#673,#674),
  .UNSPECIFIED.,.F.,.F.,(6,6),(0.,0.42957701651),
  .PIECEWISE_BEZIER_KNOTS.);
#669 = CARTESIAN_POINT('',(269.479895779,327.420504145,138.5));
#670 = CARTESIAN_POINT('',(269.477245952,327.481195188,138.5));
#671 = CARTESIAN_POINT('',(269.475258119,327.541915131,138.5));
#672 = CARTESIAN_POINT('',(269.473932405,327.602672425,138.5));
#673 = CARTESIAN_POINT('',(269.473269755,327.663421729,138.5));
#674 = CARTESIAN_POINT('',(269.473269754,327.724170613,138.5));
#675 = PCURVE('',#123,#676);
#676 = DEFINITIONAL_REPRESENTATION('',(#677),#684);
#677 = B_SPLINE_CURVE_WITH_KNOTS('',5,(#678,#679,#680,#681,#682,#683),
  .UNSPECIFIED.,.F.,.F.,(6,6),(0.,0.42957701651),
  .PIECEWISE_BEZIER_KNOTS.);
#678 = CARTESIAN_POINT('',(-16.71867829203,-5.908005721876));
#679 = CARTESIAN_POINT('',(-16.69630528537,-5.851526762461));
#680 = CARTESIAN_POINT('',(-16.6733162298,-5.795291841978));
#681 = CARTESIAN_POINT('',(-16.64970755907,-5.739293297728));
#682 = CARTESIAN_POINT('',(-16.62549693195,-5.683572901317));
#683 = CARTESIAN_POINT('',(-16.60068163498,-5.628123573606));
#684 = ( GEOMETRIC_REPRESENTATION_CONTEXT(2) 
PARAMETRIC_REPRESENTATION_CONTEXT() REPRESENTATION_CONTEXT('2D SPACE',''
  ) );
#685 = PCURVE('',#686,#691);
#686 = CYLINDRICAL_SURFACE('',#687,6.96173158754);
#687 = AXIS2_PLACEMENT_3D('',#688,#689,#690);
#688 = CARTESIAN_POINT('',(276.435001342,327.724170612,138.5));
#689 = DIRECTION('',(0.,0.,1.));
#690 = DIRECTION('',(-1.,1.22464679915E-16,0.));
#691 = DEFINITIONAL_REPRESENTATION('',(#692),#695);
#692 = B_SPLINE_CURVE_WITH_KNOTS('',1,(#693,#694),.UNSPECIFIED.,.F.,.F.,
  (2,2),(0.,0.42957701651),.PIECEWISE_BEZIER_KNOTS.);
#693 = CARTESIAN_POINT('',(4.363323131295E-02,0.));
#694 = CARTESIAN_POINT('',(0.,0.));
#695 = ( GEOMETRIC_REPRESENTATION_CONTEXT(2) 
PARAMETRIC_REPRESENTATION_CONTEXT() REPRESENTATION_CONTEXT('2D SPACE',''
  ) );
#696 = ORIENTED_EDGE('',*,*,#697,.F.);
#697 = EDGE_CURVE('',#698,#665,#700,.T.);
#698 = VERTEX_POINT('',#699);
#699 = CARTESIAN_POINT('',(269.595108497,324.78169908,138.5));
#700 = SURFACE_CURVE('',#701,(#705,#712),.PCURVE_S1.);
#701 = LINE('',#702,#703);
#702 = CARTESIAN_POINT('',(269.537502138,326.101101613,138.5));
#703 = VECTOR('',#704,1.);
#704 = DIRECTION('',(-4.361938722062E-02,0.999048221588,0.));
#705 = PCURVE('',#123,#706);
#706 = DEFINITIONAL_REPRESENTATION('',(#707),#711);
#707 = LINE('',#708,#709);
#708 = CARTESIAN_POINT('',(-17.20505978677,-7.135839006822));
#709 = VECTOR('',#710,1.);
#710 = DIRECTION('',(0.368286823821,0.929712221819));
#711 = ( GEOMETRIC_REPRESENTATION_CONTEXT(2) 
PARAMETRIC_REPRESENTATION_CONTEXT() REPRESENTATION_CONTEXT('2D SPACE',''
  ) );
#712 = PCURVE('',#713,#718);
#713 = PLANE('',#714);
#714 = AXIS2_PLACEMENT_3D('',#715,#716,#717);
#715 = CARTESIAN_POINT('',(269.595108497,324.78169908,138.5));
#716 = DIRECTION('',(0.999048221582,4.361938736528E-02,-0.));
#717 = DIRECTION('',(-4.361938736528E-02,0.999048221582,0.));
#718 = DEFINITIONAL_REPRESENTATION('',(#719),#723);
#719 = LINE('',#720,#721);
#720 = CARTESIAN_POINT('',(1.320659508232,0.));
#721 = VECTOR('',#722,1.);
#722 = DIRECTION('',(1.,0.));
#723 = ( GEOMETRIC_REPRESENTATION_CONTEXT(2) 
PARAMETRIC_REPRESENTATION_CONTEXT() REPRESENTATION_CONTEXT('2D SPACE',''
  ) );
#724 = ORIENTED_EDGE('',*,*,#725,.F.);
#725 = EDGE_CURVE('',#726,#698,#728,.T.);
#726 = VERTEX_POINT('',#727);
#727 = CARTESIAN_POINT('',(274.866018756,318.33042714,138.5));
#728 = SURFACE_CURVE('',#729,(#742,#758),.PCURVE_S1.);
#729 = B_SPLINE_CURVE_WITH_KNOTS('',5,(#730,#731,#732,#733,#734,#735,
    #736,#737,#738,#739,#740,#741),.UNSPECIFIED.,.F.,.F.,(6,3,3,6),(0.,
    4.57901093468,9.15802186738,12.6547576486),.UNSPECIFIED.);
#730 = CARTESIAN_POINT('',(274.866018756,318.33042714,138.5));
#731 = CARTESIAN_POINT('',(274.238937037,318.486776173,138.5));
#732 = CARTESIAN_POINT('',(273.629998824,318.715892474,138.5));
#733 = CARTESIAN_POINT('',(273.050387857,319.015022581,138.5));
#734 = CARTESIAN_POINT('',(271.971317387,319.742217832,138.5));
#735 = CARTESIAN_POINT('',(271.08745004,320.697193548,138.5));
#736 = CARTESIAN_POINT('',(270.703084834,321.224157573,138.5));
#737 = CARTESIAN_POINT('',(270.139303206,322.223559782,138.5));
#738 = CARTESIAN_POINT('',(269.790548909,323.313389397,138.5));
#739 = CARTESIAN_POINT('',(269.681855165,323.797491731,138.5));
#740 = CARTESIAN_POINT('',(269.616635853,324.288641535,138.5));
#741 = CARTESIAN_POINT('',(269.595108496,324.78169908,138.5));
#742 = PCURVE('',#123,#743);
#743 = DEFINITIONAL_REPRESENTATION('',(#744),#757);
#744 = B_SPLINE_CURVE_WITH_KNOTS('',5,(#745,#746,#747,#748,#749,#750,
    #751,#752,#753,#754,#755,#756),.UNSPECIFIED.,.F.,.F.,(6,3,3,6),(0.,
    4.57901093468,9.15802186738,12.6547576486),.UNSPECIFIED.);
#745 = CARTESIAN_POINT('',(-15.51562858356,-16.40526689225));
#746 = CARTESIAN_POINT('',(-16.02413852844,-16.00640082653));
#747 = CARTESIAN_POINT('',(-16.48636306939,-15.54852693519));
#748 = CARTESIAN_POINT('',(-16.89321886457,-15.03872691958));
#749 = CARTESIAN_POINT('',(-17.58110252842,-13.93418082398));
#750 = CARTESIAN_POINT('',(-17.99776603375,-12.701463651));
#751 = CARTESIAN_POINT('',(-18.13334091702,-12.06346118528));
#752 = CARTESIAN_POINT('',(-18.23969428636,-10.92094490083));
#753 = CARTESIAN_POINT('',(-18.11284001567,-9.783726301169));
#754 = CARTESIAN_POINT('',(-18.01430077934,-9.297455369823));
#755 = CARTESIAN_POINT('',(-17.87320087512,-8.82251063024));
#756 = CARTESIAN_POINT('',(-17.69144128283,-8.363672292272));
#757 = ( GEOMETRIC_REPRESENTATION_CONTEXT(2) 
PARAMETRIC_REPRESENTATION_CONTEXT() REPRESENTATION_CONTEXT('2D SPACE',''
  ) );
#758 = PCURVE('',#759,#764);
#759 = CYLINDRICAL_SURFACE('',#760,6.96173158754);
#760 = AXIS2_PLACEMENT_3D('',#761,#762,#763);
#761 = CARTESIAN_POINT('',(276.550214059,325.085365547,138.5));
#762 = DIRECTION('',(0.,0.,1.));
#763 = DIRECTION('',(-1.,1.22464679915E-16,0.));
#764 = DEFINITIONAL_REPRESENTATION('',(#765),#768);
#765 = B_SPLINE_CURVE_WITH_KNOTS('',1,(#766,#767),.UNSPECIFIED.,.F.,.F.,
  (2,2),(0.,12.6547576486),.PIECEWISE_BEZIER_KNOTS.);
#766 = CARTESIAN_POINT('',(1.326450231425,0.));
#767 = CARTESIAN_POINT('',(4.363323131294E-02,0.));
#768 = ( GEOMETRIC_REPRESENTATION_CONTEXT(2) 
PARAMETRIC_REPRESENTATION_CONTEXT() REPRESENTATION_CONTEXT('2D SPACE',''
  ) );
#769 = ORIENTED_EDGE('',*,*,#770,.F.);
#770 = EDGE_CURVE('',#771,#726,#773,.T.);
#771 = VERTEX_POINT('',#772);
#772 = CARTESIAN_POINT('',(277.008031347,317.796363419,138.5));
#773 = SURFACE_CURVE('',#774,(#778,#785),.PCURVE_S1.);
#774 = LINE('',#775,#776);
#775 = CARTESIAN_POINT('',(275.937025051,318.06339528,138.5));
#776 = VECTOR('',#777,1.);
#777 = DIRECTION('',(-0.970295726333,0.24192189537,0.));
#778 = PCURVE('',#123,#779);
#779 = DEFINITIONAL_REPRESENTATION('',(#780),#784);
#780 = LINE('',#781,#782);
#781 = CARTESIAN_POINT('',(-14.64713355994,-17.08649878533));
#782 = VECTOR('',#783,1.);
#783 = DIRECTION('',(-0.786827317046,0.617173211627));
#784 = ( GEOMETRIC_REPRESENTATION_CONTEXT(2) 
PARAMETRIC_REPRESENTATION_CONTEXT() REPRESENTATION_CONTEXT('2D SPACE',''
  ) );
#785 = PCURVE('',#786,#791);
#786 = PLANE('',#787);
#787 = AXIS2_PLACEMENT_3D('',#788,#789,#790);
#788 = CARTESIAN_POINT('',(280.482873901,316.929987864,138.5));
#789 = DIRECTION('',(0.2419218956,0.970295726276,-0.));
#790 = DIRECTION('',(-0.970295726276,0.2419218956,0.));
#791 = DEFINITIONAL_REPRESENTATION('',(#792),#796);
#792 = LINE('',#793,#794);
#793 = CARTESIAN_POINT('',(4.685013782017,0.));
#794 = VECTOR('',#795,1.);
#795 = DIRECTION('',(1.,0.));
#796 = ( GEOMETRIC_REPRESENTATION_CONTEXT(2) 
PARAMETRIC_REPRESENTATION_CONTEXT() REPRESENTATION_CONTEXT('2D SPACE',''
  ) );
#797 = ORIENTED_EDGE('',*,*,#798,.T.);
#798 = EDGE_CURVE('',#771,#799,#801,.T.);
#799 = VERTEX_POINT('',#800);
#800 = CARTESIAN_POINT('',(290.778759907,302.899273191,138.5));
#801 = SURFACE_CURVE('',#802,(#815,#831),.PCURVE_S1.);
#802 = B_SPLINE_CURVE_WITH_KNOTS('',5,(#803,#804,#805,#806,#807,#808,
    #809,#810,#811,#812,#813,#814),.UNSPECIFIED.,.F.,.F.,(6,3,3,6),(0.,
    11.9413907576,23.8827815103,30.4213365873),.UNSPECIFIED.);
#803 = CARTESIAN_POINT('',(277.008031347,317.796363419,138.5));
#804 = CARTESIAN_POINT('',(278.643613976,317.388566868,138.5));
#805 = CARTESIAN_POINT('',(280.232749871,316.79448491,138.5));
#806 = CARTESIAN_POINT('',(281.747330558,316.021042145,138.5));
#807 = CARTESIAN_POINT('',(284.573327129,314.143037017,138.5));
#808 = CARTESIAN_POINT('',(286.904627974,311.677640206,138.5));
#809 = CARTESIAN_POINT('',(287.92440986,310.316679783,138.5));
#810 = CARTESIAN_POINT('',(289.248675416,308.049610353,138.5));
#811 = CARTESIAN_POINT('',(290.152220951,305.597045921,138.5));
#812 = CARTESIAN_POINT('',(290.417314918,304.710428988,138.5));
#813 = CARTESIAN_POINT('',(290.62642323,303.809601274,138.5));
#814 = CARTESIAN_POINT('',(290.778759907,302.899273191,138.5));
#815 = PCURVE('',#123,#816);
#816 = DEFINITIONAL_REPRESENTATION('',(#817),#830);
#817 = B_SPLINE_CURVE_WITH_KNOTS('',5,(#818,#819,#820,#821,#822,#823,
    #824,#825,#826,#827,#828,#829),.UNSPECIFIED.,.F.,.F.,(6,3,3,6),(0.,
    11.9413907576,23.8827815103,30.4213365873),.UNSPECIFIED.);
#818 = CARTESIAN_POINT('',(-13.77863853583,-17.76773067973));
#819 = CARTESIAN_POINT('',(-12.45232011924,-18.80807101881));
#820 = CARTESIAN_POINT('',(-11.24449224186,-19.99947274964));
#821 = CARTESIAN_POINT('',(-10.17798264754,-21.32413333008));
#822 = CARTESIAN_POINT('',(-8.365663722586,-24.19269742982));
#823 = CARTESIAN_POINT('',(-7.244828196945,-27.39533271815));
#824 = CARTESIAN_POINT('',(-6.86994754448,-29.05413736741));
#825 = CARTESIAN_POINT('',(-6.587281758824,-31.66438316366));
#826 = CARTESIAN_POINT('',(-6.764406409439,-34.27208208898));
#827 = CARTESIAN_POINT('',(-6.88461242274,-35.18964130319));
#828 = CARTESIAN_POINT('',(-7.061725023361,-36.09730202348));
#829 = CARTESIAN_POINT('',(-7.294537469552,-36.99044369576));
#830 = ( GEOMETRIC_REPRESENTATION_CONTEXT(2) 
PARAMETRIC_REPRESENTATION_CONTEXT() REPRESENTATION_CONTEXT('2D SPACE',''
  ) );
#831 = PCURVE('',#832,#837);
#832 = CYLINDRICAL_SURFACE('',#833,18.5);
#833 = AXIS2_PLACEMENT_3D('',#834,#835,#836);
#834 = CARTESIAN_POINT('',(272.532476278,299.845892483,89.615));
#835 = DIRECTION('',(0.,-0.,1.));
#836 = DIRECTION('',(0.986285601537,0.165047605861,0.));
#837 = DEFINITIONAL_REPRESENTATION('',(#838),#841);
#838 = B_SPLINE_CURVE_WITH_KNOTS('',1,(#839,#840),.UNSPECIFIED.,.F.,.F.,
  (2,2),(0.,30.4213365873),.PIECEWISE_BEZIER_KNOTS.);
#839 = CARTESIAN_POINT('',(1.160643952553,48.885));
#840 = CARTESIAN_POINT('',(0.,48.885));
#841 = ( GEOMETRIC_REPRESENTATION_CONTEXT(2) 
PARAMETRIC_REPRESENTATION_CONTEXT() REPRESENTATION_CONTEXT('2D SPACE',''
  ) );
#842 = ORIENTED_EDGE('',*,*,#843,.F.);
#843 = EDGE_CURVE('',#844,#799,#846,.T.);
#844 = VERTEX_POINT('',#845);
#845 = CARTESIAN_POINT('',(291.151647823,300.670982868,138.5));
#846 = SURFACE_CURVE('',#847,(#851,#858),.PCURVE_S1.);
#847 = LINE('',#848,#849);
#848 = CARTESIAN_POINT('',(290.965203864,301.78512803,138.5));
#849 = VECTOR('',#850,1.);
#850 = DIRECTION('',(-0.165047604972,0.986285601686,0.));
#851 = PCURVE('',#123,#852);
#852 = DEFINITIONAL_REPRESENTATION('',(#853),#857);
#853 = LINE('',#854,#855);
#854 = CARTESIAN_POINT('',(-7.579475248153,-38.08355450954));
#855 = VECTOR('',#856,1.);
#856 = DIRECTION('',(0.252238252387,0.967665161114));
#857 = ( GEOMETRIC_REPRESENTATION_CONTEXT(2) 
PARAMETRIC_REPRESENTATION_CONTEXT() REPRESENTATION_CONTEXT('2D SPACE',''
  ) );
#858 = PCURVE('',#859,#864);
#859 = PLANE('',#860);
#860 = AXIS2_PLACEMENT_3D('',#861,#862,#863);
#861 = CARTESIAN_POINT('',(291.151647822,300.670982869,138.5));
#862 = DIRECTION('',(0.986285601537,0.165047605861,-0.));
#863 = DIRECTION('',(-0.165047605861,0.986285601537,0.));
#864 = DEFINITIONAL_REPRESENTATION('',(#865),#869);
#865 = LINE('',#866,#867);
#866 = CARTESIAN_POINT('',(1.129637459212,0.));
#867 = VECTOR('',#868,1.);
#868 = DIRECTION('',(1.,0.));
#869 = ( GEOMETRIC_REPRESENTATION_CONTEXT(2) 
PARAMETRIC_REPRESENTATION_CONTEXT() REPRESENTATION_CONTEXT('2D SPACE',''
  ) );
#870 = ORIENTED_EDGE('',*,*,#871,.F.);
#871 = EDGE_CURVE('',#872,#844,#874,.T.);
#872 = VERTEX_POINT('',#873);
#873 = CARTESIAN_POINT('',(298.200140336,294.860654024,138.5));
#874 = SURFACE_CURVE('',#875,(#891,#910),.PCURVE_S1.);
#875 = B_SPLINE_CURVE_WITH_KNOTS('',5,(#876,#877,#878,#879,#880,#881,
    #882,#883,#884,#885,#886,#887,#888,#889,#890),.UNSPECIFIED.,.F.,.F.,
  (6,3,3,3,6),(0.,4.57992971321,9.15985940723,13.7397892483,
    14.1209872556),.UNSPECIFIED.);
#876 = CARTESIAN_POINT('',(298.200140336,294.860654024,138.5));
#877 = CARTESIAN_POINT('',(297.554082828,294.843736412,138.5));
#878 = CARTESIAN_POINT('',(296.906062748,294.901788201,138.5));
#879 = CARTESIAN_POINT('',(296.267592949,295.035144779,138.5));
#880 = CARTESIAN_POINT('',(295.033433298,295.447523233,138.5));
#881 = CARTESIAN_POINT('',(293.926505636,296.131563642,138.5));
#882 = CARTESIAN_POINT('',(293.415294619,296.536645084,138.5));
#883 = CARTESIAN_POINT('',(292.496338604,297.457908306,138.5));
#884 = CARTESIAN_POINT('',(291.812771972,298.565128626,138.5));
#885 = CARTESIAN_POINT('',(291.537002503,299.156211351,138.5));
#886 = CARTESIAN_POINT('',(291.315328498,299.825210091,138.5));
#887 = CARTESIAN_POINT('',(291.17982067,300.512073727,138.5));
#888 = CARTESIAN_POINT('',(291.169916478,300.564961498,138.5));
#889 = CARTESIAN_POINT('',(291.160525945,300.617929309,138.5));
#890 = CARTESIAN_POINT('',(291.151647823,300.670982869,138.5));
#891 = PCURVE('',#123,#892);
#892 = DEFINITIONAL_REPRESENTATION('',(#893),#909);
#893 = B_SPLINE_CURVE_WITH_KNOTS('',5,(#894,#895,#896,#897,#898,#899,
    #900,#901,#902,#903,#904,#905,#906,#907,#908),.UNSPECIFIED.,.F.,.F.,
  (6,3,3,3,6),(0.,4.57992971321,9.15985940723,13.7397892483,
    14.1209872556),.UNSPECIFIED.);
#894 = CARTESIAN_POINT('',(-3.804270500253,-47.35935502082));
#895 = CARTESIAN_POINT('',(-4.400878493879,-47.11088890406));
#896 = CARTESIAN_POINT('',(-4.968653616753,-46.79319180911));
#897 = CARTESIAN_POINT('',(-5.496950361258,-46.41066048899));
#898 = CARTESIAN_POINT('',(-6.454993117317,-45.53011514033));
#899 = CARTESIAN_POINT('',(-7.185932104063,-44.45357980524));
#900 = CARTESIAN_POINT('',(-7.487074925915,-43.87501202235));
#901 = CARTESIAN_POINT('',(-7.949537274519,-42.65873300097));
#902 = CARTESIAN_POINT('',(-8.121183355262,-41.36887339606));
#903 = CARTESIAN_POINT('',(-8.131444245855,-40.71670600808));
#904 = CARTESIAN_POINT('',(-8.060500908714,-40.01551721643));
#905 = CARTESIAN_POINT('',(-7.903610654973,-39.33322001272));
#906 = CARTESIAN_POINT('',(-7.891046720336,-39.28090025654));
#907 = CARTESIAN_POINT('',(-7.877981241301,-39.22871726727));
#908 = CARTESIAN_POINT('',(-7.864413024928,-39.17666532414));
#909 = ( GEOMETRIC_REPRESENTATION_CONTEXT(2) 
PARAMETRIC_REPRESENTATION_CONTEXT() REPRESENTATION_CONTEXT('2D SPACE',''
  ) );
#910 = PCURVE('',#911,#916);
#911 = CYLINDRICAL_SURFACE('',#912,6.96173158754);
#912 = AXIS2_PLACEMENT_3D('',#913,#914,#915);
#913 = CARTESIAN_POINT('',(298.017903449,301.82,138.5));
#914 = DIRECTION('',(0.,0.,1.));
#915 = DIRECTION('',(-1.,1.22464679915E-16,0.));
#916 = DEFINITIONAL_REPRESENTATION('',(#917),#920);
#917 = B_SPLINE_CURVE_WITH_KNOTS('',1,(#918,#919),.UNSPECIFIED.,.F.,.F.,
  (2,2),(0.,14.1209872556),.PIECEWISE_BEZIER_KNOTS.);
#918 = CARTESIAN_POINT('',(1.596976265446,0.));
#919 = CARTESIAN_POINT('',(0.165806278929,0.));
#920 = ( GEOMETRIC_REPRESENTATION_CONTEXT(2) 
PARAMETRIC_REPRESENTATION_CONTEXT() REPRESENTATION_CONTEXT('2D SPACE',''
  ) );
#921 = ORIENTED_EDGE('',*,*,#922,.F.);
#922 = EDGE_CURVE('',#923,#872,#925,.T.);
#923 = VERTEX_POINT('',#924);
#924 = CARTESIAN_POINT('',(302.640869249,294.976938603,138.5));
#925 = SURFACE_CURVE('',#926,(#930,#937),.PCURVE_S1.);
#926 = LINE('',#927,#928);
#927 = CARTESIAN_POINT('',(300.420504792,294.918796313,138.5));
#928 = VECTOR('',#929,1.);
#929 = DIRECTION('',(-0.999657324971,-2.617694846542E-02,0.));
#930 = PCURVE('',#123,#931);
#931 = DEFINITIONAL_REPRESENTATION('',(#932),#936);
#932 = LINE('',#933,#934);
#933 = CARTESIAN_POINT('',(-1.753853678248,-48.21328107106));
#934 = VECTOR('',#935,1.);
#935 = DIRECTION('',(-0.923143130926,0.384456447239));
#936 = ( GEOMETRIC_REPRESENTATION_CONTEXT(2) 
PARAMETRIC_REPRESENTATION_CONTEXT() REPRESENTATION_CONTEXT('2D SPACE',''
  ) );
#937 = PCURVE('',#938,#943);
#938 = PLANE('',#939);
#939 = AXIS2_PLACEMENT_3D('',#940,#941,#942);
#940 = CARTESIAN_POINT('',(302.641646394,294.976958953,138.5));
#941 = DIRECTION('',(-2.617694830788E-02,0.999657324976,0.));
#942 = DIRECTION('',(-0.999657324976,-2.617694830788E-02,0.));
#943 = DEFINITIONAL_REPRESENTATION('',(#944),#948);
#944 = LINE('',#945,#946);
#945 = CARTESIAN_POINT('',(2.221902992668,0.));
#946 = VECTOR('',#947,1.);
#947 = DIRECTION('',(1.,0.));
#948 = ( GEOMETRIC_REPRESENTATION_CONTEXT(2) 
PARAMETRIC_REPRESENTATION_CONTEXT() REPRESENTATION_CONTEXT('2D SPACE',''
  ) );
#949 = ORIENTED_EDGE('',*,*,#950,.F.);
#950 = EDGE_CURVE('',#951,#923,#953,.T.);
#951 = VERTEX_POINT('',#952);
#952 = CARTESIAN_POINT('',(308.559975199,298.58025181,138.5));
#953 = SURFACE_CURVE('',#954,(#967,#983),.PCURVE_S1.);
#954 = B_SPLINE_CURVE_WITH_KNOTS('',5,(#955,#956,#957,#958,#959,#960,
    #961,#962,#963,#964,#965,#966),.UNSPECIFIED.,.F.,.F.,(6,3,3,6),(0.,
    4.58258063222,9.16516152293,10.2763588941),.UNSPECIFIED.);
#955 = CARTESIAN_POINT('',(308.5599752,298.58025181,138.5));
#956 = CARTESIAN_POINT('',(308.247711238,298.013873962,138.5));
#957 = CARTESIAN_POINT('',(307.869772713,297.483705456,138.5));
#958 = CARTESIAN_POINT('',(307.431686886,296.999841556,138.5));
#959 = CARTESIAN_POINT('',(306.451442228,296.142641987,138.5));
#960 = CARTESIAN_POINT('',(305.301052945,295.532503237,138.5));
#961 = CARTESIAN_POINT('',(304.692781944,295.29575495,138.5));
#962 = CARTESIAN_POINT('',(303.909911752,295.091934248,138.5));
#963 = CARTESIAN_POINT('',(303.110972044,295.002767631,138.5));
#964 = CARTESIAN_POINT('',(302.954293461,294.989733473,138.5));
#965 = CARTESIAN_POINT('',(302.797640307,294.981132046,138.5));
#966 = CARTESIAN_POINT('',(302.640869249,294.976938603,138.5));
#967 = PCURVE('',#123,#968);
#968 = DEFINITIONAL_REPRESENTATION('',(#969),#982);
#969 = B_SPLINE_CURVE_WITH_KNOTS('',5,(#970,#971,#972,#973,#974,#975,
    #976,#977,#978,#979,#980,#981),.UNSPECIFIED.,.F.,.F.,(6,3,3,6),(0.,
    4.58258063222,9.16516152293,10.2763588941),.UNSPECIFIED.);
#970 = CARTESIAN_POINT('',(7.171220032736,-48.19613077289));
#971 = CARTESIAN_POINT('',(6.654837515392,-48.58554282259));
#972 = CARTESIAN_POINT('',(6.093300839638,-48.91507694103));
#973 = CARTESIAN_POINT('',(5.495778896341,-49.1777763754));
#974 = CARTESIAN_POINT('',(4.250890685275,-49.55977641805));
#975 = CARTESIAN_POINT('',(2.951622591581,-49.64676617262));
#976 = CARTESIAN_POINT('',(2.299706136822,-49.61438874114));
#977 = CARTESIAN_POINT('',(1.501872600555,-49.48063424778));
#978 = CARTESIAN_POINT('',(0.736206427568,-49.23566352677));
#979 = CARTESIAN_POINT('',(0.587871710121,-49.18355902365));
#980 = CARTESIAN_POINT('',(0.441370928604,-49.12741887564));
#981 = CARTESIAN_POINT('',(0.296563145078,-49.0672071208));
#982 = ( GEOMETRIC_REPRESENTATION_CONTEXT(2) 
PARAMETRIC_REPRESENTATION_CONTEXT() REPRESENTATION_CONTEXT('2D SPACE',''
  ) );
#983 = PCURVE('',#984,#989);
#984 = CYLINDRICAL_SURFACE('',#985,6.972);
#985 = AXIS2_PLACEMENT_3D('',#986,#987,#988);
#986 = CARTESIAN_POINT('',(302.454443065,301.946445707,138.5));
#987 = DIRECTION('',(0.,0.,1.));
#988 = DIRECTION('',(-1.,1.22464679915E-16,0.));
#989 = DEFINITIONAL_REPRESENTATION('',(#990),#993);
#990 = B_SPLINE_CURVE_WITH_KNOTS('',1,(#991,#992),.UNSPECIFIED.,.F.,.F.,
  (2,2),(0.,10.2763588941),.PIECEWISE_BEZIER_KNOTS.);
#991 = CARTESIAN_POINT('',(2.637725026096,0.));
#992 = CARTESIAN_POINT('',(1.597538783277,0.));
#993 = ( GEOMETRIC_REPRESENTATION_CONTEXT(2) 
PARAMETRIC_REPRESENTATION_CONTEXT() REPRESENTATION_CONTEXT('2D SPACE',''
  ) );
#994 = ORIENTED_EDGE('',*,*,#995,.T.);
#995 = EDGE_CURVE('',#951,#996,#998,.T.);
#996 = VERTEX_POINT('',#997);
#997 = CARTESIAN_POINT('',(308.588667051,298.632024479,138.5));
#998 = SURFACE_CURVE('',#999,(#1006,#1016),.PCURVE_S1.);
#999 = B_SPLINE_CURVE_WITH_KNOTS('',5,(#1000,#1001,#1002,#1003,#1004,
    #1005),.UNSPECIFIED.,.F.,.F.,(6,6),(0.,8.3709447307E-02),
  .PIECEWISE_BEZIER_KNOTS.);
#1000 = CARTESIAN_POINT('',(308.5599752,298.58025181,138.5));
#1001 = CARTESIAN_POINT('',(308.565690921,298.590618866,138.5));
#1002 = CARTESIAN_POINT('',(308.571417975,298.600979674,138.5));
#1003 = CARTESIAN_POINT('',(308.577156367,298.611334249,138.5));
#1004 = CARTESIAN_POINT('',(308.582906057,298.621682513,138.5));
#1005 = CARTESIAN_POINT('',(308.588667051,298.632024479,138.5));
#1006 = PCURVE('',#123,#1007);
#1007 = DEFINITIONAL_REPRESENTATION('',(#1008),#1015);
#1008 = B_SPLINE_CURVE_WITH_KNOTS('',5,(#1009,#1010,#1011,#1012,#1013,
    #1014),.UNSPECIFIED.,.F.,.F.,(6,6),(0.,8.3709447307E-02),
  .PIECEWISE_BEZIER_KNOTS.);
#1009 = CARTESIAN_POINT('',(7.171220032736,-48.19613077289));
#1010 = CARTESIAN_POINT('',(7.18067196715,-48.18900292241));
#1011 = CARTESIAN_POINT('',(7.190131693662,-48.18188540428));
#1012 = CARTESIAN_POINT('',(7.199599222963,-48.17477820687));
#1013 = CARTESIAN_POINT('',(7.20907448668,-48.16768138501));
#1014 = CARTESIAN_POINT('',(7.2185574956,-48.16059492931));
#1015 = ( GEOMETRIC_REPRESENTATION_CONTEXT(2) 
PARAMETRIC_REPRESENTATION_CONTEXT() REPRESENTATION_CONTEXT('2D SPACE',''
  ) );
#1016 = PCURVE('',#1017,#1022);
#1017 = CYLINDRICAL_SURFACE('',#1018,13.538);
#1018 = AXIS2_PLACEMENT_3D('',#1019,#1020,#1021);
#1019 = CARTESIAN_POINT('',(320.415496433,292.043887356,89.615));
#1020 = DIRECTION('',(2.47758881916E-14,4.44769434722E-14,1.));
#1021 = DIRECTION('',(-0.873602406733,0.486640354832,-2.473867798773E-26
    ));
#1022 = DEFINITIONAL_REPRESENTATION('',(#1023),#1026);
#1023 = B_SPLINE_CURVE_WITH_KNOTS('',1,(#1024,#1025),.UNSPECIFIED.,.F.,
  .F.,(2,2),(0.,8.3709447307E-02),.PIECEWISE_BEZIER_KNOTS.);
#1024 = CARTESIAN_POINT('',(4.372250690068E-03,48.885));
#1025 = CARTESIAN_POINT('',(0.,48.885));
#1026 = ( GEOMETRIC_REPRESENTATION_CONTEXT(2) 
PARAMETRIC_REPRESENTATION_CONTEXT() REPRESENTATION_CONTEXT('2D SPACE',''
  ) );
#1027 = ORIENTED_EDGE('',*,*,#1028,.F.);
#1028 = EDGE_CURVE('',#1029,#996,#1031,.T.);
#1029 = VERTEX_POINT('',#1030);
#1030 = CARTESIAN_POINT('',(315.530389698,311.093600161,138.5));
#1031 = SURFACE_CURVE('',#1032,(#1036,#1043),.PCURVE_S1.);
#1032 = LINE('',#1033,#1034);
#1033 = CARTESIAN_POINT('',(312.059528375,304.86281232,138.5));
#1034 = VECTOR('',#1035,1.);
#1035 = DIRECTION('',(-0.486640354818,-0.87360240674,0.));
#1036 = PCURVE('',#123,#1037);
#1037 = DEFINITIONAL_REPRESENTATION('',(#1038),#1042);
#1038 = LINE('',#1039,#1040);
#1039 = CARTESIAN_POINT('',(12.931844045715,-43.89117433088));
#1040 = VECTOR('',#1041,1.);
#1041 = DIRECTION('',(-0.801044909185,-0.59860425447));
#1042 = ( GEOMETRIC_REPRESENTATION_CONTEXT(2) 
PARAMETRIC_REPRESENTATION_CONTEXT() REPRESENTATION_CONTEXT('2D SPACE',''
  ) );
#1043 = PCURVE('',#1044,#1049);
#1044 = PLANE('',#1045);
#1045 = AXIS2_PLACEMENT_3D('',#1046,#1047,#1048);
#1046 = CARTESIAN_POINT('',(318.20691165,315.898413398,138.5));
#1047 = DIRECTION('',(-0.873602406733,0.486640354832,0.));
#1048 = DIRECTION('',(-0.486640354832,-0.873602406733,0.));
#1049 = DEFINITIONAL_REPRESENTATION('',(#1050),#1054);
#1050 = LINE('',#1051,#1052);
#1051 = CARTESIAN_POINT('',(12.632292439716,0.));
#1052 = VECTOR('',#1053,1.);
#1053 = DIRECTION('',(1.,0.));
#1054 = ( GEOMETRIC_REPRESENTATION_CONTEXT(2) 
PARAMETRIC_REPRESENTATION_CONTEXT() REPRESENTATION_CONTEXT('2D SPACE',''
  ) );
#1055 = ORIENTED_EDGE('',*,*,#1056,.F.);
#1056 = EDGE_CURVE('',#1057,#1029,#1059,.T.);
#1057 = VERTEX_POINT('',#1058);
#1058 = CARTESIAN_POINT('',(318.18439381,309.615186763,138.5));
#1059 = SURFACE_CURVE('',#1060,(#1064,#1071),.PCURVE_S1.);
#1060 = LINE('',#1061,#1062);
#1061 = CARTESIAN_POINT('',(316.857391754,310.354393462,138.5));
#1062 = VECTOR('',#1063,1.);
#1063 = DIRECTION('',(-0.873602406684,0.486640354919,0.));
#1064 = PCURVE('',#123,#1065);
#1065 = DEFINITIONAL_REPRESENTATION('',(#1066),#1070);
#1066 = LINE('',#1067,#1068);
#1067 = CARTESIAN_POINT('',(19.554410457592,-40.8385409492));
#1068 = VECTOR('',#1069,1.);
#1069 = DIRECTION('',(-0.598604254377,0.801044909254));
#1070 = ( GEOMETRIC_REPRESENTATION_CONTEXT(2) 
PARAMETRIC_REPRESENTATION_CONTEXT() REPRESENTATION_CONTEXT('2D SPACE',''
  ) );
#1071 = PCURVE('',#1072,#1077);
#1072 = CYLINDRICAL_SURFACE('',#1073,5.5);
#1073 = AXIS2_PLACEMENT_3D('',#1074,#1075,#1076);
#1074 = CARTESIAN_POINT('',(410.20927568,258.352712185,144.));
#1075 = DIRECTION('',(-0.873602406733,0.486640354832,0.));
#1076 = DIRECTION('',(0.486640354832,0.873602406733,0.));
#1077 = DEFINITIONAL_REPRESENTATION('',(#1078),#1082);
#1078 = LINE('',#1079,#1080);
#1079 = CARTESIAN_POINT('',(1.570796326838,106.85854709927));
#1080 = VECTOR('',#1081,1.);
#1081 = DIRECTION('',(-1.81562759834E-11,1.));
#1082 = ( GEOMETRIC_REPRESENTATION_CONTEXT(2) 
PARAMETRIC_REPRESENTATION_CONTEXT() REPRESENTATION_CONTEXT('2D SPACE',''
  ) );
#1083 = ORIENTED_EDGE('',*,*,#1084,.T.);
#1084 = EDGE_CURVE('',#1057,#1085,#1087,.T.);
#1085 = VERTEX_POINT('',#1086);
#1086 = CARTESIAN_POINT('',(311.242671162,297.153611081,138.5));
#1087 = SURFACE_CURVE('',#1088,(#1092,#1099),.PCURVE_S1.);
#1088 = LINE('',#1089,#1090);
#1089 = CARTESIAN_POINT('',(314.713532486,303.384398922,138.5));
#1090 = VECTOR('',#1091,1.);
#1091 = DIRECTION('',(-0.486640354818,-0.87360240674,0.));
#1092 = PCURVE('',#123,#1093);
#1093 = DEFINITIONAL_REPRESENTATION('',(#1094),#1098);
#1094 = LINE('',#1095,#1096);
#1095 = CARTESIAN_POINT('',(14.750403770151,-46.32474876477));
#1096 = VECTOR('',#1097,1.);
#1097 = DIRECTION('',(-0.801044909185,-0.59860425447));
#1098 = ( GEOMETRIC_REPRESENTATION_CONTEXT(2) 
PARAMETRIC_REPRESENTATION_CONTEXT() REPRESENTATION_CONTEXT('2D SPACE',''
  ) );
#1099 = PCURVE('',#1100,#1105);
#1100 = PLANE('',#1101);
#1101 = AXIS2_PLACEMENT_3D('',#1102,#1103,#1104);
#1102 = CARTESIAN_POINT('',(320.860915761,314.42,138.5));
#1103 = DIRECTION('',(-0.873602406733,0.486640354832,0.));
#1104 = DIRECTION('',(-0.486640354832,-0.873602406733,0.));
#1105 = DEFINITIONAL_REPRESENTATION('',(#1106),#1110);
#1106 = LINE('',#1107,#1108);
#1107 = CARTESIAN_POINT('',(12.632292439716,0.));
#1108 = VECTOR('',#1109,1.);
#1109 = DIRECTION('',(1.,0.));
#1110 = ( GEOMETRIC_REPRESENTATION_CONTEXT(2) 
PARAMETRIC_REPRESENTATION_CONTEXT() REPRESENTATION_CONTEXT('2D SPACE',''
  ) );
#1111 = ORIENTED_EDGE('',*,*,#1112,.F.);
#1112 = EDGE_CURVE('',#1113,#1085,#1115,.T.);
#1113 = VERTEX_POINT('',#1114);
#1114 = CARTESIAN_POINT('',(311.220417917,297.113456477,138.5));
#1115 = SURFACE_CURVE('',#1116,(#1123,#1133),.PCURVE_S1.);
#1116 = B_SPLINE_CURVE_WITH_KNOTS('',5,(#1117,#1118,#1119,#1120,#1121,
    #1122),.UNSPECIFIED.,.F.,.F.,(6,6),(0.,6.49245978408E-02),
  .PIECEWISE_BEZIER_KNOTS.);
#1117 = CARTESIAN_POINT('',(311.220417917,297.113456477,138.5));
#1118 = CARTESIAN_POINT('',(311.224850999,297.12149711,138.5));
#1119 = CARTESIAN_POINT('',(311.229292871,297.129532897,138.5));
#1120 = CARTESIAN_POINT('',(311.233743538,297.13756385,138.5));
#1121 = CARTESIAN_POINT('',(311.238202966,297.145589908,138.5));
#1122 = CARTESIAN_POINT('',(311.242671162,297.153611081,138.5));
#1123 = PCURVE('',#123,#1124);
#1124 = DEFINITIONAL_REPRESENTATION('',(#1125),#1132);
#1125 = B_SPLINE_CURVE_WITH_KNOTS('',5,(#1126,#1127,#1128,#1129,#1130,
    #1131),.UNSPECIFIED.,.F.,.F.,(6,6),(0.,6.49245978408E-02),
  .PIECEWISE_BEZIER_KNOTS.);
#1126 = CARTESIAN_POINT('',(9.000402538575,-50.62173077282));
#1127 = CARTESIAN_POINT('',(9.007733407696,-50.61620245002));
#1128 = CARTESIAN_POINT('',(9.015070320461,-50.61068214109));
#1129 = CARTESIAN_POINT('',(9.022413286336,-50.60516983713));
#1130 = CARTESIAN_POINT('',(9.02976224937,-50.59966557992));
#1131 = CARTESIAN_POINT('',(9.037117220036,-50.59416936319));
#1132 = ( GEOMETRIC_REPRESENTATION_CONTEXT(2) 
PARAMETRIC_REPRESENTATION_CONTEXT() REPRESENTATION_CONTEXT('2D SPACE',''
  ) );
#1133 = PCURVE('',#1134,#1139);
#1134 = CYLINDRICAL_SURFACE('',#1135,10.5);
#1135 = AXIS2_PLACEMENT_3D('',#1136,#1137,#1138);
#1136 = CARTESIAN_POINT('',(320.415496433,292.043887356,89.615));
#1137 = DIRECTION('',(2.47758881916E-14,4.44769434722E-14,1.));
#1138 = DIRECTION('',(-0.873602406733,0.486640354832,-2.473867798773E-26
    ));
#1139 = DEFINITIONAL_REPRESENTATION('',(#1140),#1143);
#1140 = B_SPLINE_CURVE_WITH_KNOTS('',1,(#1141,#1142),.UNSPECIFIED.,.F.,
  .F.,(2,2),(0.,6.49245978408E-02),.PIECEWISE_BEZIER_KNOTS.);
#1141 = CARTESIAN_POINT('',(4.372250743199E-03,48.885));
#1142 = CARTESIAN_POINT('',(0.,48.885));
#1143 = ( GEOMETRIC_REPRESENTATION_CONTEXT(2) 
PARAMETRIC_REPRESENTATION_CONTEXT() REPRESENTATION_CONTEXT('2D SPACE',''
  ) );
#1144 = ORIENTED_EDGE('',*,*,#1145,.T.);
#1145 = EDGE_CURVE('',#1113,#1146,#1148,.T.);
#1146 = VERTEX_POINT('',#1147);
#1147 = CARTESIAN_POINT('',(302.721171963,291.94,138.5));
#1148 = SURFACE_CURVE('',#1149,(#1162,#1178),.PCURVE_S1.);
#1149 = B_SPLINE_CURVE_WITH_KNOTS('',5,(#1150,#1151,#1152,#1153,#1154,
    #1155,#1156,#1157,#1158,#1159,#1160,#1161),.UNSPECIFIED.,.F.,.F.,(6,
    3,3,6),(0.,6.58920053688,13.1784011149,14.7556638306),
  .UNSPECIFIED.);
#1150 = CARTESIAN_POINT('',(311.220417917,297.113456477,138.5));
#1151 = CARTESIAN_POINT('',(310.77142336,296.299079534,138.5));
#1152 = CARTESIAN_POINT('',(310.22785748,295.53684373,138.5));
#1153 = CARTESIAN_POINT('',(309.597691098,294.841308061,138.5));
#1154 = CARTESIAN_POINT('',(308.187563235,293.609473213,138.5));
#1155 = CARTESIAN_POINT('',(306.532671142,292.733572923,138.5));
#1156 = CARTESIAN_POINT('',(305.657682612,292.394051777,138.5));
#1157 = CARTESIAN_POINT('',(304.534464487,292.103065113,138.5));
#1158 = CARTESIAN_POINT('',(303.388447488,291.976385426,138.5));
#1159 = CARTESIAN_POINT('',(303.166054619,291.958048675,138.5));
#1160 = CARTESIAN_POINT('',(302.943695731,291.945931528,138.5));
#1161 = CARTESIAN_POINT('',(302.721171963,291.94,138.5));
#1162 = PCURVE('',#123,#1163);
#1163 = DEFINITIONAL_REPRESENTATION('',(#1164),#1177);
#1164 = B_SPLINE_CURVE_WITH_KNOTS('',5,(#1165,#1166,#1167,#1168,#1169,
    #1170,#1171,#1172,#1173,#1174,#1175,#1176),.UNSPECIFIED.,.F.,.F.,(6,
    3,3,6),(0.,6.58920053688,13.1784011149,14.7556638306),
  .UNSPECIFIED.);
#1165 = CARTESIAN_POINT('',(9.000402538575,-50.62173077282));
#1166 = CARTESIAN_POINT('',(8.257912313123,-51.18165414491));
#1167 = CARTESIAN_POINT('',(7.450400015065,-51.65535360162));
#1168 = CARTESIAN_POINT('',(6.591088315044,-52.03279623045));
#1169 = CARTESIAN_POINT('',(4.800783984377,-52.58114656222));
#1170 = CARTESIAN_POINT('',(2.932463573321,-52.70462935102));
#1171 = CARTESIAN_POINT('',(1.995115592396,-52.65710778889));
#1172 = CARTESIAN_POINT('',(0.851018686983,-52.4638865013));
#1173 = CARTESIAN_POINT('',(-0.246770464828,-52.11137879463));
#1174 = CARTESIAN_POINT('',(-0.457252799303,-52.03727068783));
#1175 = CARTESIAN_POINT('',(-0.665163472551,-51.95749943817));
#1176 = CARTESIAN_POINT('',(-0.87069788004,-51.87201483319));
#1177 = ( GEOMETRIC_REPRESENTATION_CONTEXT(2) 
PARAMETRIC_REPRESENTATION_CONTEXT() REPRESENTATION_CONTEXT('2D SPACE',''
  ) );
#1178 = PCURVE('',#1179,#1184);
#1179 = CYLINDRICAL_SURFACE('',#1180,10.01);
#1180 = AXIS2_PLACEMENT_3D('',#1181,#1182,#1183);
#1181 = CARTESIAN_POINT('',(302.454443065,301.946445707,138.5));
#1182 = DIRECTION('',(0.,0.,1.));
#1183 = DIRECTION('',(-1.,1.22464679915E-16,0.));
#1184 = DEFINITIONAL_REPRESENTATION('',(#1185),#1188);
#1185 = B_SPLINE_CURVE_WITH_KNOTS('',1,(#1186,#1187),.UNSPECIFIED.,.F.,
  .F.,(2,2),(0.,14.7556638306),.PIECEWISE_BEZIER_KNOTS.);
#1186 = CARTESIAN_POINT('',(2.637725026041,0.));
#1187 = CARTESIAN_POINT('',(1.597445724598,0.));
#1188 = ( GEOMETRIC_REPRESENTATION_CONTEXT(2) 
PARAMETRIC_REPRESENTATION_CONTEXT() REPRESENTATION_CONTEXT('2D SPACE',''
  ) );
#1189 = ORIENTED_EDGE('',*,*,#1190,.T.);
#1190 = EDGE_CURVE('',#1146,#1191,#1193,.T.);
#1191 = VERTEX_POINT('',#1192);
#1192 = CARTESIAN_POINT('',(298.279665905,291.823695071,138.5));
#1193 = SURFACE_CURVE('',#1194,(#1198,#1205),.PCURVE_S1.);
#1194 = LINE('',#1195,#1196);
#1195 = CARTESIAN_POINT('',(300.500418935,291.881847535,138.5));
#1196 = VECTOR('',#1197,1.);
#1197 = DIRECTION('',(-0.999657324981,-2.61769481046E-02,0.));
#1198 = PCURVE('',#123,#1199);
#1199 = DEFINITIONAL_REPRESENTATION('',(#1200),#1204);
#1200 = LINE('',#1201,#1202);
#1201 = CARTESIAN_POINT('',(-2.921473532941,-51.01793934354));
#1202 = VECTOR('',#1203,1.);
#1203 = DIRECTION('',(-0.923143130787,0.384456447573));
#1204 = ( GEOMETRIC_REPRESENTATION_CONTEXT(2) 
PARAMETRIC_REPRESENTATION_CONTEXT() REPRESENTATION_CONTEXT('2D SPACE',''
  ) );
#1205 = PCURVE('',#1206,#1211);
#1206 = PLANE('',#1207);
#1207 = AXIS2_PLACEMENT_3D('',#1208,#1209,#1210);
#1208 = CARTESIAN_POINT('',(302.721171963,291.94,138.5));
#1209 = DIRECTION('',(-2.617694830788E-02,0.999657324976,0.));
#1210 = DIRECTION('',(-0.999657324976,-2.617694830788E-02,0.));
#1211 = DEFINITIONAL_REPRESENTATION('',(#1212),#1216);
#1212 = LINE('',#1213,#1214);
#1213 = CARTESIAN_POINT('',(2.221514285472,0.));
#1214 = VECTOR('',#1215,1.);
#1215 = DIRECTION('',(1.,0.));
#1216 = ( GEOMETRIC_REPRESENTATION_CONTEXT(2) 
PARAMETRIC_REPRESENTATION_CONTEXT() REPRESENTATION_CONTEXT('2D SPACE',''
  ) );
#1217 = ORIENTED_EDGE('',*,*,#1218,.T.);
#1218 = EDGE_CURVE('',#1191,#1219,#1221,.T.);
#1219 = VERTEX_POINT('',#1220);
#1220 = CARTESIAN_POINT('',(288.155312165,300.169568242,138.5));
#1221 = SURFACE_CURVE('',#1222,(#1238,#1257),.PCURVE_S1.);
#1222 = B_SPLINE_CURVE_WITH_KNOTS('',5,(#1223,#1224,#1225,#1226,#1227,
    #1228,#1229,#1230,#1231,#1232,#1233,#1234,#1235,#1236,#1237),
  .UNSPECIFIED.,.F.,.F.,(6,3,3,3,6),(0.,6.58686536226,13.1737307221,
    19.7605961051,20.2833501731),.UNSPECIFIED.);
#1223 = CARTESIAN_POINT('',(298.279665905,291.82369507,138.5));
#1224 = CARTESIAN_POINT('',(297.35051215,291.799364323,138.5));
#1225 = CARTESIAN_POINT('',(296.418532048,291.88298932,138.5));
#1226 = CARTESIAN_POINT('',(295.500325134,292.07505393,138.5));
#1227 = CARTESIAN_POINT('',(293.725600072,292.668922326,138.5));
#1228 = CARTESIAN_POINT('',(292.134316004,293.653876747,138.5));
#1229 = CARTESIAN_POINT('',(291.399589896,294.237117955,138.5));
#1230 = CARTESIAN_POINT('',(290.07929013,295.563442674,138.5));
#1231 = CARTESIAN_POINT('',(289.098262028,297.157150325,138.5));
#1232 = CARTESIAN_POINT('',(288.702883757,298.007837548,138.5));
#1233 = CARTESIAN_POINT('',(288.38674798,298.967073208,138.5));
#1234 = CARTESIAN_POINT('',(288.193850909,299.951635454,138.5));
#1235 = CARTESIAN_POINT('',(288.180332768,300.024172209,138.5));
#1236 = CARTESIAN_POINT('',(288.167487035,300.096814093,138.5));
#1237 = CARTESIAN_POINT('',(288.155312165,300.169568242,138.5));
#1238 = PCURVE('',#123,#1239);
#1239 = DEFINITIONAL_REPRESENTATION('',(#1240),#1256);
#1240 = B_SPLINE_CURVE_WITH_KNOTS('',5,(#1241,#1242,#1243,#1244,#1245,
    #1246,#1247,#1248,#1249,#1250,#1251,#1252,#1253,#1254,#1255),
  .UNSPECIFIED.,.F.,.F.,(6,3,3,3,6),(0.,6.58686536226,13.1737307221,
    19.7605961051,20.2833501731),.UNSPECIFIED.);
#1241 = CARTESIAN_POINT('',(-4.972249187667,-50.16386385307));
#1242 = CARTESIAN_POINT('',(-5.830285121453,-49.80652224898));
#1243 = CARTESIAN_POINT('',(-6.646802022468,-49.34948811349));
#1244 = CARTESIAN_POINT('',(-7.40645079553,-48.79910052922));
#1245 = CARTESIAN_POINT('',(-8.78376481638,-47.53208245302));
#1246 = CARTESIAN_POINT('',(-9.83388606238,-45.9830293341));
#1247 = CARTESIAN_POINT('',(-10.26626872353,-45.15054029824));
#1248 = CARTESIAN_POINT('',(-10.9295992774,-43.40059135367));
#1249 = CARTESIAN_POINT('',(-11.17403205123,-41.54517419495));
#1250 = CARTESIAN_POINT('',(-11.18742163569,-40.60719048103));
#1251 = CARTESIAN_POINT('',(-11.08414068534,-39.60249752982));
#1252 = CARTESIAN_POINT('',(-10.8580263654,-38.62502916176));
#1253 = CARTESIAN_POINT('',(-10.84073470029,-38.55329828082));
#1254 = CARTESIAN_POINT('',(-10.82278634199,-38.48174611383));
#1255 = CARTESIAN_POINT('',(-10.80417978572,-38.41036551618));
#1256 = ( GEOMETRIC_REPRESENTATION_CONTEXT(2) 
PARAMETRIC_REPRESENTATION_CONTEXT() REPRESENTATION_CONTEXT('2D SPACE',''
  ) );
#1257 = PCURVE('',#1258,#1263);
#1258 = CYLINDRICAL_SURFACE('',#1259,9.99973158754);
#1259 = AXIS2_PLACEMENT_3D('',#1260,#1261,#1262);
#1260 = CARTESIAN_POINT('',(298.017903449,301.82,138.5));
#1261 = DIRECTION('',(0.,0.,1.));
#1262 = DIRECTION('',(-1.,1.22464679915E-16,0.));
#1263 = DEFINITIONAL_REPRESENTATION('',(#1264),#1267);
#1264 = B_SPLINE_CURVE_WITH_KNOTS('',1,(#1265,#1266),.UNSPECIFIED.,.F.,
  .F.,(2,2),(0.,20.2833501731),.PIECEWISE_BEZIER_KNOTS.);
#1265 = CARTESIAN_POINT('',(1.596976265487,0.));
#1266 = CARTESIAN_POINT('',(0.165806278962,0.));
#1267 = ( GEOMETRIC_REPRESENTATION_CONTEXT(2) 
PARAMETRIC_REPRESENTATION_CONTEXT() REPRESENTATION_CONTEXT('2D SPACE',''
  ) );
#1268 = ORIENTED_EDGE('',*,*,#1269,.T.);
#1269 = EDGE_CURVE('',#1219,#1270,#1272,.T.);
#1270 = VERTEX_POINT('',#1271);
#1271 = CARTESIAN_POINT('',(287.782207829,302.399151839,138.5));
#1272 = SURFACE_CURVE('',#1273,(#1277,#1284),.PCURVE_S1.);
#1273 = LINE('',#1274,#1275);
#1274 = CARTESIAN_POINT('',(287.968759997,301.284360041,138.5));
#1275 = VECTOR('',#1276,1.);
#1276 = DIRECTION('',(-0.165047605699,0.986285601564,0.));
#1277 = PCURVE('',#123,#1278);
#1278 = DEFINITIONAL_REPRESENTATION('',(#1279),#1283);
#1279 = LINE('',#1280,#1281);
#1280 = CARTESIAN_POINT('',(-10.5190766331,-37.31662027214));
#1281 = VECTOR('',#1282,1.);
#1282 = DIRECTION('',(0.252238251673,0.9676651613));
#1283 = ( GEOMETRIC_REPRESENTATION_CONTEXT(2) 
PARAMETRIC_REPRESENTATION_CONTEXT() REPRESENTATION_CONTEXT('2D SPACE',''
  ) );
#1284 = PCURVE('',#1285,#1290);
#1285 = PLANE('',#1286);
#1286 = AXIS2_PLACEMENT_3D('',#1287,#1288,#1289);
#1287 = CARTESIAN_POINT('',(288.155312165,300.169568242,138.5));
#1288 = DIRECTION('',(0.986285601537,0.165047605861,-0.));
#1289 = DIRECTION('',(-0.165047605861,0.986285601537,0.));
#1290 = DEFINITIONAL_REPRESENTATION('',(#1291),#1295);
#1291 = LINE('',#1292,#1293);
#1292 = CARTESIAN_POINT('',(1.130293088762,0.));
#1293 = VECTOR('',#1294,1.);
#1294 = DIRECTION('',(1.,0.));
#1295 = ( GEOMETRIC_REPRESENTATION_CONTEXT(2) 
PARAMETRIC_REPRESENTATION_CONTEXT() REPRESENTATION_CONTEXT('2D SPACE',''
  ) );
#1296 = ORIENTED_EDGE('',*,*,#1297,.T.);
#1297 = EDGE_CURVE('',#1270,#1298,#1300,.T.);
#1298 = VERTEX_POINT('',#1299);
#1299 = CARTESIAN_POINT('',(276.274344935,314.848287781,138.5));
#1300 = SURFACE_CURVE('',#1301,(#1306,#1313),.PCURVE_S1.);
#1301 = CIRCLE('',#1302,15.4600000089);
#1302 = AXIS2_PLACEMENT_3D('',#1303,#1304,#1305);
#1303 = CARTESIAN_POINT('',(272.534232421,299.847515846,138.5));
#1304 = DIRECTION('',(0.,-0.,1.));
#1305 = DIRECTION('',(1.,0.,0.));
#1306 = PCURVE('',#123,#1307);
#1307 = DEFINITIONAL_REPRESENTATION('',(#1308),#1312);
#1308 = CIRCLE('',#1309,15.4600000089);
#1309 = AXIS2_PLACEMENT_2D('',#1310,#1311);
#1310 = CARTESIAN_POINT('',(-25.19407688534,-32.32327166307));
#1311 = DIRECTION('',(0.912762896221,-0.40848977378));
#1312 = ( GEOMETRIC_REPRESENTATION_CONTEXT(2) 
PARAMETRIC_REPRESENTATION_CONTEXT() REPRESENTATION_CONTEXT('2D SPACE',''
  ) );
#1313 = PCURVE('',#1314,#1319);
#1314 = CYLINDRICAL_SURFACE('',#1315,15.46);
#1315 = AXIS2_PLACEMENT_3D('',#1316,#1317,#1318);
#1316 = CARTESIAN_POINT('',(272.534232429,299.847515852,89.615));
#1317 = DIRECTION('',(0.,-0.,1.));
#1318 = DIRECTION('',(0.986285601537,0.165047605861,0.));
#1319 = DEFINITIONAL_REPRESENTATION('',(#1320),#1324);
#1320 = LINE('',#1321,#1322);
#1321 = CARTESIAN_POINT('',(-0.165806279259,48.885));
#1322 = VECTOR('',#1323,1.);
#1323 = DIRECTION('',(1.,0.));
#1324 = ( GEOMETRIC_REPRESENTATION_CONTEXT(2) 
PARAMETRIC_REPRESENTATION_CONTEXT() REPRESENTATION_CONTEXT('2D SPACE',''
  ) );
#1325 = ORIENTED_EDGE('',*,*,#1326,.T.);
#1326 = EDGE_CURVE('',#1298,#370,#1327,.T.);
#1327 = SURFACE_CURVE('',#1328,(#1332,#1339),.PCURVE_S1.);
#1328 = LINE('',#1329,#1330);
#1329 = CARTESIAN_POINT('',(275.202702486,315.115478252,138.5));
#1330 = VECTOR('',#1331,1.);
#1331 = DIRECTION('',(-0.970295726445,0.24192189492,0.));
#1332 = PCURVE('',#123,#1333);
#1333 = DEFINITIONAL_REPRESENTATION('',(#1334),#1338);
#1334 = LINE('',#1335,#1336);
#1335 = CARTESIAN_POINT('',(-16.52158991102,-19.47728481117));
#1336 = VECTOR('',#1337,1.);
#1337 = DIRECTION('',(-0.786827317333,0.617173211262));
#1338 = ( GEOMETRIC_REPRESENTATION_CONTEXT(2) 
PARAMETRIC_REPRESENTATION_CONTEXT() REPRESENTATION_CONTEXT('2D SPACE',''
  ) );
#1339 = PCURVE('',#1340,#1345);
#1340 = PLANE('',#1341);
#1341 = AXIS2_PLACEMENT_3D('',#1342,#1343,#1344);
#1342 = CARTESIAN_POINT('',(279.747915182,313.982229448,138.5));
#1343 = DIRECTION('',(0.2419218956,0.970295726276,-0.));
#1344 = DIRECTION('',(-0.970295726276,0.2419218956,0.));
#1345 = DEFINITIONAL_REPRESENTATION('',(#1346),#1350);
#1346 = LINE('',#1347,#1348);
#1347 = CARTESIAN_POINT('',(4.684358152794,0.));
#1348 = VECTOR('',#1349,1.);
#1349 = DIRECTION('',(1.,0.));
#1350 = ( GEOMETRIC_REPRESENTATION_CONTEXT(2) 
PARAMETRIC_REPRESENTATION_CONTEXT() REPRESENTATION_CONTEXT('2D SPACE',''
  ) );
#1351 = ADVANCED_FACE('',(#1352),#151,.T.);
#1352 = FACE_BOUND('',#1353,.T.);
#1353 = EDGE_LOOP('',(#1354,#1377,#1399,#1400));
#1354 = ORIENTED_EDGE('',*,*,#1355,.T.);
#1355 = EDGE_CURVE('',#478,#1356,#1358,.T.);
#1356 = VERTEX_POINT('',#1357);
#1357 = CARTESIAN_POINT('',(266.435275722,327.735094879,176.));
#1358 = SURFACE_CURVE('',#1359,(#1363,#1370),.PCURVE_S1.);
#1359 = LINE('',#1360,#1361);
#1360 = CARTESIAN_POINT('',(266.435275722,327.735094879,138.5));
#1361 = VECTOR('',#1362,1.);
#1362 = DIRECTION('',(0.,0.,1.));
#1363 = PCURVE('',#151,#1364);
#1364 = DEFINITIONAL_REPRESENTATION('',(#1365),#1369);
#1365 = LINE('',#1366,#1367);
#1366 = CARTESIAN_POINT('',(3.14050019735,0.));
#1367 = VECTOR('',#1368,1.);
#1368 = DIRECTION('',(0.,1.));
#1369 = ( GEOMETRIC_REPRESENTATION_CONTEXT(2) 
PARAMETRIC_REPRESENTATION_CONTEXT() REPRESENTATION_CONTEXT('2D SPACE',''
  ) );
#1370 = PCURVE('',#499,#1371);
#1371 = DEFINITIONAL_REPRESENTATION('',(#1372),#1376);
#1372 = LINE('',#1373,#1374);
#1373 = CARTESIAN_POINT('',(3.14050019735,0.));
#1374 = VECTOR('',#1375,1.);
#1375 = DIRECTION('',(0.,1.));
#1376 = ( GEOMETRIC_REPRESENTATION_CONTEXT(2) 
PARAMETRIC_REPRESENTATION_CONTEXT() REPRESENTATION_CONTEXT('2D SPACE',''
  ) );
#1377 = ORIENTED_EDGE('',*,*,#1378,.F.);
#1378 = EDGE_CURVE('',#136,#1356,#1379,.T.);
#1379 = SURFACE_CURVE('',#1380,(#1385,#1392),.PCURVE_S1.);
#1380 = CIRCLE('',#1381,9.99973158754);
#1381 = AXIS2_PLACEMENT_3D('',#1382,#1383,#1384);
#1382 = CARTESIAN_POINT('',(276.435001342,327.724170612,176.));
#1383 = DIRECTION('',(0.,0.,1.));
#1384 = DIRECTION('',(1.,0.,-0.));
#1385 = PCURVE('',#151,#1386);
#1386 = DEFINITIONAL_REPRESENTATION('',(#1387),#1391);
#1387 = LINE('',#1388,#1389);
#1388 = CARTESIAN_POINT('',(-2.22044604925E-15,37.5));
#1389 = VECTOR('',#1390,1.);
#1390 = DIRECTION('',(1.,0.));
#1391 = ( GEOMETRIC_REPRESENTATION_CONTEXT(2) 
PARAMETRIC_REPRESENTATION_CONTEXT() REPRESENTATION_CONTEXT('2D SPACE',''
  ) );
#1392 = PCURVE('',#179,#1393);
#1393 = DEFINITIONAL_REPRESENTATION('',(#1394),#1398);
#1394 = CIRCLE('',#1395,9.99973158754);
#1395 = AXIS2_PLACEMENT_2D('',#1396,#1397);
#1396 = CARTESIAN_POINT('',(-10.24627134842,-8.471919736017));
#1397 = DIRECTION('',(0.912762896221,-0.40848977378));
#1398 = ( GEOMETRIC_REPRESENTATION_CONTEXT(2) 
PARAMETRIC_REPRESENTATION_CONTEXT() REPRESENTATION_CONTEXT('2D SPACE',''
  ) );
#1399 = ORIENTED_EDGE('',*,*,#135,.F.);
#1400 = ORIENTED_EDGE('',*,*,#510,.F.);
#1401 = ADVANCED_FACE('',(#1402),#179,.T.);
#1402 = FACE_BOUND('',#1403,.T.);
#1403 = EDGE_LOOP('',(#1404,#1452,#1475,#1515,#1538,#1561,#1589,#1612,
    #1635,#1675,#1698,#1744,#1767,#1791,#1814,#1854,#1877,#1905,#1968,
    #1991,#2012,#2013,#2014,#2042,#2070,#2093,#2133,#2156,#2219));
#1404 = ORIENTED_EDGE('',*,*,#1405,.F.);
#1405 = EDGE_CURVE('',#1406,#1408,#1410,.T.);
#1406 = VERTEX_POINT('',#1407);
#1407 = CARTESIAN_POINT('',(298.279665905,291.823695071,176.));
#1408 = VERTEX_POINT('',#1409);
#1409 = CARTESIAN_POINT('',(288.155312165,300.169568242,176.));
#1410 = SURFACE_CURVE('',#1411,(#1427,#1446),.PCURVE_S1.);
#1411 = B_SPLINE_CURVE_WITH_KNOTS('',5,(#1412,#1413,#1414,#1415,#1416,
    #1417,#1418,#1419,#1420,#1421,#1422,#1423,#1424,#1425,#1426),
  .UNSPECIFIED.,.F.,.F.,(6,3,3,3,6),(0.,6.58686536226,13.1737307221,
    19.7605961051,20.2833501731),.UNSPECIFIED.);
#1412 = CARTESIAN_POINT('',(298.279665905,291.82369507,176.));
#1413 = CARTESIAN_POINT('',(297.35051215,291.799364323,176.));
#1414 = CARTESIAN_POINT('',(296.418532048,291.88298932,176.));
#1415 = CARTESIAN_POINT('',(295.500325134,292.07505393,176.));
#1416 = CARTESIAN_POINT('',(293.725600072,292.668922326,176.));
#1417 = CARTESIAN_POINT('',(292.134316004,293.653876747,176.));
#1418 = CARTESIAN_POINT('',(291.399589896,294.237117955,176.));
#1419 = CARTESIAN_POINT('',(290.07929013,295.563442674,176.));
#1420 = CARTESIAN_POINT('',(289.098262028,297.157150325,176.));
#1421 = CARTESIAN_POINT('',(288.702883757,298.007837548,176.));
#1422 = CARTESIAN_POINT('',(288.38674798,298.967073208,176.));
#1423 = CARTESIAN_POINT('',(288.193850909,299.951635454,176.));
#1424 = CARTESIAN_POINT('',(288.180332768,300.024172209,176.));
#1425 = CARTESIAN_POINT('',(288.167487035,300.096814093,176.));
#1426 = CARTESIAN_POINT('',(288.155312165,300.169568242,176.));
#1427 = PCURVE('',#179,#1428);
#1428 = DEFINITIONAL_REPRESENTATION('',(#1429),#1445);
#1429 = B_SPLINE_CURVE_WITH_KNOTS('',5,(#1430,#1431,#1432,#1433,#1434,
    #1435,#1436,#1437,#1438,#1439,#1440,#1441,#1442,#1443,#1444),
  .UNSPECIFIED.,.F.,.F.,(6,3,3,3,6),(0.,6.58686536226,13.1737307221,
    19.7605961051,20.2833501731),.UNSPECIFIED.);
#1430 = CARTESIAN_POINT('',(-4.972249187667,-50.16386385307));
#1431 = CARTESIAN_POINT('',(-5.830285121453,-49.80652224898));
#1432 = CARTESIAN_POINT('',(-6.646802022468,-49.34948811349));
#1433 = CARTESIAN_POINT('',(-7.40645079553,-48.79910052922));
#1434 = CARTESIAN_POINT('',(-8.78376481638,-47.53208245302));
#1435 = CARTESIAN_POINT('',(-9.83388606238,-45.9830293341));
#1436 = CARTESIAN_POINT('',(-10.26626872353,-45.15054029824));
#1437 = CARTESIAN_POINT('',(-10.9295992774,-43.40059135367));
#1438 = CARTESIAN_POINT('',(-11.17403205123,-41.54517419495));
#1439 = CARTESIAN_POINT('',(-11.18742163569,-40.60719048103));
#1440 = CARTESIAN_POINT('',(-11.08414068534,-39.60249752982));
#1441 = CARTESIAN_POINT('',(-10.8580263654,-38.62502916176));
#1442 = CARTESIAN_POINT('',(-10.84073470029,-38.55329828082));
#1443 = CARTESIAN_POINT('',(-10.82278634199,-38.48174611383));
#1444 = CARTESIAN_POINT('',(-10.80417978572,-38.41036551618));
#1445 = ( GEOMETRIC_REPRESENTATION_CONTEXT(2) 
PARAMETRIC_REPRESENTATION_CONTEXT() REPRESENTATION_CONTEXT('2D SPACE',''
  ) );
#1446 = PCURVE('',#1258,#1447);
#1447 = DEFINITIONAL_REPRESENTATION('',(#1448),#1451);
#1448 = B_SPLINE_CURVE_WITH_KNOTS('',1,(#1449,#1450),.UNSPECIFIED.,.F.,
  .F.,(2,2),(0.,20.2833501731),.PIECEWISE_BEZIER_KNOTS.);
#1449 = CARTESIAN_POINT('',(1.596976265487,37.5));
#1450 = CARTESIAN_POINT('',(0.165806278962,37.5));
#1451 = ( GEOMETRIC_REPRESENTATION_CONTEXT(2) 
PARAMETRIC_REPRESENTATION_CONTEXT() REPRESENTATION_CONTEXT('2D SPACE',''
  ) );
#1452 = ORIENTED_EDGE('',*,*,#1453,.F.);
#1453 = EDGE_CURVE('',#1454,#1406,#1456,.T.);
#1454 = VERTEX_POINT('',#1455);
#1455 = CARTESIAN_POINT('',(302.721171963,291.94,176.));
#1456 = SURFACE_CURVE('',#1457,(#1461,#1468),.PCURVE_S1.);
#1457 = LINE('',#1458,#1459);
#1458 = CARTESIAN_POINT('',(300.500418935,291.881847535,176.));
#1459 = VECTOR('',#1460,1.);
#1460 = DIRECTION('',(-0.999657324981,-2.61769481046E-02,0.));
#1461 = PCURVE('',#179,#1462);
#1462 = DEFINITIONAL_REPRESENTATION('',(#1463),#1467);
#1463 = LINE('',#1464,#1465);
#1464 = CARTESIAN_POINT('',(-2.921473532941,-51.01793934354));
#1465 = VECTOR('',#1466,1.);
#1466 = DIRECTION('',(-0.923143130787,0.384456447573));
#1467 = ( GEOMETRIC_REPRESENTATION_CONTEXT(2) 
PARAMETRIC_REPRESENTATION_CONTEXT() REPRESENTATION_CONTEXT('2D SPACE',''
  ) );
#1468 = PCURVE('',#1206,#1469);
#1469 = DEFINITIONAL_REPRESENTATION('',(#1470),#1474);
#1470 = LINE('',#1471,#1472);
#1471 = CARTESIAN_POINT('',(2.221514285472,37.5));
#1472 = VECTOR('',#1473,1.);
#1473 = DIRECTION('',(1.,0.));
#1474 = ( GEOMETRIC_REPRESENTATION_CONTEXT(2) 
PARAMETRIC_REPRESENTATION_CONTEXT() REPRESENTATION_CONTEXT('2D SPACE',''
  ) );
#1475 = ORIENTED_EDGE('',*,*,#1476,.F.);
#1476 = EDGE_CURVE('',#1477,#1454,#1479,.T.);
#1477 = VERTEX_POINT('',#1478);
#1478 = CARTESIAN_POINT('',(311.220417917,297.113456477,176.));
#1479 = SURFACE_CURVE('',#1480,(#1493,#1509),.PCURVE_S1.);
#1480 = B_SPLINE_CURVE_WITH_KNOTS('',5,(#1481,#1482,#1483,#1484,#1485,
    #1486,#1487,#1488,#1489,#1490,#1491,#1492),.UNSPECIFIED.,.F.,.F.,(6,
    3,3,6),(0.,6.58920053688,13.1784011149,14.7556638306),
  .UNSPECIFIED.);
#1481 = CARTESIAN_POINT('',(311.220417917,297.113456477,176.));
#1482 = CARTESIAN_POINT('',(310.77142336,296.299079534,176.));
#1483 = CARTESIAN_POINT('',(310.22785748,295.53684373,176.));
#1484 = CARTESIAN_POINT('',(309.597691098,294.841308061,176.));
#1485 = CARTESIAN_POINT('',(308.187563235,293.609473213,176.));
#1486 = CARTESIAN_POINT('',(306.532671142,292.733572923,176.));
#1487 = CARTESIAN_POINT('',(305.657682612,292.394051777,176.));
#1488 = CARTESIAN_POINT('',(304.534464487,292.103065113,176.));
#1489 = CARTESIAN_POINT('',(303.388447488,291.976385426,176.));
#1490 = CARTESIAN_POINT('',(303.166054619,291.958048675,176.));
#1491 = CARTESIAN_POINT('',(302.943695731,291.945931528,176.));
#1492 = CARTESIAN_POINT('',(302.721171963,291.94,176.));
#1493 = PCURVE('',#179,#1494);
#1494 = DEFINITIONAL_REPRESENTATION('',(#1495),#1508);
#1495 = B_SPLINE_CURVE_WITH_KNOTS('',5,(#1496,#1497,#1498,#1499,#1500,
    #1501,#1502,#1503,#1504,#1505,#1506,#1507),.UNSPECIFIED.,.F.,.F.,(6,
    3,3,6),(0.,6.58920053688,13.1784011149,14.7556638306),
  .UNSPECIFIED.);
#1496 = CARTESIAN_POINT('',(9.000402538575,-50.62173077282));
#1497 = CARTESIAN_POINT('',(8.257912313123,-51.18165414491));
#1498 = CARTESIAN_POINT('',(7.450400015065,-51.65535360162));
#1499 = CARTESIAN_POINT('',(6.591088315044,-52.03279623045));
#1500 = CARTESIAN_POINT('',(4.800783984377,-52.58114656222));
#1501 = CARTESIAN_POINT('',(2.932463573321,-52.70462935102));
#1502 = CARTESIAN_POINT('',(1.995115592396,-52.65710778889));
#1503 = CARTESIAN_POINT('',(0.851018686983,-52.4638865013));
#1504 = CARTESIAN_POINT('',(-0.246770464828,-52.11137879463));
#1505 = CARTESIAN_POINT('',(-0.457252799303,-52.03727068783));
#1506 = CARTESIAN_POINT('',(-0.665163472551,-51.95749943817));
#1507 = CARTESIAN_POINT('',(-0.87069788004,-51.87201483319));
#1508 = ( GEOMETRIC_REPRESENTATION_CONTEXT(2) 
PARAMETRIC_REPRESENTATION_CONTEXT() REPRESENTATION_CONTEXT('2D SPACE',''
  ) );
#1509 = PCURVE('',#1179,#1510);
#1510 = DEFINITIONAL_REPRESENTATION('',(#1511),#1514);
#1511 = B_SPLINE_CURVE_WITH_KNOTS('',1,(#1512,#1513),.UNSPECIFIED.,.F.,
  .F.,(2,2),(0.,14.7556638306),.PIECEWISE_BEZIER_KNOTS.);
#1512 = CARTESIAN_POINT('',(2.637725026041,37.5));
#1513 = CARTESIAN_POINT('',(1.597445724598,37.5));
#1514 = ( GEOMETRIC_REPRESENTATION_CONTEXT(2) 
PARAMETRIC_REPRESENTATION_CONTEXT() REPRESENTATION_CONTEXT('2D SPACE',''
  ) );
#1515 = ORIENTED_EDGE('',*,*,#1516,.F.);
#1516 = EDGE_CURVE('',#1517,#1477,#1519,.T.);
#1517 = VERTEX_POINT('',#1518);
#1518 = CARTESIAN_POINT('',(311.242671162,297.153611081,176.));
#1519 = SURFACE_CURVE('',#1520,(#1525,#1532),.PCURVE_S1.);
#1520 = CIRCLE('',#1521,10.4997324905);
#1521 = AXIS2_PLACEMENT_3D('',#1522,#1523,#1524);
#1522 = CARTESIAN_POINT('',(320.415262425,292.044016978,176.));
#1523 = DIRECTION('',(0.,-0.,1.));
#1524 = DIRECTION('',(1.,0.,0.));
#1525 = PCURVE('',#179,#1526);
#1526 = DEFINITIONAL_REPRESENTATION('',(#1527),#1531);
#1527 = CIRCLE('',#1528,10.4997324905);
#1528 = AXIS2_PLACEMENT_2D('',#1529,#1530);
#1529 = CARTESIAN_POINT('',(15.322301247859,-59.00492700516));
#1530 = DIRECTION('',(0.912762896221,-0.40848977378));
#1531 = ( GEOMETRIC_REPRESENTATION_CONTEXT(2) 
PARAMETRIC_REPRESENTATION_CONTEXT() REPRESENTATION_CONTEXT('2D SPACE',''
  ) );
#1532 = PCURVE('',#1134,#1533);
#1533 = DEFINITIONAL_REPRESENTATION('',(#1534),#1537);
#1534 = B_SPLINE_CURVE_WITH_KNOTS('',1,(#1535,#1536),.UNSPECIFIED.,.F.,
  .F.,(2,2),(2.633352714565,2.637725076627),.PIECEWISE_BEZIER_KNOTS.);
#1535 = CARTESIAN_POINT('',(0.,86.385));
#1536 = CARTESIAN_POINT('',(4.372250743383E-03,86.385));
#1537 = ( GEOMETRIC_REPRESENTATION_CONTEXT(2) 
PARAMETRIC_REPRESENTATION_CONTEXT() REPRESENTATION_CONTEXT('2D SPACE',''
  ) );
#1538 = ORIENTED_EDGE('',*,*,#1539,.F.);
#1539 = EDGE_CURVE('',#1540,#1517,#1542,.T.);
#1540 = VERTEX_POINT('',#1541);
#1541 = CARTESIAN_POINT('',(318.18439381,309.615186763,176.));
#1542 = SURFACE_CURVE('',#1543,(#1547,#1554),.PCURVE_S1.);
#1543 = LINE('',#1544,#1545);
#1544 = CARTESIAN_POINT('',(314.713532486,303.384398922,176.));
#1545 = VECTOR('',#1546,1.);
#1546 = DIRECTION('',(-0.486640354818,-0.87360240674,0.));
#1547 = PCURVE('',#179,#1548);
#1548 = DEFINITIONAL_REPRESENTATION('',(#1549),#1553);
#1549 = LINE('',#1550,#1551);
#1550 = CARTESIAN_POINT('',(14.750403770151,-46.32474876477));
#1551 = VECTOR('',#1552,1.);
#1552 = DIRECTION('',(-0.801044909185,-0.59860425447));
#1553 = ( GEOMETRIC_REPRESENTATION_CONTEXT(2) 
PARAMETRIC_REPRESENTATION_CONTEXT() REPRESENTATION_CONTEXT('2D SPACE',''
  ) );
#1554 = PCURVE('',#1100,#1555);
#1555 = DEFINITIONAL_REPRESENTATION('',(#1556),#1560);
#1556 = LINE('',#1557,#1558);
#1557 = CARTESIAN_POINT('',(12.632292439716,37.5));
#1558 = VECTOR('',#1559,1.);
#1559 = DIRECTION('',(1.,0.));
#1560 = ( GEOMETRIC_REPRESENTATION_CONTEXT(2) 
PARAMETRIC_REPRESENTATION_CONTEXT() REPRESENTATION_CONTEXT('2D SPACE',''
  ) );
#1561 = ORIENTED_EDGE('',*,*,#1562,.T.);
#1562 = EDGE_CURVE('',#1540,#1563,#1565,.T.);
#1563 = VERTEX_POINT('',#1564);
#1564 = CARTESIAN_POINT('',(315.530389698,311.093600161,176.));
#1565 = SURFACE_CURVE('',#1566,(#1570,#1577),.PCURVE_S1.);
#1566 = LINE('',#1567,#1568);
#1567 = CARTESIAN_POINT('',(316.857391754,310.354393462,176.));
#1568 = VECTOR('',#1569,1.);
#1569 = DIRECTION('',(-0.873602406684,0.486640354919,0.));
#1570 = PCURVE('',#179,#1571);
#1571 = DEFINITIONAL_REPRESENTATION('',(#1572),#1576);
#1572 = LINE('',#1573,#1574);
#1573 = CARTESIAN_POINT('',(19.554410457592,-40.8385409492));
#1574 = VECTOR('',#1575,1.);
#1575 = DIRECTION('',(-0.598604254377,0.801044909254));
#1576 = ( GEOMETRIC_REPRESENTATION_CONTEXT(2) 
PARAMETRIC_REPRESENTATION_CONTEXT() REPRESENTATION_CONTEXT('2D SPACE',''
  ) );
#1577 = PCURVE('',#1578,#1583);
#1578 = CYLINDRICAL_SURFACE('',#1579,5.5);
#1579 = AXIS2_PLACEMENT_3D('',#1580,#1581,#1582);
#1580 = CARTESIAN_POINT('',(410.20927568,258.352712185,170.5));
#1581 = DIRECTION('',(-0.873602406733,0.486640354832,0.));
#1582 = DIRECTION('',(0.,0.,1.));
#1583 = DEFINITIONAL_REPRESENTATION('',(#1584),#1588);
#1584 = LINE('',#1585,#1586);
#1585 = CARTESIAN_POINT('',(0.,106.85854709927));
#1586 = VECTOR('',#1587,1.);
#1587 = DIRECTION('',(0.,1.));
#1588 = ( GEOMETRIC_REPRESENTATION_CONTEXT(2) 
PARAMETRIC_REPRESENTATION_CONTEXT() REPRESENTATION_CONTEXT('2D SPACE',''
  ) );
#1589 = ORIENTED_EDGE('',*,*,#1590,.T.);
#1590 = EDGE_CURVE('',#1563,#1591,#1593,.T.);
#1591 = VERTEX_POINT('',#1592);
#1592 = CARTESIAN_POINT('',(308.588667051,298.632024479,176.));
#1593 = SURFACE_CURVE('',#1594,(#1598,#1605),.PCURVE_S1.);
#1594 = LINE('',#1595,#1596);
#1595 = CARTESIAN_POINT('',(312.059528375,304.86281232,176.));
#1596 = VECTOR('',#1597,1.);
#1597 = DIRECTION('',(-0.486640354818,-0.87360240674,0.));
#1598 = PCURVE('',#179,#1599);
#1599 = DEFINITIONAL_REPRESENTATION('',(#1600),#1604);
#1600 = LINE('',#1601,#1602);
#1601 = CARTESIAN_POINT('',(12.931844045715,-43.89117433088));
#1602 = VECTOR('',#1603,1.);
#1603 = DIRECTION('',(-0.801044909185,-0.59860425447));
#1604 = ( GEOMETRIC_REPRESENTATION_CONTEXT(2) 
PARAMETRIC_REPRESENTATION_CONTEXT() REPRESENTATION_CONTEXT('2D SPACE',''
  ) );
#1605 = PCURVE('',#1044,#1606);
#1606 = DEFINITIONAL_REPRESENTATION('',(#1607),#1611);
#1607 = LINE('',#1608,#1609);
#1608 = CARTESIAN_POINT('',(12.632292439716,37.5));
#1609 = VECTOR('',#1610,1.);
#1610 = DIRECTION('',(1.,0.));
#1611 = ( GEOMETRIC_REPRESENTATION_CONTEXT(2) 
PARAMETRIC_REPRESENTATION_CONTEXT() REPRESENTATION_CONTEXT('2D SPACE',''
  ) );
#1612 = ORIENTED_EDGE('',*,*,#1613,.T.);
#1613 = EDGE_CURVE('',#1591,#1614,#1616,.T.);
#1614 = VERTEX_POINT('',#1615);
#1615 = CARTESIAN_POINT('',(308.5599752,298.58025181,176.));
#1616 = SURFACE_CURVE('',#1617,(#1622,#1629),.PCURVE_S1.);
#1617 = CIRCLE('',#1618,13.5382177842);
#1618 = AXIS2_PLACEMENT_3D('',#1619,#1620,#1621);
#1619 = CARTESIAN_POINT('',(320.415686949,292.043781838,176.));
#1620 = DIRECTION('',(0.,-0.,1.));
#1621 = DIRECTION('',(1.,0.,0.));
#1622 = PCURVE('',#179,#1623);
#1623 = DEFINITIONAL_REPRESENTATION('',(#1624),#1628);
#1624 = CIRCLE('',#1625,13.5382177842);
#1625 = AXIS2_PLACEMENT_2D('',#1626,#1627);
#1626 = CARTESIAN_POINT('',(15.32259268533,-59.00531504594));
#1627 = DIRECTION('',(0.912762896221,-0.40848977378));
#1628 = ( GEOMETRIC_REPRESENTATION_CONTEXT(2) 
PARAMETRIC_REPRESENTATION_CONTEXT() REPRESENTATION_CONTEXT('2D SPACE',''
  ) );
#1629 = PCURVE('',#1017,#1630);
#1630 = DEFINITIONAL_REPRESENTATION('',(#1631),#1634);
#1631 = B_SPLINE_CURVE_WITH_KNOTS('',1,(#1632,#1633),.UNSPECIFIED.,.F.,
  .F.,(2,2),(2.633352814739,2.63772499506),.PIECEWISE_BEZIER_KNOTS.);
#1632 = CARTESIAN_POINT('',(0.,86.385));
#1633 = CARTESIAN_POINT('',(4.372250690214E-03,86.385));
#1634 = ( GEOMETRIC_REPRESENTATION_CONTEXT(2) 
PARAMETRIC_REPRESENTATION_CONTEXT() REPRESENTATION_CONTEXT('2D SPACE',''
  ) );
#1635 = ORIENTED_EDGE('',*,*,#1636,.T.);
#1636 = EDGE_CURVE('',#1614,#1637,#1639,.T.);
#1637 = VERTEX_POINT('',#1638);
#1638 = CARTESIAN_POINT('',(302.640869249,294.976938603,176.));
#1639 = SURFACE_CURVE('',#1640,(#1653,#1669),.PCURVE_S1.);
#1640 = B_SPLINE_CURVE_WITH_KNOTS('',5,(#1641,#1642,#1643,#1644,#1645,
    #1646,#1647,#1648,#1649,#1650,#1651,#1652),.UNSPECIFIED.,.F.,.F.,(6,
    3,3,6),(0.,4.58258063222,9.16516152293,10.2763588941),
  .UNSPECIFIED.);
#1641 = CARTESIAN_POINT('',(308.5599752,298.58025181,176.));
#1642 = CARTESIAN_POINT('',(308.247711238,298.013873962,176.));
#1643 = CARTESIAN_POINT('',(307.869772713,297.483705456,176.));
#1644 = CARTESIAN_POINT('',(307.431686886,296.999841556,176.));
#1645 = CARTESIAN_POINT('',(306.451442228,296.142641987,176.));
#1646 = CARTESIAN_POINT('',(305.301052945,295.532503237,176.));
#1647 = CARTESIAN_POINT('',(304.692781944,295.29575495,176.));
#1648 = CARTESIAN_POINT('',(303.909911752,295.091934248,176.));
#1649 = CARTESIAN_POINT('',(303.110972044,295.002767631,176.));
#1650 = CARTESIAN_POINT('',(302.954293461,294.989733473,176.));
#1651 = CARTESIAN_POINT('',(302.797640307,294.981132046,176.));
#1652 = CARTESIAN_POINT('',(302.640869249,294.976938603,176.));
#1653 = PCURVE('',#179,#1654);
#1654 = DEFINITIONAL_REPRESENTATION('',(#1655),#1668);
#1655 = B_SPLINE_CURVE_WITH_KNOTS('',5,(#1656,#1657,#1658,#1659,#1660,
    #1661,#1662,#1663,#1664,#1665,#1666,#1667),.UNSPECIFIED.,.F.,.F.,(6,
    3,3,6),(0.,4.58258063222,9.16516152293,10.2763588941),
  .UNSPECIFIED.);
#1656 = CARTESIAN_POINT('',(7.171220032736,-48.19613077289));
#1657 = CARTESIAN_POINT('',(6.654837515392,-48.58554282259));
#1658 = CARTESIAN_POINT('',(6.093300839638,-48.91507694103));
#1659 = CARTESIAN_POINT('',(5.495778896341,-49.1777763754));
#1660 = CARTESIAN_POINT('',(4.250890685275,-49.55977641805));
#1661 = CARTESIAN_POINT('',(2.951622591581,-49.64676617262));
#1662 = CARTESIAN_POINT('',(2.299706136822,-49.61438874114));
#1663 = CARTESIAN_POINT('',(1.501872600555,-49.48063424778));
#1664 = CARTESIAN_POINT('',(0.736206427568,-49.23566352677));
#1665 = CARTESIAN_POINT('',(0.587871710121,-49.18355902365));
#1666 = CARTESIAN_POINT('',(0.441370928604,-49.12741887564));
#1667 = CARTESIAN_POINT('',(0.296563145078,-49.0672071208));
#1668 = ( GEOMETRIC_REPRESENTATION_CONTEXT(2) 
PARAMETRIC_REPRESENTATION_CONTEXT() REPRESENTATION_CONTEXT('2D SPACE',''
  ) );
#1669 = PCURVE('',#984,#1670);
#1670 = DEFINITIONAL_REPRESENTATION('',(#1671),#1674);
#1671 = B_SPLINE_CURVE_WITH_KNOTS('',1,(#1672,#1673),.UNSPECIFIED.,.F.,
  .F.,(2,2),(0.,10.2763588941),.PIECEWISE_BEZIER_KNOTS.);
#1672 = CARTESIAN_POINT('',(2.637725026096,37.5));
#1673 = CARTESIAN_POINT('',(1.597538783277,37.5));
#1674 = ( GEOMETRIC_REPRESENTATION_CONTEXT(2) 
PARAMETRIC_REPRESENTATION_CONTEXT() REPRESENTATION_CONTEXT('2D SPACE',''
  ) );
#1675 = ORIENTED_EDGE('',*,*,#1676,.T.);
#1676 = EDGE_CURVE('',#1637,#1677,#1679,.T.);
#1677 = VERTEX_POINT('',#1678);
#1678 = CARTESIAN_POINT('',(298.200140336,294.860654024,176.));
#1679 = SURFACE_CURVE('',#1680,(#1684,#1691),.PCURVE_S1.);
#1680 = LINE('',#1681,#1682);
#1681 = CARTESIAN_POINT('',(300.420504792,294.918796313,176.));
#1682 = VECTOR('',#1683,1.);
#1683 = DIRECTION('',(-0.999657324971,-2.617694846542E-02,0.));
#1684 = PCURVE('',#179,#1685);
#1685 = DEFINITIONAL_REPRESENTATION('',(#1686),#1690);
#1686 = LINE('',#1687,#1688);
#1687 = CARTESIAN_POINT('',(-1.753853678248,-48.21328107106));
#1688 = VECTOR('',#1689,1.);
#1689 = DIRECTION('',(-0.923143130926,0.384456447239));
#1690 = ( GEOMETRIC_REPRESENTATION_CONTEXT(2) 
PARAMETRIC_REPRESENTATION_CONTEXT() REPRESENTATION_CONTEXT('2D SPACE',''
  ) );
#1691 = PCURVE('',#938,#1692);
#1692 = DEFINITIONAL_REPRESENTATION('',(#1693),#1697);
#1693 = LINE('',#1694,#1695);
#1694 = CARTESIAN_POINT('',(2.221902992668,37.5));
#1695 = VECTOR('',#1696,1.);
#1696 = DIRECTION('',(1.,0.));
#1697 = ( GEOMETRIC_REPRESENTATION_CONTEXT(2) 
PARAMETRIC_REPRESENTATION_CONTEXT() REPRESENTATION_CONTEXT('2D SPACE',''
  ) );
#1698 = ORIENTED_EDGE('',*,*,#1699,.T.);
#1699 = EDGE_CURVE('',#1677,#1700,#1702,.T.);
#1700 = VERTEX_POINT('',#1701);
#1701 = CARTESIAN_POINT('',(291.151647823,300.670982868,176.));
#1702 = SURFACE_CURVE('',#1703,(#1719,#1738),.PCURVE_S1.);
#1703 = B_SPLINE_CURVE_WITH_KNOTS('',5,(#1704,#1705,#1706,#1707,#1708,
    #1709,#1710,#1711,#1712,#1713,#1714,#1715,#1716,#1717,#1718),
  .UNSPECIFIED.,.F.,.F.,(6,3,3,3,6),(0.,4.57992971321,9.15985940723,
    13.7397892483,14.1209872556),.UNSPECIFIED.);
#1704 = CARTESIAN_POINT('',(298.200140336,294.860654024,176.));
#1705 = CARTESIAN_POINT('',(297.554082828,294.843736412,176.));
#1706 = CARTESIAN_POINT('',(296.906062748,294.901788201,176.));
#1707 = CARTESIAN_POINT('',(296.267592949,295.035144779,176.));
#1708 = CARTESIAN_POINT('',(295.033433298,295.447523233,176.));
#1709 = CARTESIAN_POINT('',(293.926505636,296.131563642,176.));
#1710 = CARTESIAN_POINT('',(293.415294619,296.536645084,176.));
#1711 = CARTESIAN_POINT('',(292.496338604,297.457908306,176.));
#1712 = CARTESIAN_POINT('',(291.812771972,298.565128626,176.));
#1713 = CARTESIAN_POINT('',(291.537002503,299.156211351,176.));
#1714 = CARTESIAN_POINT('',(291.315328498,299.825210091,176.));
#1715 = CARTESIAN_POINT('',(291.17982067,300.512073727,176.));
#1716 = CARTESIAN_POINT('',(291.169916478,300.564961498,176.));
#1717 = CARTESIAN_POINT('',(291.160525945,300.617929309,176.));
#1718 = CARTESIAN_POINT('',(291.151647823,300.670982869,176.));
#1719 = PCURVE('',#179,#1720);
#1720 = DEFINITIONAL_REPRESENTATION('',(#1721),#1737);
#1721 = B_SPLINE_CURVE_WITH_KNOTS('',5,(#1722,#1723,#1724,#1725,#1726,
    #1727,#1728,#1729,#1730,#1731,#1732,#1733,#1734,#1735,#1736),
  .UNSPECIFIED.,.F.,.F.,(6,3,3,3,6),(0.,4.57992971321,9.15985940723,
    13.7397892483,14.1209872556),.UNSPECIFIED.);
#1722 = CARTESIAN_POINT('',(-3.804270500253,-47.35935502082));
#1723 = CARTESIAN_POINT('',(-4.400878493879,-47.11088890406));
#1724 = CARTESIAN_POINT('',(-4.968653616753,-46.79319180911));
#1725 = CARTESIAN_POINT('',(-5.496950361258,-46.41066048899));
#1726 = CARTESIAN_POINT('',(-6.454993117317,-45.53011514033));
#1727 = CARTESIAN_POINT('',(-7.185932104063,-44.45357980524));
#1728 = CARTESIAN_POINT('',(-7.487074925915,-43.87501202235));
#1729 = CARTESIAN_POINT('',(-7.949537274519,-42.65873300097));
#1730 = CARTESIAN_POINT('',(-8.121183355262,-41.36887339606));
#1731 = CARTESIAN_POINT('',(-8.131444245855,-40.71670600808));
#1732 = CARTESIAN_POINT('',(-8.060500908714,-40.01551721643));
#1733 = CARTESIAN_POINT('',(-7.903610654973,-39.33322001272));
#1734 = CARTESIAN_POINT('',(-7.891046720336,-39.28090025654));
#1735 = CARTESIAN_POINT('',(-7.877981241301,-39.22871726727));
#1736 = CARTESIAN_POINT('',(-7.864413024928,-39.17666532414));
#1737 = ( GEOMETRIC_REPRESENTATION_CONTEXT(2) 
PARAMETRIC_REPRESENTATION_CONTEXT() REPRESENTATION_CONTEXT('2D SPACE',''
  ) );
#1738 = PCURVE('',#911,#1739);
#1739 = DEFINITIONAL_REPRESENTATION('',(#1740),#1743);
#1740 = B_SPLINE_CURVE_WITH_KNOTS('',1,(#1741,#1742),.UNSPECIFIED.,.F.,
  .F.,(2,2),(0.,14.1209872556),.PIECEWISE_BEZIER_KNOTS.);
#1741 = CARTESIAN_POINT('',(1.596976265446,37.5));
#1742 = CARTESIAN_POINT('',(0.165806278929,37.5));
#1743 = ( GEOMETRIC_REPRESENTATION_CONTEXT(2) 
PARAMETRIC_REPRESENTATION_CONTEXT() REPRESENTATION_CONTEXT('2D SPACE',''
  ) );
#1744 = ORIENTED_EDGE('',*,*,#1745,.T.);
#1745 = EDGE_CURVE('',#1700,#1746,#1748,.T.);
#1746 = VERTEX_POINT('',#1747);
#1747 = CARTESIAN_POINT('',(290.778759907,302.899273191,176.));
#1748 = SURFACE_CURVE('',#1749,(#1753,#1760),.PCURVE_S1.);
#1749 = LINE('',#1750,#1751);
#1750 = CARTESIAN_POINT('',(290.965203864,301.78512803,176.));
#1751 = VECTOR('',#1752,1.);
#1752 = DIRECTION('',(-0.165047604972,0.986285601686,0.));
#1753 = PCURVE('',#179,#1754);
#1754 = DEFINITIONAL_REPRESENTATION('',(#1755),#1759);
#1755 = LINE('',#1756,#1757);
#1756 = CARTESIAN_POINT('',(-7.579475248153,-38.08355450954));
#1757 = VECTOR('',#1758,1.);
#1758 = DIRECTION('',(0.252238252387,0.967665161114));
#1759 = ( GEOMETRIC_REPRESENTATION_CONTEXT(2) 
PARAMETRIC_REPRESENTATION_CONTEXT() REPRESENTATION_CONTEXT('2D SPACE',''
  ) );
#1760 = PCURVE('',#859,#1761);
#1761 = DEFINITIONAL_REPRESENTATION('',(#1762),#1766);
#1762 = LINE('',#1763,#1764);
#1763 = CARTESIAN_POINT('',(1.129637459212,37.5));
#1764 = VECTOR('',#1765,1.);
#1765 = DIRECTION('',(1.,0.));
#1766 = ( GEOMETRIC_REPRESENTATION_CONTEXT(2) 
PARAMETRIC_REPRESENTATION_CONTEXT() REPRESENTATION_CONTEXT('2D SPACE',''
  ) );
#1767 = ORIENTED_EDGE('',*,*,#1768,.T.);
#1768 = EDGE_CURVE('',#1746,#1769,#1771,.T.);
#1769 = VERTEX_POINT('',#1770);
#1770 = CARTESIAN_POINT('',(277.008031347,317.796363419,176.));
#1771 = SURFACE_CURVE('',#1772,(#1777,#1784),.PCURVE_S1.);
#1772 = CIRCLE('',#1773,18.5000000007);
#1773 = AXIS2_PLACEMENT_3D('',#1774,#1775,#1776);
#1774 = CARTESIAN_POINT('',(272.532476278,299.845892483,176.));
#1775 = DIRECTION('',(0.,-0.,1.));
#1776 = DIRECTION('',(1.,0.,0.));
#1777 = PCURVE('',#179,#1778);
#1778 = DEFINITIONAL_REPRESENTATION('',(#1779),#1783);
#1779 = CIRCLE('',#1780,18.5000000007);
#1780 = AXIS2_PLACEMENT_2D('',#1781,#1782);
#1781 = CARTESIAN_POINT('',(-25.19634295469,-32.32403604212));
#1782 = DIRECTION('',(0.912762896221,-0.40848977378));
#1783 = ( GEOMETRIC_REPRESENTATION_CONTEXT(2) 
PARAMETRIC_REPRESENTATION_CONTEXT() REPRESENTATION_CONTEXT('2D SPACE',''
  ) );
#1784 = PCURVE('',#832,#1785);
#1785 = DEFINITIONAL_REPRESENTATION('',(#1786),#1790);
#1786 = LINE('',#1787,#1788);
#1787 = CARTESIAN_POINT('',(-0.165806278912,86.385));
#1788 = VECTOR('',#1789,1.);
#1789 = DIRECTION('',(1.,0.));
#1790 = ( GEOMETRIC_REPRESENTATION_CONTEXT(2) 
PARAMETRIC_REPRESENTATION_CONTEXT() REPRESENTATION_CONTEXT('2D SPACE',''
  ) );
#1791 = ORIENTED_EDGE('',*,*,#1792,.T.);
#1792 = EDGE_CURVE('',#1769,#1793,#1795,.T.);
#1793 = VERTEX_POINT('',#1794);
#1794 = CARTESIAN_POINT('',(274.866018756,318.33042714,176.));
#1795 = SURFACE_CURVE('',#1796,(#1800,#1807),.PCURVE_S1.);
#1796 = LINE('',#1797,#1798);
#1797 = CARTESIAN_POINT('',(275.937025051,318.06339528,176.));
#1798 = VECTOR('',#1799,1.);
#1799 = DIRECTION('',(-0.970295726333,0.24192189537,0.));
#1800 = PCURVE('',#179,#1801);
#1801 = DEFINITIONAL_REPRESENTATION('',(#1802),#1806);
#1802 = LINE('',#1803,#1804);
#1803 = CARTESIAN_POINT('',(-14.64713355994,-17.08649878533));
#1804 = VECTOR('',#1805,1.);
#1805 = DIRECTION('',(-0.786827317046,0.617173211627));
#1806 = ( GEOMETRIC_REPRESENTATION_CONTEXT(2) 
PARAMETRIC_REPRESENTATION_CONTEXT() REPRESENTATION_CONTEXT('2D SPACE',''
  ) );
#1807 = PCURVE('',#786,#1808);
#1808 = DEFINITIONAL_REPRESENTATION('',(#1809),#1813);
#1809 = LINE('',#1810,#1811);
#1810 = CARTESIAN_POINT('',(4.685013782017,37.5));
#1811 = VECTOR('',#1812,1.);
#1812 = DIRECTION('',(1.,0.));
#1813 = ( GEOMETRIC_REPRESENTATION_CONTEXT(2) 
PARAMETRIC_REPRESENTATION_CONTEXT() REPRESENTATION_CONTEXT('2D SPACE',''
  ) );
#1814 = ORIENTED_EDGE('',*,*,#1815,.T.);
#1815 = EDGE_CURVE('',#1793,#1816,#1818,.T.);
#1816 = VERTEX_POINT('',#1817);
#1817 = CARTESIAN_POINT('',(269.595108497,324.78169908,176.));
#1818 = SURFACE_CURVE('',#1819,(#1832,#1848),.PCURVE_S1.);
#1819 = B_SPLINE_CURVE_WITH_KNOTS('',5,(#1820,#1821,#1822,#1823,#1824,
    #1825,#1826,#1827,#1828,#1829,#1830,#1831),.UNSPECIFIED.,.F.,.F.,(6,
    3,3,6),(0.,4.57901093468,9.15802186738,12.6547576486),
  .UNSPECIFIED.);
#1820 = CARTESIAN_POINT('',(274.866018756,318.33042714,176.));
#1821 = CARTESIAN_POINT('',(274.238937037,318.486776173,176.));
#1822 = CARTESIAN_POINT('',(273.629998824,318.715892474,176.));
#1823 = CARTESIAN_POINT('',(273.050387857,319.015022581,176.));
#1824 = CARTESIAN_POINT('',(271.971317387,319.742217832,176.));
#1825 = CARTESIAN_POINT('',(271.08745004,320.697193548,176.));
#1826 = CARTESIAN_POINT('',(270.703084834,321.224157573,176.));
#1827 = CARTESIAN_POINT('',(270.139303206,322.223559782,176.));
#1828 = CARTESIAN_POINT('',(269.790548909,323.313389397,176.));
#1829 = CARTESIAN_POINT('',(269.681855165,323.797491731,176.));
#1830 = CARTESIAN_POINT('',(269.616635853,324.288641535,176.));
#1831 = CARTESIAN_POINT('',(269.595108496,324.78169908,176.));
#1832 = PCURVE('',#179,#1833);
#1833 = DEFINITIONAL_REPRESENTATION('',(#1834),#1847);
#1834 = B_SPLINE_CURVE_WITH_KNOTS('',5,(#1835,#1836,#1837,#1838,#1839,
    #1840,#1841,#1842,#1843,#1844,#1845,#1846),.UNSPECIFIED.,.F.,.F.,(6,
    3,3,6),(0.,4.57901093468,9.15802186738,12.6547576486),
  .UNSPECIFIED.);
#1835 = CARTESIAN_POINT('',(-15.51562858356,-16.40526689225));
#1836 = CARTESIAN_POINT('',(-16.02413852844,-16.00640082653));
#1837 = CARTESIAN_POINT('',(-16.48636306939,-15.54852693519));
#1838 = CARTESIAN_POINT('',(-16.89321886457,-15.03872691958));
#1839 = CARTESIAN_POINT('',(-17.58110252842,-13.93418082398));
#1840 = CARTESIAN_POINT('',(-17.99776603375,-12.701463651));
#1841 = CARTESIAN_POINT('',(-18.13334091702,-12.06346118528));
#1842 = CARTESIAN_POINT('',(-18.23969428636,-10.92094490083));
#1843 = CARTESIAN_POINT('',(-18.11284001567,-9.783726301169));
#1844 = CARTESIAN_POINT('',(-18.01430077934,-9.297455369823));
#1845 = CARTESIAN_POINT('',(-17.87320087512,-8.82251063024));
#1846 = CARTESIAN_POINT('',(-17.69144128283,-8.363672292272));
#1847 = ( GEOMETRIC_REPRESENTATION_CONTEXT(2) 
PARAMETRIC_REPRESENTATION_CONTEXT() REPRESENTATION_CONTEXT('2D SPACE',''
  ) );
#1848 = PCURVE('',#759,#1849);
#1849 = DEFINITIONAL_REPRESENTATION('',(#1850),#1853);
#1850 = B_SPLINE_CURVE_WITH_KNOTS('',1,(#1851,#1852),.UNSPECIFIED.,.F.,
  .F.,(2,2),(0.,12.6547576486),.PIECEWISE_BEZIER_KNOTS.);
#1851 = CARTESIAN_POINT('',(1.326450231425,37.5));
#1852 = CARTESIAN_POINT('',(4.363323131294E-02,37.5));
#1853 = ( GEOMETRIC_REPRESENTATION_CONTEXT(2) 
PARAMETRIC_REPRESENTATION_CONTEXT() REPRESENTATION_CONTEXT('2D SPACE',''
  ) );
#1854 = ORIENTED_EDGE('',*,*,#1855,.T.);
#1855 = EDGE_CURVE('',#1816,#1856,#1858,.T.);
#1856 = VERTEX_POINT('',#1857);
#1857 = CARTESIAN_POINT('',(269.479895779,327.420504145,176.));
#1858 = SURFACE_CURVE('',#1859,(#1863,#1870),.PCURVE_S1.);
#1859 = LINE('',#1860,#1861);
#1860 = CARTESIAN_POINT('',(269.537502138,326.101101613,176.));
#1861 = VECTOR('',#1862,1.);
#1862 = DIRECTION('',(-4.361938722062E-02,0.999048221588,0.));
#1863 = PCURVE('',#179,#1864);
#1864 = DEFINITIONAL_REPRESENTATION('',(#1865),#1869);
#1865 = LINE('',#1866,#1867);
#1866 = CARTESIAN_POINT('',(-17.20505978677,-7.135839006822));
#1867 = VECTOR('',#1868,1.);
#1868 = DIRECTION('',(0.368286823821,0.929712221819));
#1869 = ( GEOMETRIC_REPRESENTATION_CONTEXT(2) 
PARAMETRIC_REPRESENTATION_CONTEXT() REPRESENTATION_CONTEXT('2D SPACE',''
  ) );
#1870 = PCURVE('',#713,#1871);
#1871 = DEFINITIONAL_REPRESENTATION('',(#1872),#1876);
#1872 = LINE('',#1873,#1874);
#1873 = CARTESIAN_POINT('',(1.320659508232,37.5));
#1874 = VECTOR('',#1875,1.);
#1875 = DIRECTION('',(1.,0.));
#1876 = ( GEOMETRIC_REPRESENTATION_CONTEXT(2) 
PARAMETRIC_REPRESENTATION_CONTEXT() REPRESENTATION_CONTEXT('2D SPACE',''
  ) );
#1877 = ORIENTED_EDGE('',*,*,#1878,.T.);
#1878 = EDGE_CURVE('',#1856,#1879,#1881,.T.);
#1879 = VERTEX_POINT('',#1880);
#1880 = CARTESIAN_POINT('',(269.473269754,327.724170612,176.));
#1881 = SURFACE_CURVE('',#1882,(#1889,#1899),.PCURVE_S1.);
#1882 = B_SPLINE_CURVE_WITH_KNOTS('',5,(#1883,#1884,#1885,#1886,#1887,
    #1888),.UNSPECIFIED.,.F.,.F.,(6,6),(0.,0.42957701651),
  .PIECEWISE_BEZIER_KNOTS.);
#1883 = CARTESIAN_POINT('',(269.479895779,327.420504145,176.));
#1884 = CARTESIAN_POINT('',(269.477245952,327.481195188,176.));
#1885 = CARTESIAN_POINT('',(269.475258119,327.541915131,176.));
#1886 = CARTESIAN_POINT('',(269.473932405,327.602672425,176.));
#1887 = CARTESIAN_POINT('',(269.473269755,327.663421729,176.));
#1888 = CARTESIAN_POINT('',(269.473269754,327.724170613,176.));
#1889 = PCURVE('',#179,#1890);
#1890 = DEFINITIONAL_REPRESENTATION('',(#1891),#1898);
#1891 = B_SPLINE_CURVE_WITH_KNOTS('',5,(#1892,#1893,#1894,#1895,#1896,
    #1897),.UNSPECIFIED.,.F.,.F.,(6,6),(0.,0.42957701651),
  .PIECEWISE_BEZIER_KNOTS.);
#1892 = CARTESIAN_POINT('',(-16.71867829203,-5.908005721876));
#1893 = CARTESIAN_POINT('',(-16.69630528537,-5.851526762461));
#1894 = CARTESIAN_POINT('',(-16.6733162298,-5.795291841978));
#1895 = CARTESIAN_POINT('',(-16.64970755907,-5.739293297728));
#1896 = CARTESIAN_POINT('',(-16.62549693195,-5.683572901317));
#1897 = CARTESIAN_POINT('',(-16.60068163498,-5.628123573606));
#1898 = ( GEOMETRIC_REPRESENTATION_CONTEXT(2) 
PARAMETRIC_REPRESENTATION_CONTEXT() REPRESENTATION_CONTEXT('2D SPACE',''
  ) );
#1899 = PCURVE('',#686,#1900);
#1900 = DEFINITIONAL_REPRESENTATION('',(#1901),#1904);
#1901 = B_SPLINE_CURVE_WITH_KNOTS('',1,(#1902,#1903),.UNSPECIFIED.,.F.,
  .F.,(2,2),(0.,0.42957701651),.PIECEWISE_BEZIER_KNOTS.);
#1902 = CARTESIAN_POINT('',(4.363323131295E-02,37.5));
#1903 = CARTESIAN_POINT('',(0.,37.5));
#1904 = ( GEOMETRIC_REPRESENTATION_CONTEXT(2) 
PARAMETRIC_REPRESENTATION_CONTEXT() REPRESENTATION_CONTEXT('2D SPACE',''
  ) );
#1905 = ORIENTED_EDGE('',*,*,#1906,.T.);
#1906 = EDGE_CURVE('',#1879,#1907,#1909,.T.);
#1907 = VERTEX_POINT('',#1908);
#1908 = CARTESIAN_POINT('',(273.275189304,333.927499926,176.));
#1909 = SURFACE_CURVE('',#1910,(#1923,#1939),.PCURVE_S1.);
#1910 = B_SPLINE_CURVE_WITH_KNOTS('',5,(#1911,#1912,#1913,#1914,#1915,
    #1916,#1917,#1918,#1919,#1920,#1921,#1922),.UNSPECIFIED.,.F.,.F.,(6,
    3,3,6),(0.,4.57903265674,9.15806556295,10.8358730247),
  .UNSPECIFIED.);
#1911 = CARTESIAN_POINT('',(269.473273908,327.731775997,176.));
#1912 = CARTESIAN_POINT('',(269.47397994,328.378054582,176.));
#1913 = CARTESIAN_POINT('',(269.549681009,329.024250666,176.));
#1914 = CARTESIAN_POINT('',(269.700398445,329.658846553,176.));
#1915 = CARTESIAN_POINT('',(270.146277879,330.881302138,176.));
#1916 = CARTESIAN_POINT('',(270.860248769,331.969165083,176.));
#1917 = CARTESIAN_POINT('',(271.279119765,332.469139747,176.));
#1918 = CARTESIAN_POINT('',(271.925418151,333.079578561,176.));
#1919 = CARTESIAN_POINT('',(272.655487397,333.577818729,176.));
#1920 = CARTESIAN_POINT('',(272.857746144,333.703565833,176.));
#1921 = CARTESIAN_POINT('',(273.064182739,333.820018759,176.));
#1922 = CARTESIAN_POINT('',(273.275189304,333.927499927,176.));
#1923 = PCURVE('',#179,#1924);
#1924 = DEFINITIONAL_REPRESENTATION('',(#1925),#1938);
#1925 = B_SPLINE_CURVE_WITH_KNOTS('',5,(#1926,#1927,#1928,#1929,#1930,
    #1931,#1932,#1933,#1934,#1935,#1936,#1937),.UNSPECIFIED.,.F.,.F.,(6,
    3,3,6),(0.,4.57903265674,9.15806556295,10.8358730247),
  .UNSPECIFIED.);
#1926 = CARTESIAN_POINT('',(-16.59757112177,-5.621183358146));
#1927 = CARTESIAN_POINT('',(-16.33292848898,-5.031572651988));
#1928 = CARTESIAN_POINT('',(-15.99986686982,-4.47267195538));
#1929 = CARTESIAN_POINT('',(-15.6030716561,-3.955002906969));
#1930 = CARTESIAN_POINT('',(-14.69672884719,-3.021327995831));
#1931 = CARTESIAN_POINT('',(-13.6006618215,-2.320016870803));
#1932 = CARTESIAN_POINT('',(-13.01409738066,-2.034763066852));
#1933 = CARTESIAN_POINT('',(-12.17482218099,-1.741583448511));
#1934 = CARTESIAN_POINT('',(-11.30491604806,-1.585034130896));
#1935 = CARTESIAN_POINT('',(-11.0689353623,-1.552877469865));
#1936 = CARTESIAN_POINT('',(-10.83293786856,-1.530910797847));
#1937 = CARTESIAN_POINT('',(-10.59643394717,-1.518999999657));
#1938 = ( GEOMETRIC_REPRESENTATION_CONTEXT(2) 
PARAMETRIC_REPRESENTATION_CONTEXT() REPRESENTATION_CONTEXT('2D SPACE',''
  ) );
#1939 = PCURVE('',#630,#1940);
#1940 = DEFINITIONAL_REPRESENTATION('',(#1941),#1967);
#1941 = B_SPLINE_CURVE_WITH_KNOTS('',3,(#1942,#1943,#1944,#1945,#1946,
    #1947,#1948,#1949,#1950,#1951,#1952,#1953,#1954,#1955,#1956,#1957,
    #1958,#1959,#1960,#1961,#1962,#1963,#1964,#1965,#1966),
  .UNSPECIFIED.,.F.,.F.,(4,1,1,1,1,1,1,1,1,1,1,1,1,1,1,1,1,1,1,1,1,1,4),
  (0.,0.492539682941,0.985079365882,1.477619048823,1.970158731764,
    2.462698414705,2.955238097645,3.447777780586,3.940317463527,
    4.432857146468,4.925396829409,5.41793651235,5.910476195291,
    6.403015878232,6.895555561173,7.388095244114,7.880634927055,
    8.373174609995,8.865714292936,9.358253975877,9.850793658818,
    10.343333341759,10.8358730247),.QUASI_UNIFORM_KNOTS.);
#1942 = CARTESIAN_POINT('',(3.140500197436,37.5));
#1943 = CARTESIAN_POINT('',(3.123857717993,37.5));
#1944 = CARTESIAN_POINT('',(3.0905726245,37.5));
#1945 = CARTESIAN_POINT('',(3.040644396451,37.5));
#1946 = CARTESIAN_POINT('',(2.990715245147,37.5));
#1947 = CARTESIAN_POINT('',(2.940785365222,37.5));
#1948 = CARTESIAN_POINT('',(2.890855150185,37.5));
#1949 = CARTESIAN_POINT('',(2.840925104912,37.5));
#1950 = CARTESIAN_POINT('',(2.790995681333,37.5));
#1951 = CARTESIAN_POINT('',(2.741067132565,37.5));
#1952 = CARTESIAN_POINT('',(2.691139395443,37.5));
#1953 = CARTESIAN_POINT('',(2.641211936478,37.5));
#1954 = CARTESIAN_POINT('',(2.591283932779,37.5));
#1955 = CARTESIAN_POINT('',(2.541355051883,37.5));
#1956 = CARTESIAN_POINT('',(2.49142536257,37.5));
#1957 = CARTESIAN_POINT('',(2.441495185146,37.5));
#1958 = CARTESIAN_POINT('',(2.391565099271,37.5));
#1959 = CARTESIAN_POINT('',(2.341635244441,37.5));
#1960 = CARTESIAN_POINT('',(2.291707226325,37.5));
#1961 = CARTESIAN_POINT('',(2.241776311427,37.5));
#1962 = CARTESIAN_POINT('',(2.191859937219,37.5));
#1963 = CARTESIAN_POINT('',(2.141877903359,37.5));
#1964 = CARTESIAN_POINT('',(2.091856402557,37.5));
#1965 = CARTESIAN_POINT('',(2.058547001465,37.5));
#1966 = CARTESIAN_POINT('',(2.041914646398,37.5));
#1967 = ( GEOMETRIC_REPRESENTATION_CONTEXT(2) 
PARAMETRIC_REPRESENTATION_CONTEXT() REPRESENTATION_CONTEXT('2D SPACE',''
  ) );
#1968 = ORIENTED_EDGE('',*,*,#1969,.T.);
#1969 = EDGE_CURVE('',#1907,#1970,#1972,.T.);
#1970 = VERTEX_POINT('',#1971);
#1971 = CARTESIAN_POINT('',(287.630796003,340.35208024,176.));
#1972 = SURFACE_CURVE('',#1973,(#1977,#1984),.PCURVE_S1.);
#1973 = LINE('',#1974,#1975);
#1974 = CARTESIAN_POINT('',(280.452992654,337.139790084,176.));
#1975 = VECTOR('',#1976,1.);
#1976 = DIRECTION('',(0.912762896221,0.40848977378,0.));
#1977 = PCURVE('',#179,#1978);
#1978 = DEFINITIONAL_REPRESENTATION('',(#1979),#1983);
#1979 = LINE('',#1980,#1981);
#1980 = CARTESIAN_POINT('',(-2.732613693374,-1.518999999131));
#1981 = VECTOR('',#1982,1.);
#1982 = DIRECTION('',(1.,0.));
#1983 = ( GEOMETRIC_REPRESENTATION_CONTEXT(2) 
PARAMETRIC_REPRESENTATION_CONTEXT() REPRESENTATION_CONTEXT('2D SPACE',''
  ) );
#1984 = PCURVE('',#261,#1985);
#1985 = DEFINITIONAL_REPRESENTATION('',(#1986),#1990);
#1986 = LINE('',#1987,#1988);
#1987 = CARTESIAN_POINT('',(7.933365477801,37.5));
#1988 = VECTOR('',#1989,1.);
#1989 = DIRECTION('',(1.,0.));
#1990 = ( GEOMETRIC_REPRESENTATION_CONTEXT(2) 
PARAMETRIC_REPRESENTATION_CONTEXT() REPRESENTATION_CONTEXT('2D SPACE',''
  ) );
#1991 = ORIENTED_EDGE('',*,*,#1992,.F.);
#1992 = EDGE_CURVE('',#164,#1970,#1993,.T.);
#1993 = SURFACE_CURVE('',#1994,(#1998,#2005),.PCURVE_S1.);
#1994 = LINE('',#1995,#1996);
#1995 = CARTESIAN_POINT('',(287.010300037,341.738567079,176.));
#1996 = VECTOR('',#1997,1.);
#1997 = DIRECTION('',(0.40848977378,-0.912762896221,0.));
#1998 = PCURVE('',#179,#1999);
#1999 = DEFINITIONAL_REPRESENTATION('',(#2000),#2004);
#2000 = LINE('',#2001,#2002);
#2001 = CARTESIAN_POINT('',(5.131206559294,4.119953267434E-10));
#2002 = VECTOR('',#2003,1.);
#2003 = DIRECTION('',(0.,-1.));
#2004 = ( GEOMETRIC_REPRESENTATION_CONTEXT(2) 
PARAMETRIC_REPRESENTATION_CONTEXT() REPRESENTATION_CONTEXT('2D SPACE',''
  ) );
#2005 = PCURVE('',#229,#2006);
#2006 = DEFINITIONAL_REPRESENTATION('',(#2007),#2011);
#2007 = LINE('',#2008,#2009);
#2008 = CARTESIAN_POINT('',(1.57079632685,107.84241063527));
#2009 = VECTOR('',#2010,1.);
#2010 = DIRECTION('',(3.362097376038E-15,1.));
#2011 = ( GEOMETRIC_REPRESENTATION_CONTEXT(2) 
PARAMETRIC_REPRESENTATION_CONTEXT() REPRESENTATION_CONTEXT('2D SPACE',''
  ) );
#2012 = ORIENTED_EDGE('',*,*,#163,.F.);
#2013 = ORIENTED_EDGE('',*,*,#1378,.T.);
#2014 = ORIENTED_EDGE('',*,*,#2015,.F.);
#2015 = EDGE_CURVE('',#2016,#1356,#2018,.T.);
#2016 = VERTEX_POINT('',#2017);
#2017 = CARTESIAN_POINT('',(266.435269755,327.724170611,176.));
#2018 = SURFACE_CURVE('',#2019,(#2026,#2036),.PCURVE_S1.);
#2019 = B_SPLINE_CURVE_WITH_KNOTS('',5,(#2020,#2021,#2022,#2023,#2024,
    #2025),.UNSPECIFIED.,.F.,.F.,(6,6),(0.,1.54492487054E-02),
  .PIECEWISE_BEZIER_KNOTS.);
#2020 = CARTESIAN_POINT('',(266.435269755,327.724170611,176.));
#2021 = CARTESIAN_POINT('',(266.435269755,327.726355466,176.));
#2022 = CARTESIAN_POINT('',(266.435270352,327.72854032,176.));
#2023 = CARTESIAN_POINT('',(266.435271544,327.730725174,176.));
#2024 = CARTESIAN_POINT('',(266.435273334,327.732910026,176.));
#2025 = CARTESIAN_POINT('',(266.435275721,327.735094878,176.));
#2026 = PCURVE('',#179,#2027);
#2027 = DEFINITIONAL_REPRESENTATION('',(#2028),#2035);
#2028 = B_SPLINE_CURVE_WITH_KNOTS('',5,(#2029,#2030,#2031,#2032,#2033,
    #2034),.UNSPECIFIED.,.F.,.F.,(6,6),(0.,1.54492487054E-02),
  .PIECEWISE_BEZIER_KNOTS.);
#2029 = CARTESIAN_POINT('',(-19.3736553136,-4.387131643097));
#2030 = CARTESIAN_POINT('',(-19.37276282268,-4.385137388519));
#2031 = CARTESIAN_POINT('',(-19.37186978724,-4.383143378723));
#2032 = CARTESIAN_POINT('',(-19.37097620871,-4.381149611978));
#2033 = CARTESIAN_POINT('',(-19.37008208517,-4.379156091335));
#2034 = CARTESIAN_POINT('',(-19.3691874167,-4.377162814561));
#2035 = ( GEOMETRIC_REPRESENTATION_CONTEXT(2) 
PARAMETRIC_REPRESENTATION_CONTEXT() REPRESENTATION_CONTEXT('2D SPACE',''
  ) );
#2036 = PCURVE('',#499,#2037);
#2037 = DEFINITIONAL_REPRESENTATION('',(#2038),#2041);
#2038 = B_SPLINE_CURVE_WITH_KNOTS('',1,(#2039,#2040),.UNSPECIFIED.,.F.,
  .F.,(2,2),(0.,1.54492487054E-02),.PIECEWISE_BEZIER_KNOTS.);
#2039 = CARTESIAN_POINT('',(3.14159265369,37.5));
#2040 = CARTESIAN_POINT('',(3.14050019745,37.5));
#2041 = ( GEOMETRIC_REPRESENTATION_CONTEXT(2) 
PARAMETRIC_REPRESENTATION_CONTEXT() REPRESENTATION_CONTEXT('2D SPACE',''
  ) );
#2042 = ORIENTED_EDGE('',*,*,#2043,.F.);
#2043 = EDGE_CURVE('',#2044,#2016,#2046,.T.);
#2044 = VERTEX_POINT('',#2045);
#2045 = CARTESIAN_POINT('',(266.444787283,327.287988446,176.));
#2046 = SURFACE_CURVE('',#2047,(#2054,#2064),.PCURVE_S1.);
#2047 = B_SPLINE_CURVE_WITH_KNOTS('',5,(#2048,#2049,#2050,#2051,#2052,
    #2053),.UNSPECIFIED.,.F.,.F.,(6,6),(0.,0.617038275428),
  .PIECEWISE_BEZIER_KNOTS.);
#2048 = CARTESIAN_POINT('',(266.444787283,327.287988446,176.));
#2049 = CARTESIAN_POINT('',(266.440981107,327.375164191,176.));
#2050 = CARTESIAN_POINT('',(266.438125814,327.462381449,176.));
#2051 = CARTESIAN_POINT('',(266.436221576,327.549652355,176.));
#2052 = CARTESIAN_POINT('',(266.435269757,327.636911785,176.));
#2053 = CARTESIAN_POINT('',(266.435269755,327.724170611,176.));
#2054 = PCURVE('',#179,#2055);
#2055 = DEFINITIONAL_REPRESENTATION('',(#2056),#2063);
#2056 = B_SPLINE_CURVE_WITH_KNOTS('',5,(#2057,#2058,#2059,#2060,#2061,
    #2062),.UNSPECIFIED.,.F.,.F.,(6,6),(0.,0.617038275428),
  .PIECEWISE_BEZIER_KNOTS.);
#2057 = CARTESIAN_POINT('',(-19.54314402109,-4.789150352162));
#2058 = CARTESIAN_POINT('',(-19.51100775696,-4.708024782702));
#2059 = CARTESIAN_POINT('',(-19.47798660448,-4.627249747698));
#2060 = CARTESIAN_POINT('',(-19.44407544962,-4.546814241032));
#2061 = CARTESIAN_POINT('',(-19.40929964987,-4.466778262654));
#2062 = CARTESIAN_POINT('',(-19.3736553136,-4.387131643097));
#2063 = ( GEOMETRIC_REPRESENTATION_CONTEXT(2) 
PARAMETRIC_REPRESENTATION_CONTEXT() REPRESENTATION_CONTEXT('2D SPACE',''
  ) );
#2064 = PCURVE('',#466,#2065);
#2065 = DEFINITIONAL_REPRESENTATION('',(#2066),#2069);
#2066 = B_SPLINE_CURVE_WITH_KNOTS('',1,(#2067,#2068),.UNSPECIFIED.,.F.,
  .F.,(2,2),(0.,0.617038275428),.PIECEWISE_BEZIER_KNOTS.);
#2067 = CARTESIAN_POINT('',(4.363323133245E-02,37.5));
#2068 = CARTESIAN_POINT('',(0.,37.5));
#2069 = ( GEOMETRIC_REPRESENTATION_CONTEXT(2) 
PARAMETRIC_REPRESENTATION_CONTEXT() REPRESENTATION_CONTEXT('2D SPACE',''
  ) );
#2070 = ORIENTED_EDGE('',*,*,#2071,.F.);
#2071 = EDGE_CURVE('',#2072,#2044,#2074,.T.);
#2072 = VERTEX_POINT('',#2073);
#2073 = CARTESIAN_POINT('',(266.56,324.649183382,176.));
#2074 = SURFACE_CURVE('',#2075,(#2079,#2086),.PCURVE_S1.);
#2075 = LINE('',#2076,#2077);
#2076 = CARTESIAN_POINT('',(266.502393641,325.968585914,176.));
#2077 = VECTOR('',#2078,1.);
#2078 = DIRECTION('',(-4.361938722052E-02,0.999048221588,0.));
#2079 = PCURVE('',#179,#2080);
#2080 = DEFINITIONAL_REPRESENTATION('',(#2081),#2085);
#2081 = LINE('',#2082,#2083);
#2082 = CARTESIAN_POINT('',(-20.02952551674,-6.016983636699));
#2083 = VECTOR('',#2084,1.);
#2084 = DIRECTION('',(0.368286823821,0.929712221819));
#2085 = ( GEOMETRIC_REPRESENTATION_CONTEXT(2) 
PARAMETRIC_REPRESENTATION_CONTEXT() REPRESENTATION_CONTEXT('2D SPACE',''
  ) );
#2086 = PCURVE('',#432,#2087);
#2087 = DEFINITIONAL_REPRESENTATION('',(#2088),#2092);
#2088 = LINE('',#2089,#2090);
#2089 = CARTESIAN_POINT('',(1.320659508232,37.5));
#2090 = VECTOR('',#2091,1.);
#2091 = DIRECTION('',(1.,0.));
#2092 = ( GEOMETRIC_REPRESENTATION_CONTEXT(2) 
PARAMETRIC_REPRESENTATION_CONTEXT() REPRESENTATION_CONTEXT('2D SPACE',''
  ) );
#2093 = ORIENTED_EDGE('',*,*,#2094,.F.);
#2094 = EDGE_CURVE('',#2095,#2072,#2097,.T.);
#2095 = VERTEX_POINT('',#2096);
#2096 = CARTESIAN_POINT('',(274.131060038,315.382668724,176.));
#2097 = SURFACE_CURVE('',#2098,(#2111,#2127),.PCURVE_S1.);
#2098 = B_SPLINE_CURVE_WITH_KNOTS('',5,(#2099,#2100,#2101,#2102,#2103,
    #2104,#2105,#2106,#2107,#2108,#2109,#2110),.UNSPECIFIED.,.F.,.F.,(6,
    3,3,6),(0.,6.58550706653,13.1710141567,18.177158147),.UNSPECIFIED.);
#2099 = CARTESIAN_POINT('',(274.131060037,315.382668724,176.));
#2100 = CARTESIAN_POINT('',(273.229197086,315.607528413,176.));
#2101 = CARTESIAN_POINT('',(272.353460495,315.93717285,176.));
#2102 = CARTESIAN_POINT('',(271.519975343,316.367632306,176.));
#2103 = CARTESIAN_POINT('',(269.968500667,317.414176608,176.));
#2104 = CARTESIAN_POINT('',(268.698308515,318.788560843,176.));
#2105 = CARTESIAN_POINT('',(268.146168479,319.546936869,176.));
#2106 = CARTESIAN_POINT('',(267.338391894,320.982291375,176.));
#2107 = CARTESIAN_POINT('',(266.839188261,322.546990287,176.));
#2108 = CARTESIAN_POINT('',(266.683985725,323.240125689,176.));
#2109 = CARTESIAN_POINT('',(266.59081982,323.943293436,176.));
#2110 = CARTESIAN_POINT('',(266.56,324.649183382,176.));
#2111 = PCURVE('',#179,#2112);
#2112 = DEFINITIONAL_REPRESENTATION('',(#2113),#2126);
#2113 = B_SPLINE_CURVE_WITH_KNOTS('',5,(#2114,#2115,#2116,#2117,#2118,
    #2119,#2120,#2121,#2122,#2123,#2124,#2125),.UNSPECIFIED.,.F.,.F.,(6,
    3,3,6),(0.,6.58550706653,13.1710141567,18.177158147),.UNSPECIFIED.);
#2114 = CARTESIAN_POINT('',(-17.39060080102,-18.79564828054));
#2115 = CARTESIAN_POINT('',(-18.12193495668,-18.22200290673));
#2116 = CARTESIAN_POINT('',(-18.78661844231,-17.56338625374));
#2117 = CARTESIAN_POINT('',(-19.3715544778,-16.83000867279));
#2118 = CARTESIAN_POINT('',(-20.36018035131,-15.24100032524));
#2119 = CARTESIAN_POINT('',(-20.95814271348,-13.46765288556));
#2120 = CARTESIAN_POINT('',(-21.15232680056,-12.54989182924));
#2121 = CARTESIAN_POINT('',(-21.30330765833,-10.90978501877));
#2122 = CARTESIAN_POINT('',(-21.1197987076,-9.27766632903));
#2123 = CARTESIAN_POINT('',(-20.9783231003,-8.581599403206));
#2124 = CARTESIAN_POINT('',(-20.77612464767,-7.901716654468));
#2125 = CARTESIAN_POINT('',(-20.51590701148,-7.244816921644));
#2126 = ( GEOMETRIC_REPRESENTATION_CONTEXT(2) 
PARAMETRIC_REPRESENTATION_CONTEXT() REPRESENTATION_CONTEXT('2D SPACE',''
  ) );
#2127 = PCURVE('',#405,#2128);
#2128 = DEFINITIONAL_REPRESENTATION('',(#2129),#2132);
#2129 = B_SPLINE_CURVE_WITH_KNOTS('',1,(#2130,#2131),.UNSPECIFIED.,.F.,
  .F.,(2,2),(0.,18.177158147),.PIECEWISE_BEZIER_KNOTS.);
#2130 = CARTESIAN_POINT('',(1.326450231426,37.5));
#2131 = CARTESIAN_POINT('',(4.363323123254E-02,37.5));
#2132 = ( GEOMETRIC_REPRESENTATION_CONTEXT(2) 
PARAMETRIC_REPRESENTATION_CONTEXT() REPRESENTATION_CONTEXT('2D SPACE',''
  ) );
#2133 = ORIENTED_EDGE('',*,*,#2134,.F.);
#2134 = EDGE_CURVE('',#2135,#2095,#2137,.T.);
#2135 = VERTEX_POINT('',#2136);
#2136 = CARTESIAN_POINT('',(276.274344935,314.848287781,176.));
#2137 = SURFACE_CURVE('',#2138,(#2142,#2149),.PCURVE_S1.);
#2138 = LINE('',#2139,#2140);
#2139 = CARTESIAN_POINT('',(275.202702486,315.115478253,176.));
#2140 = VECTOR('',#2141,1.);
#2141 = DIRECTION('',(-0.970295726285,0.241921895564,0.));
#2142 = PCURVE('',#179,#2143);
#2143 = DEFINITIONAL_REPRESENTATION('',(#2144),#2148);
#2144 = LINE('',#2145,#2146);
#2145 = CARTESIAN_POINT('',(-16.52158991062,-19.47728481025));
#2146 = VECTOR('',#2147,1.);
#2147 = DIRECTION('',(-0.786827316923,0.617173211784));
#2148 = ( GEOMETRIC_REPRESENTATION_CONTEXT(2) 
PARAMETRIC_REPRESENTATION_CONTEXT() REPRESENTATION_CONTEXT('2D SPACE',''
  ) );
#2149 = PCURVE('',#1340,#2150);
#2150 = DEFINITIONAL_REPRESENTATION('',(#2151),#2155);
#2151 = LINE('',#2152,#2153);
#2152 = CARTESIAN_POINT('',(4.684358153036,37.5));
#2153 = VECTOR('',#2154,1.);
#2154 = DIRECTION('',(1.,0.));
#2155 = ( GEOMETRIC_REPRESENTATION_CONTEXT(2) 
PARAMETRIC_REPRESENTATION_CONTEXT() REPRESENTATION_CONTEXT('2D SPACE',''
  ) );
#2156 = ORIENTED_EDGE('',*,*,#2157,.T.);
#2157 = EDGE_CURVE('',#2135,#2158,#2160,.T.);
#2158 = VERTEX_POINT('',#2159);
#2159 = CARTESIAN_POINT('',(287.782207829,302.399151839,176.));
#2160 = SURFACE_CURVE('',#2161,(#2174,#2190),.PCURVE_S1.);
#2161 = B_SPLINE_CURVE_WITH_KNOTS('',5,(#2162,#2163,#2164,#2165,#2166,
    #2167,#2168,#2169,#2170,#2171,#2172,#2173),.UNSPECIFIED.,.F.,.F.,(6,
    3,3,6),(0.,10.9212415168,21.842483062,25.431018457),.UNSPECIFIED.);
#2162 = CARTESIAN_POINT('',(276.274344935,314.848287781,176.));
#2163 = CARTESIAN_POINT('',(277.769498957,314.475504015,176.));
#2164 = CARTESIAN_POINT('',(279.218207302,313.916439531,176.));
#2165 = CARTESIAN_POINT('',(280.589753697,313.178634288,176.));
#2166 = CARTESIAN_POINT('',(283.119613806,311.377229294,176.));
#2167 = CARTESIAN_POINT('',(285.130120637,309.010142865,176.));
#2168 = CARTESIAN_POINT('',(285.982159907,307.7064845,176.));
#2169 = CARTESIAN_POINT('',(286.886296314,305.852077398,176.));
#2170 = CARTESIAN_POINT('',(287.469807336,303.887958283,176.));
#2171 = CARTESIAN_POINT('',(287.594629666,303.394487507,176.));
#2172 = CARTESIAN_POINT('',(287.698640549,302.898530213,176.));
#2173 = CARTESIAN_POINT('',(287.782207829,302.399151839,176.));
#2174 = PCURVE('',#179,#2175);
#2175 = DEFINITIONAL_REPRESENTATION('',(#2176),#2189);
#2176 = B_SPLINE_CURVE_WITH_KNOTS('',5,(#2177,#2178,#2179,#2180,#2181,
    #2182,#2183,#2184,#2185,#2186,#2187,#2188),.UNSPECIFIED.,.F.,.F.,(6,
    3,3,6),(0.,10.9212415168,21.842483062,25.431018457),.UNSPECIFIED.);
#2177 = CARTESIAN_POINT('',(-15.65257902062,-20.15892134088));
#2178 = CARTESIAN_POINT('',(-14.44013626144,-21.10993965901));
#2179 = CARTESIAN_POINT('',(-13.34618116128,-22.21201552073));
#2180 = CARTESIAN_POINT('',(-12.39567039828,-23.4457194478));
#2181 = CARTESIAN_POINT('',(-10.82236347664,-26.12339707101));
#2182 = CARTESIAN_POINT('',(-9.954178038613,-29.10525721612));
#2183 = CARTESIAN_POINT('',(-9.708999317439,-30.6432375297));
#2184 = CARTESIAN_POINT('',(-9.641243489599,-32.70520200325));
#2185 = CARTESIAN_POINT('',(-9.910958852145,-34.73633534056));
#2186 = CARTESIAN_POINT('',(-9.998603426356,-35.2377458006));
#2187 = CARTESIAN_POINT('',(-10.10625963438,-35.73292459874));
#2188 = CARTESIAN_POINT('',(-10.23397348088,-36.22287502901));
#2189 = ( GEOMETRIC_REPRESENTATION_CONTEXT(2) 
PARAMETRIC_REPRESENTATION_CONTEXT() REPRESENTATION_CONTEXT('2D SPACE',''
  ) );
#2190 = PCURVE('',#1314,#2191);
#2191 = DEFINITIONAL_REPRESENTATION('',(#2192),#2218);
#2192 = B_SPLINE_CURVE_WITH_KNOTS('',3,(#2193,#2194,#2195,#2196,#2197,
    #2198,#2199,#2200,#2201,#2202,#2203,#2204,#2205,#2206,#2207,#2208,
    #2209,#2210,#2211,#2212,#2213,#2214,#2215,#2216,#2217),
  .UNSPECIFIED.,.F.,.F.,(4,1,1,1,1,1,1,1,1,1,1,1,1,1,1,1,1,1,1,1,1,1,4),
  (0.,1.155955384409,2.311910768818,3.467866153227,4.623821537636,
    5.779776922045,6.935732306455,8.091687690864,9.247643075273,
    10.403598459682,11.559553844091,12.7155092285,13.871464612909,
    15.027419997318,16.183375381727,17.339330766136,18.495286150545,
    19.651241534955,20.807196919364,21.963152303773,23.119107688182,
    24.275063072591,25.431018457),.QUASI_UNIFORM_KNOTS.);
#2193 = CARTESIAN_POINT('',(1.160643952586,86.385));
#2194 = CARTESIAN_POINT('',(1.143061115697,86.385));
#2195 = CARTESIAN_POINT('',(1.107895260325,86.385));
#2196 = CARTESIAN_POINT('',(1.055145674693,86.385));
#2197 = CARTESIAN_POINT('',(1.00239482716,86.385));
#2198 = CARTESIAN_POINT('',(0.94964296374,86.385));
#2199 = CARTESIAN_POINT('',(0.896890605225,86.385));
#2200 = CARTESIAN_POINT('',(0.844138433059,86.385));
#2201 = CARTESIAN_POINT('',(0.791387070905,86.385));
#2202 = CARTESIAN_POINT('',(0.738636892676,86.385));
#2203 = CARTESIAN_POINT('',(0.685887857847,86.385));
#2204 = CARTESIAN_POINT('',(0.633139342636,86.385));
#2205 = CARTESIAN_POINT('',(0.580390219799,86.385));
#2206 = CARTESIAN_POINT('',(0.527639929015,86.385));
#2207 = CARTESIAN_POINT('',(0.474888475616,86.385));
#2208 = CARTESIAN_POINT('',(0.422136248656,86.385));
#2209 = CARTESIAN_POINT('',(0.369383945587,86.385));
#2210 = CARTESIAN_POINT('',(0.316632016444,86.385));
#2211 = CARTESIAN_POINT('',(0.263881803233,86.385));
#2212 = CARTESIAN_POINT('',(0.21113036158,86.385));
#2213 = CARTESIAN_POINT('',(0.158388943857,86.385));
#2214 = CARTESIAN_POINT('',(0.105613045999,86.385));
#2215 = CARTESIAN_POINT('',(5.276542998342E-02,86.385));
#2216 = CARTESIAN_POINT('',(1.757279336332E-02,86.385));
#2217 = CARTESIAN_POINT('',(0.,86.385));
#2218 = ( GEOMETRIC_REPRESENTATION_CONTEXT(2) 
PARAMETRIC_REPRESENTATION_CONTEXT() REPRESENTATION_CONTEXT('2D SPACE',''
  ) );
#2219 = ORIENTED_EDGE('',*,*,#2220,.F.);
#2220 = EDGE_CURVE('',#1408,#2158,#2221,.T.);
#2221 = SURFACE_CURVE('',#2222,(#2226,#2233),.PCURVE_S1.);
#2222 = LINE('',#2223,#2224);
#2223 = CARTESIAN_POINT('',(287.968759997,301.284360041,176.));
#2224 = VECTOR('',#2225,1.);
#2225 = DIRECTION('',(-0.165047605699,0.986285601564,0.));
#2226 = PCURVE('',#179,#2227);
#2227 = DEFINITIONAL_REPRESENTATION('',(#2228),#2232);
#2228 = LINE('',#2229,#2230);
#2229 = CARTESIAN_POINT('',(-10.5190766331,-37.31662027214));
#2230 = VECTOR('',#2231,1.);
#2231 = DIRECTION('',(0.252238251673,0.9676651613));
#2232 = ( GEOMETRIC_REPRESENTATION_CONTEXT(2) 
PARAMETRIC_REPRESENTATION_CONTEXT() REPRESENTATION_CONTEXT('2D SPACE',''
  ) );
#2233 = PCURVE('',#1285,#2234);
#2234 = DEFINITIONAL_REPRESENTATION('',(#2235),#2239);
#2235 = LINE('',#2236,#2237);
#2236 = CARTESIAN_POINT('',(1.130293088762,37.5));
#2237 = VECTOR('',#2238,1.);
#2238 = DIRECTION('',(1.,0.));
#2239 = ( GEOMETRIC_REPRESENTATION_CONTEXT(2) 
PARAMETRIC_REPRESENTATION_CONTEXT() REPRESENTATION_CONTEXT('2D SPACE',''
  ) );
#2240 = ADVANCED_FACE('',(#2241),#229,.T.);
#2241 = FACE_BOUND('',#2242,.T.);
#2242 = EDGE_LOOP('',(#2243,#2244,#2245,#2246));
#2243 = ORIENTED_EDGE('',*,*,#295,.F.);
#2244 = ORIENTED_EDGE('',*,*,#191,.F.);
#2245 = ORIENTED_EDGE('',*,*,#1992,.T.);
#2246 = ORIENTED_EDGE('',*,*,#2247,.F.);
#2247 = EDGE_CURVE('',#246,#1970,#2248,.T.);
#2248 = SURFACE_CURVE('',#2249,(#2254,#2261),.PCURVE_S1.);
#2249 = CIRCLE('',#2250,5.5);
#2250 = AXIS2_PLACEMENT_3D('',#2251,#2252,#2253);
#2251 = CARTESIAN_POINT('',(287.630796003,340.35208024,170.5));
#2252 = DIRECTION('',(0.40848977378,-0.912762896221,0.));
#2253 = DIRECTION('',(-0.912762896221,-0.40848977378,0.));
#2254 = PCURVE('',#229,#2255);
#2255 = DEFINITIONAL_REPRESENTATION('',(#2256),#2260);
#2256 = LINE('',#2257,#2258);
#2257 = CARTESIAN_POINT('',(-3.14159265359,109.36141063479));
#2258 = VECTOR('',#2259,1.);
#2259 = DIRECTION('',(1.,0.));
#2260 = ( GEOMETRIC_REPRESENTATION_CONTEXT(2) 
PARAMETRIC_REPRESENTATION_CONTEXT() REPRESENTATION_CONTEXT('2D SPACE',''
  ) );
#2261 = PCURVE('',#261,#2262);
#2262 = DEFINITIONAL_REPRESENTATION('',(#2263),#2267);
#2263 = CIRCLE('',#2264,5.5);
#2264 = AXIS2_PLACEMENT_2D('',#2265,#2266);
#2265 = CARTESIAN_POINT('',(15.797185730277,32.));
#2266 = DIRECTION('',(-1.,0.));
#2267 = ( GEOMETRIC_REPRESENTATION_CONTEXT(2) 
PARAMETRIC_REPRESENTATION_CONTEXT() REPRESENTATION_CONTEXT('2D SPACE',''
  ) );
#2268 = ADVANCED_FACE('',(#2269),#261,.T.);
#2269 = FACE_BOUND('',#2270,.T.);
#2270 = EDGE_LOOP('',(#2271,#2272,#2293,#2294,#2295,#2296));
#2271 = ORIENTED_EDGE('',*,*,#1969,.F.);
#2272 = ORIENTED_EDGE('',*,*,#2273,.F.);
#2273 = EDGE_CURVE('',#574,#1907,#2274,.T.);
#2274 = SURFACE_CURVE('',#2275,(#2279,#2286),.PCURVE_S1.);
#2275 = LINE('',#2276,#2277);
#2276 = CARTESIAN_POINT('',(273.275189304,333.927499927,157.25));
#2277 = VECTOR('',#2278,1.);
#2278 = DIRECTION('',(0.,0.,1.));
#2279 = PCURVE('',#261,#2280);
#2280 = DEFINITIONAL_REPRESENTATION('',(#2281),#2285);
#2281 = LINE('',#2282,#2283);
#2282 = CARTESIAN_POINT('',(6.954522400391E-02,18.75));
#2283 = VECTOR('',#2284,1.);
#2284 = DIRECTION('',(0.,1.));
#2285 = ( GEOMETRIC_REPRESENTATION_CONTEXT(2) 
PARAMETRIC_REPRESENTATION_CONTEXT() REPRESENTATION_CONTEXT('2D SPACE',''
  ) );
#2286 = PCURVE('',#630,#2287);
#2287 = DEFINITIONAL_REPRESENTATION('',(#2288),#2292);
#2288 = LINE('',#2289,#2290);
#2289 = CARTESIAN_POINT('',(2.041914646398,18.75));
#2290 = VECTOR('',#2291,1.);
#2291 = DIRECTION('',(0.,1.));
#2292 = ( GEOMETRIC_REPRESENTATION_CONTEXT(2) 
PARAMETRIC_REPRESENTATION_CONTEXT() REPRESENTATION_CONTEXT('2D SPACE',''
  ) );
#2293 = ORIENTED_EDGE('',*,*,#573,.T.);
#2294 = ORIENTED_EDGE('',*,*,#344,.T.);
#2295 = ORIENTED_EDGE('',*,*,#243,.T.);
#2296 = ORIENTED_EDGE('',*,*,#2247,.T.);
#2297 = ADVANCED_FACE('',(#2298),#405,.T.);
#2298 = FACE_BOUND('',#2299,.T.);
#2299 = EDGE_LOOP('',(#2300,#2321,#2322,#2343));
#2300 = ORIENTED_EDGE('',*,*,#2301,.T.);
#2301 = EDGE_CURVE('',#370,#2095,#2302,.T.);
#2302 = SURFACE_CURVE('',#2303,(#2307,#2314),.PCURVE_S1.);
#2303 = LINE('',#2304,#2305);
#2304 = CARTESIAN_POINT('',(274.131060038,315.382668724,138.5));
#2305 = VECTOR('',#2306,1.);
#2306 = DIRECTION('',(0.,0.,1.));
#2307 = PCURVE('',#405,#2308);
#2308 = DEFINITIONAL_REPRESENTATION('',(#2309),#2313);
#2309 = LINE('',#2310,#2311);
#2310 = CARTESIAN_POINT('',(1.326450231523,0.));
#2311 = VECTOR('',#2312,1.);
#2312 = DIRECTION('',(0.,1.));
#2313 = ( GEOMETRIC_REPRESENTATION_CONTEXT(2) 
PARAMETRIC_REPRESENTATION_CONTEXT() REPRESENTATION_CONTEXT('2D SPACE',''
  ) );
#2314 = PCURVE('',#1340,#2315);
#2315 = DEFINITIONAL_REPRESENTATION('',(#2316),#2320);
#2316 = LINE('',#2317,#2318);
#2317 = CARTESIAN_POINT('',(5.788807465657,0.));
#2318 = VECTOR('',#2319,1.);
#2319 = DIRECTION('',(0.,1.));
#2320 = ( GEOMETRIC_REPRESENTATION_CONTEXT(2) 
PARAMETRIC_REPRESENTATION_CONTEXT() REPRESENTATION_CONTEXT('2D SPACE',''
  ) );
#2321 = ORIENTED_EDGE('',*,*,#2094,.T.);
#2322 = ORIENTED_EDGE('',*,*,#2323,.F.);
#2323 = EDGE_CURVE('',#372,#2072,#2324,.T.);
#2324 = SURFACE_CURVE('',#2325,(#2329,#2336),.PCURVE_S1.);
#2325 = LINE('',#2326,#2327);
#2326 = CARTESIAN_POINT('',(266.56,324.649183382,138.5));
#2327 = VECTOR('',#2328,1.);
#2328 = DIRECTION('',(0.,0.,1.));
#2329 = PCURVE('',#405,#2330);
#2330 = DEFINITIONAL_REPRESENTATION('',(#2331),#2335);
#2331 = LINE('',#2332,#2333);
#2332 = CARTESIAN_POINT('',(4.363323123254E-02,0.));
#2333 = VECTOR('',#2334,1.);
#2334 = DIRECTION('',(0.,1.));
#2335 = ( GEOMETRIC_REPRESENTATION_CONTEXT(2) 
PARAMETRIC_REPRESENTATION_CONTEXT() REPRESENTATION_CONTEXT('2D SPACE',''
  ) );
#2336 = PCURVE('',#432,#2337);
#2337 = DEFINITIONAL_REPRESENTATION('',(#2338),#2342);
#2338 = LINE('',#2339,#2340);
#2339 = CARTESIAN_POINT('',(9.990653662081E-10,0.));
#2340 = VECTOR('',#2341,1.);
#2341 = DIRECTION('',(0.,1.));
#2342 = ( GEOMETRIC_REPRESENTATION_CONTEXT(2) 
PARAMETRIC_REPRESENTATION_CONTEXT() REPRESENTATION_CONTEXT('2D SPACE',''
  ) );
#2343 = ORIENTED_EDGE('',*,*,#369,.F.);
#2344 = ADVANCED_FACE('',(#2345),#432,.F.);
#2345 = FACE_BOUND('',#2346,.T.);
#2346 = EDGE_LOOP('',(#2347,#2348,#2349,#2370));
#2347 = ORIENTED_EDGE('',*,*,#2323,.T.);
#2348 = ORIENTED_EDGE('',*,*,#2071,.T.);
#2349 = ORIENTED_EDGE('',*,*,#2350,.F.);
#2350 = EDGE_CURVE('',#417,#2044,#2351,.T.);
#2351 = SURFACE_CURVE('',#2352,(#2356,#2363),.PCURVE_S1.);
#2352 = LINE('',#2353,#2354);
#2353 = CARTESIAN_POINT('',(266.444787283,327.287988447,157.25));
#2354 = VECTOR('',#2355,1.);
#2355 = DIRECTION('',(0.,0.,1.));
#2356 = PCURVE('',#432,#2357);
#2357 = DEFINITIONAL_REPRESENTATION('',(#2358),#2362);
#2358 = LINE('',#2359,#2360);
#2359 = CARTESIAN_POINT('',(2.641319016421,18.75));
#2360 = VECTOR('',#2361,1.);
#2361 = DIRECTION('',(0.,1.));
#2362 = ( GEOMETRIC_REPRESENTATION_CONTEXT(2) 
PARAMETRIC_REPRESENTATION_CONTEXT() REPRESENTATION_CONTEXT('2D SPACE',''
  ) );
#2363 = PCURVE('',#466,#2364);
#2364 = DEFINITIONAL_REPRESENTATION('',(#2365),#2369);
#2365 = LINE('',#2366,#2367);
#2366 = CARTESIAN_POINT('',(4.363323123254E-02,18.75));
#2367 = VECTOR('',#2368,1.);
#2368 = DIRECTION('',(0.,1.));
#2369 = ( GEOMETRIC_REPRESENTATION_CONTEXT(2) 
PARAMETRIC_REPRESENTATION_CONTEXT() REPRESENTATION_CONTEXT('2D SPACE',''
  ) );
#2370 = ORIENTED_EDGE('',*,*,#416,.F.);
#2371 = ADVANCED_FACE('',(#2372),#466,.T.);
#2372 = FACE_BOUND('',#2373,.T.);
#2373 = EDGE_LOOP('',(#2374,#2395,#2396,#2397));
#2374 = ORIENTED_EDGE('',*,*,#2375,.F.);
#2375 = EDGE_CURVE('',#445,#2016,#2376,.T.);
#2376 = SURFACE_CURVE('',#2377,(#2381,#2388),.PCURVE_S1.);
#2377 = LINE('',#2378,#2379);
#2378 = CARTESIAN_POINT('',(266.435269754,327.724170612,138.5));
#2379 = VECTOR('',#2380,1.);
#2380 = DIRECTION('',(0.,0.,1.));
#2381 = PCURVE('',#466,#2382);
#2382 = DEFINITIONAL_REPRESENTATION('',(#2383),#2387);
#2383 = LINE('',#2384,#2385);
#2384 = CARTESIAN_POINT('',(0.,0.));
#2385 = VECTOR('',#2386,1.);
#2386 = DIRECTION('',(0.,1.));
#2387 = ( GEOMETRIC_REPRESENTATION_CONTEXT(2) 
PARAMETRIC_REPRESENTATION_CONTEXT() REPRESENTATION_CONTEXT('2D SPACE',''
  ) );
#2388 = PCURVE('',#499,#2389);
#2389 = DEFINITIONAL_REPRESENTATION('',(#2390),#2394);
#2390 = LINE('',#2391,#2392);
#2391 = CARTESIAN_POINT('',(3.14159265359,0.));
#2392 = VECTOR('',#2393,1.);
#2393 = DIRECTION('',(0.,1.));
#2394 = ( GEOMETRIC_REPRESENTATION_CONTEXT(2) 
PARAMETRIC_REPRESENTATION_CONTEXT() REPRESENTATION_CONTEXT('2D SPACE',''
  ) );
#2395 = ORIENTED_EDGE('',*,*,#444,.F.);
#2396 = ORIENTED_EDGE('',*,*,#2350,.T.);
#2397 = ORIENTED_EDGE('',*,*,#2043,.T.);
#2398 = ADVANCED_FACE('',(#2399),#499,.T.);
#2399 = FACE_BOUND('',#2400,.T.);
#2400 = EDGE_LOOP('',(#2401,#2402,#2403,#2404));
#2401 = ORIENTED_EDGE('',*,*,#2375,.T.);
#2402 = ORIENTED_EDGE('',*,*,#2015,.T.);
#2403 = ORIENTED_EDGE('',*,*,#1355,.F.);
#2404 = ORIENTED_EDGE('',*,*,#477,.F.);
#2405 = ADVANCED_FACE('',(#2406),#630,.F.);
#2406 = FACE_BOUND('',#2407,.F.);
#2407 = EDGE_LOOP('',(#2408,#2409,#2430,#2431));
#2408 = ORIENTED_EDGE('',*,*,#596,.F.);
#2409 = ORIENTED_EDGE('',*,*,#2410,.T.);
#2410 = EDGE_CURVE('',#597,#1879,#2411,.T.);
#2411 = SURFACE_CURVE('',#2412,(#2416,#2423),.PCURVE_S1.);
#2412 = LINE('',#2413,#2414);
#2413 = CARTESIAN_POINT('',(269.473269754,327.724170612,138.5));
#2414 = VECTOR('',#2415,1.);
#2415 = DIRECTION('',(0.,0.,1.));
#2416 = PCURVE('',#630,#2417);
#2417 = DEFINITIONAL_REPRESENTATION('',(#2418),#2422);
#2418 = LINE('',#2419,#2420);
#2419 = CARTESIAN_POINT('',(3.14159265359,0.));
#2420 = VECTOR('',#2421,1.);
#2421 = DIRECTION('',(0.,1.));
#2422 = ( GEOMETRIC_REPRESENTATION_CONTEXT(2) 
PARAMETRIC_REPRESENTATION_CONTEXT() REPRESENTATION_CONTEXT('2D SPACE',''
  ) );
#2423 = PCURVE('',#686,#2424);
#2424 = DEFINITIONAL_REPRESENTATION('',(#2425),#2429);
#2425 = LINE('',#2426,#2427);
#2426 = CARTESIAN_POINT('',(0.,0.));
#2427 = VECTOR('',#2428,1.);
#2428 = DIRECTION('',(0.,1.));
#2429 = ( GEOMETRIC_REPRESENTATION_CONTEXT(2) 
PARAMETRIC_REPRESENTATION_CONTEXT() REPRESENTATION_CONTEXT('2D SPACE',''
  ) );
#2430 = ORIENTED_EDGE('',*,*,#1906,.T.);
#2431 = ORIENTED_EDGE('',*,*,#2273,.F.);
#2432 = ADVANCED_FACE('',(#2433),#686,.F.);
#2433 = FACE_BOUND('',#2434,.F.);
#2434 = EDGE_LOOP('',(#2435,#2436,#2437,#2458));
#2435 = ORIENTED_EDGE('',*,*,#2410,.F.);
#2436 = ORIENTED_EDGE('',*,*,#664,.F.);
#2437 = ORIENTED_EDGE('',*,*,#2438,.T.);
#2438 = EDGE_CURVE('',#665,#1856,#2439,.T.);
#2439 = SURFACE_CURVE('',#2440,(#2444,#2451),.PCURVE_S1.);
#2440 = LINE('',#2441,#2442);
#2441 = CARTESIAN_POINT('',(269.47989578,327.420504145,138.5));
#2442 = VECTOR('',#2443,1.);
#2443 = DIRECTION('',(0.,0.,1.));
#2444 = PCURVE('',#686,#2445);
#2445 = DEFINITIONAL_REPRESENTATION('',(#2446),#2450);
#2446 = LINE('',#2447,#2448);
#2447 = CARTESIAN_POINT('',(4.363323131921E-02,0.));
#2448 = VECTOR('',#2449,1.);
#2449 = DIRECTION('',(0.,1.));
#2450 = ( GEOMETRIC_REPRESENTATION_CONTEXT(2) 
PARAMETRIC_REPRESENTATION_CONTEXT() REPRESENTATION_CONTEXT('2D SPACE',''
  ) );
#2451 = PCURVE('',#713,#2452);
#2452 = DEFINITIONAL_REPRESENTATION('',(#2453),#2457);
#2453 = LINE('',#2454,#2455);
#2454 = CARTESIAN_POINT('',(2.641319015422,0.));
#2455 = VECTOR('',#2456,1.);
#2456 = DIRECTION('',(0.,1.));
#2457 = ( GEOMETRIC_REPRESENTATION_CONTEXT(2) 
PARAMETRIC_REPRESENTATION_CONTEXT() REPRESENTATION_CONTEXT('2D SPACE',''
  ) );
#2458 = ORIENTED_EDGE('',*,*,#1878,.T.);
#2459 = ADVANCED_FACE('',(#2460),#713,.T.);
#2460 = FACE_BOUND('',#2461,.T.);
#2461 = EDGE_LOOP('',(#2462,#2463,#2464,#2485));
#2462 = ORIENTED_EDGE('',*,*,#2438,.T.);
#2463 = ORIENTED_EDGE('',*,*,#1855,.F.);
#2464 = ORIENTED_EDGE('',*,*,#2465,.F.);
#2465 = EDGE_CURVE('',#698,#1816,#2466,.T.);
#2466 = SURFACE_CURVE('',#2467,(#2471,#2478),.PCURVE_S1.);
#2467 = LINE('',#2468,#2469);
#2468 = CARTESIAN_POINT('',(269.595108497,324.78169908,157.25));
#2469 = VECTOR('',#2470,1.);
#2470 = DIRECTION('',(0.,0.,1.));
#2471 = PCURVE('',#713,#2472);
#2472 = DEFINITIONAL_REPRESENTATION('',(#2473),#2477);
#2473 = LINE('',#2474,#2475);
#2474 = CARTESIAN_POINT('',(0.,18.75));
#2475 = VECTOR('',#2476,1.);
#2476 = DIRECTION('',(0.,1.));
#2477 = ( GEOMETRIC_REPRESENTATION_CONTEXT(2) 
PARAMETRIC_REPRESENTATION_CONTEXT() REPRESENTATION_CONTEXT('2D SPACE',''
  ) );
#2478 = PCURVE('',#759,#2479);
#2479 = DEFINITIONAL_REPRESENTATION('',(#2480),#2484);
#2480 = LINE('',#2481,#2482);
#2481 = CARTESIAN_POINT('',(4.363323131921E-02,18.75));
#2482 = VECTOR('',#2483,1.);
#2483 = DIRECTION('',(0.,1.));
#2484 = ( GEOMETRIC_REPRESENTATION_CONTEXT(2) 
PARAMETRIC_REPRESENTATION_CONTEXT() REPRESENTATION_CONTEXT('2D SPACE',''
  ) );
#2485 = ORIENTED_EDGE('',*,*,#697,.T.);
#2486 = ADVANCED_FACE('',(#2487),#759,.F.);
#2487 = FACE_BOUND('',#2488,.F.);
#2488 = EDGE_LOOP('',(#2489,#2490,#2511,#2512));
#2489 = ORIENTED_EDGE('',*,*,#725,.F.);
#2490 = ORIENTED_EDGE('',*,*,#2491,.T.);
#2491 = EDGE_CURVE('',#726,#1793,#2492,.T.);
#2492 = SURFACE_CURVE('',#2493,(#2497,#2504),.PCURVE_S1.);
#2493 = LINE('',#2494,#2495);
#2494 = CARTESIAN_POINT('',(274.866018756,318.33042714,138.5));
#2495 = VECTOR('',#2496,1.);
#2496 = DIRECTION('',(0.,0.,1.));
#2497 = PCURVE('',#759,#2498);
#2498 = DEFINITIONAL_REPRESENTATION('',(#2499),#2503);
#2499 = LINE('',#2500,#2501);
#2500 = CARTESIAN_POINT('',(1.326450231425,0.));
#2501 = VECTOR('',#2502,1.);
#2502 = DIRECTION('',(0.,1.));
#2503 = ( GEOMETRIC_REPRESENTATION_CONTEXT(2) 
PARAMETRIC_REPRESENTATION_CONTEXT() REPRESENTATION_CONTEXT('2D SPACE',''
  ) );
#2504 = PCURVE('',#786,#2505);
#2505 = DEFINITIONAL_REPRESENTATION('',(#2506),#2510);
#2506 = LINE('',#2507,#2508);
#2507 = CARTESIAN_POINT('',(5.788807466627,0.));
#2508 = VECTOR('',#2509,1.);
#2509 = DIRECTION('',(0.,1.));
#2510 = ( GEOMETRIC_REPRESENTATION_CONTEXT(2) 
PARAMETRIC_REPRESENTATION_CONTEXT() REPRESENTATION_CONTEXT('2D SPACE',''
  ) );
#2511 = ORIENTED_EDGE('',*,*,#1815,.T.);
#2512 = ORIENTED_EDGE('',*,*,#2465,.F.);
#2513 = ADVANCED_FACE('',(#2514),#786,.T.);
#2514 = FACE_BOUND('',#2515,.T.);
#2515 = EDGE_LOOP('',(#2516,#2517,#2518,#2519));
#2516 = ORIENTED_EDGE('',*,*,#770,.T.);
#2517 = ORIENTED_EDGE('',*,*,#2491,.T.);
#2518 = ORIENTED_EDGE('',*,*,#1792,.F.);
#2519 = ORIENTED_EDGE('',*,*,#2520,.F.);
#2520 = EDGE_CURVE('',#771,#1769,#2521,.T.);
#2521 = SURFACE_CURVE('',#2522,(#2526,#2533),.PCURVE_S1.);
#2522 = LINE('',#2523,#2524);
#2523 = CARTESIAN_POINT('',(277.008031346,317.796363418,157.25));
#2524 = VECTOR('',#2525,1.);
#2525 = DIRECTION('',(4.81941242469E-11,-1.20159408349E-11,1.));
#2526 = PCURVE('',#786,#2527);
#2527 = DEFINITIONAL_REPRESENTATION('',(#2528),#2532);
#2528 = LINE('',#2529,#2530);
#2529 = CARTESIAN_POINT('',(3.581220096923,18.75));
#2530 = VECTOR('',#2531,1.);
#2531 = DIRECTION('',(-4.966947197257E-11,1.));
#2532 = ( GEOMETRIC_REPRESENTATION_CONTEXT(2) 
PARAMETRIC_REPRESENTATION_CONTEXT() REPRESENTATION_CONTEXT('2D SPACE',''
  ) );
#2533 = PCURVE('',#832,#2534);
#2534 = DEFINITIONAL_REPRESENTATION('',(#2535),#2539);
#2535 = LINE('',#2536,#2537);
#2536 = CARTESIAN_POINT('',(1.160643952593,67.635));
#2537 = VECTOR('',#2538,1.);
#2538 = DIRECTION('',(-2.684833096585E-12,1.));
#2539 = ( GEOMETRIC_REPRESENTATION_CONTEXT(2) 
PARAMETRIC_REPRESENTATION_CONTEXT() REPRESENTATION_CONTEXT('2D SPACE',''
  ) );
#2540 = ADVANCED_FACE('',(#2541),#832,.T.);
#2541 = FACE_BOUND('',#2542,.T.);
#2542 = EDGE_LOOP('',(#2543,#2564,#2565,#2566));
#2543 = ORIENTED_EDGE('',*,*,#2544,.F.);
#2544 = EDGE_CURVE('',#799,#1746,#2545,.T.);
#2545 = SURFACE_CURVE('',#2546,(#2550,#2557),.PCURVE_S1.);
#2546 = LINE('',#2547,#2548);
#2547 = CARTESIAN_POINT('',(290.778759906,302.899273191,89.6150000002));
#2548 = VECTOR('',#2549,1.);
#2549 = DIRECTION('',(0.,0.,1.));
#2550 = PCURVE('',#832,#2551);
#2551 = DEFINITIONAL_REPRESENTATION('',(#2552),#2556);
#2552 = LINE('',#2553,#2554);
#2553 = CARTESIAN_POINT('',(0.,2.000035692618E-10));
#2554 = VECTOR('',#2555,1.);
#2555 = DIRECTION('',(0.,1.));
#2556 = ( GEOMETRIC_REPRESENTATION_CONTEXT(2) 
PARAMETRIC_REPRESENTATION_CONTEXT() REPRESENTATION_CONTEXT('2D SPACE',''
  ) );
#2557 = PCURVE('',#859,#2558);
#2558 = DEFINITIONAL_REPRESENTATION('',(#2559),#2563);
#2559 = LINE('',#2560,#2561);
#2560 = CARTESIAN_POINT('',(2.259274918424,-48.8849999998));
#2561 = VECTOR('',#2562,1.);
#2562 = DIRECTION('',(0.,1.));
#2563 = ( GEOMETRIC_REPRESENTATION_CONTEXT(2) 
PARAMETRIC_REPRESENTATION_CONTEXT() REPRESENTATION_CONTEXT('2D SPACE',''
  ) );
#2564 = ORIENTED_EDGE('',*,*,#798,.F.);
#2565 = ORIENTED_EDGE('',*,*,#2520,.T.);
#2566 = ORIENTED_EDGE('',*,*,#1768,.F.);
#2567 = ADVANCED_FACE('',(#2568),#859,.T.);
#2568 = FACE_BOUND('',#2569,.T.);
#2569 = EDGE_LOOP('',(#2570,#2571,#2592,#2593));
#2570 = ORIENTED_EDGE('',*,*,#1745,.F.);
#2571 = ORIENTED_EDGE('',*,*,#2572,.F.);
#2572 = EDGE_CURVE('',#844,#1700,#2573,.T.);
#2573 = SURFACE_CURVE('',#2574,(#2578,#2585),.PCURVE_S1.);
#2574 = LINE('',#2575,#2576);
#2575 = CARTESIAN_POINT('',(291.151647822,300.670982869,157.25));
#2576 = VECTOR('',#2577,1.);
#2577 = DIRECTION('',(0.,0.,1.));
#2578 = PCURVE('',#859,#2579);
#2579 = DEFINITIONAL_REPRESENTATION('',(#2580),#2584);
#2580 = LINE('',#2581,#2582);
#2581 = CARTESIAN_POINT('',(0.,18.75));
#2582 = VECTOR('',#2583,1.);
#2583 = DIRECTION('',(0.,1.));
#2584 = ( GEOMETRIC_REPRESENTATION_CONTEXT(2) 
PARAMETRIC_REPRESENTATION_CONTEXT() REPRESENTATION_CONTEXT('2D SPACE',''
  ) );
#2585 = PCURVE('',#911,#2586);
#2586 = DEFINITIONAL_REPRESENTATION('',(#2587),#2591);
#2587 = LINE('',#2588,#2589);
#2588 = CARTESIAN_POINT('',(0.165806278905,18.75));
#2589 = VECTOR('',#2590,1.);
#2590 = DIRECTION('',(0.,1.));
#2591 = ( GEOMETRIC_REPRESENTATION_CONTEXT(2) 
PARAMETRIC_REPRESENTATION_CONTEXT() REPRESENTATION_CONTEXT('2D SPACE',''
  ) );
#2592 = ORIENTED_EDGE('',*,*,#843,.T.);
#2593 = ORIENTED_EDGE('',*,*,#2544,.T.);
#2594 = ADVANCED_FACE('',(#2595),#911,.F.);
#2595 = FACE_BOUND('',#2596,.F.);
#2596 = EDGE_LOOP('',(#2597,#2598,#2619,#2620));
#2597 = ORIENTED_EDGE('',*,*,#871,.F.);
#2598 = ORIENTED_EDGE('',*,*,#2599,.T.);
#2599 = EDGE_CURVE('',#872,#1677,#2600,.T.);
#2600 = SURFACE_CURVE('',#2601,(#2605,#2612),.PCURVE_S1.);
#2601 = LINE('',#2602,#2603);
#2602 = CARTESIAN_POINT('',(298.200140336,294.860654024,138.5));
#2603 = VECTOR('',#2604,1.);
#2604 = DIRECTION('',(0.,0.,1.));
#2605 = PCURVE('',#911,#2606);
#2606 = DEFINITIONAL_REPRESENTATION('',(#2607),#2611);
#2607 = LINE('',#2608,#2609);
#2608 = CARTESIAN_POINT('',(1.596976265446,0.));
#2609 = VECTOR('',#2610,1.);
#2610 = DIRECTION('',(0.,1.));
#2611 = ( GEOMETRIC_REPRESENTATION_CONTEXT(2) 
PARAMETRIC_REPRESENTATION_CONTEXT() REPRESENTATION_CONTEXT('2D SPACE',''
  ) );
#2612 = PCURVE('',#938,#2613);
#2613 = DEFINITIONAL_REPRESENTATION('',(#2614),#2618);
#2614 = LINE('',#2615,#2616);
#2615 = CARTESIAN_POINT('',(4.443028572917,0.));
#2616 = VECTOR('',#2617,1.);
#2617 = DIRECTION('',(0.,1.));
#2618 = ( GEOMETRIC_REPRESENTATION_CONTEXT(2) 
PARAMETRIC_REPRESENTATION_CONTEXT() REPRESENTATION_CONTEXT('2D SPACE',''
  ) );
#2619 = ORIENTED_EDGE('',*,*,#1699,.T.);
#2620 = ORIENTED_EDGE('',*,*,#2572,.F.);
#2621 = ADVANCED_FACE('',(#2622),#938,.T.);
#2622 = FACE_BOUND('',#2623,.T.);
#2623 = EDGE_LOOP('',(#2624,#2625,#2626,#2647));
#2624 = ORIENTED_EDGE('',*,*,#2599,.T.);
#2625 = ORIENTED_EDGE('',*,*,#1676,.F.);
#2626 = ORIENTED_EDGE('',*,*,#2627,.F.);
#2627 = EDGE_CURVE('',#923,#1637,#2628,.T.);
#2628 = SURFACE_CURVE('',#2629,(#2633,#2640),.PCURVE_S1.);
#2629 = LINE('',#2630,#2631);
#2630 = CARTESIAN_POINT('',(302.640869248,294.976938603,157.25));
#2631 = VECTOR('',#2632,1.);
#2632 = DIRECTION('',(0.,0.,1.));
#2633 = PCURVE('',#938,#2634);
#2634 = DEFINITIONAL_REPRESENTATION('',(#2635),#2639);
#2635 = LINE('',#2636,#2637);
#2636 = CARTESIAN_POINT('',(7.774123923821E-04,18.75));
#2637 = VECTOR('',#2638,1.);
#2638 = DIRECTION('',(0.,1.));
#2639 = ( GEOMETRIC_REPRESENTATION_CONTEXT(2) 
PARAMETRIC_REPRESENTATION_CONTEXT() REPRESENTATION_CONTEXT('2D SPACE',''
  ) );
#2640 = PCURVE('',#984,#2641);
#2641 = DEFINITIONAL_REPRESENTATION('',(#2642),#2646);
#2642 = LINE('',#2643,#2644);
#2643 = CARTESIAN_POINT('',(1.597538783133,18.75));
#2644 = VECTOR('',#2645,1.);
#2645 = DIRECTION('',(0.,1.));
#2646 = ( GEOMETRIC_REPRESENTATION_CONTEXT(2) 
PARAMETRIC_REPRESENTATION_CONTEXT() REPRESENTATION_CONTEXT('2D SPACE',''
  ) );
#2647 = ORIENTED_EDGE('',*,*,#922,.T.);
#2648 = ADVANCED_FACE('',(#2649),#984,.F.);
#2649 = FACE_BOUND('',#2650,.F.);
#2650 = EDGE_LOOP('',(#2651,#2672,#2673,#2674));
#2651 = ORIENTED_EDGE('',*,*,#2652,.T.);
#2652 = EDGE_CURVE('',#951,#1614,#2653,.T.);
#2653 = SURFACE_CURVE('',#2654,(#2658,#2665),.PCURVE_S1.);
#2654 = LINE('',#2655,#2656);
#2655 = CARTESIAN_POINT('',(308.5599752,298.58025181,138.5));
#2656 = VECTOR('',#2657,1.);
#2657 = DIRECTION('',(0.,0.,1.));
#2658 = PCURVE('',#984,#2659);
#2659 = DEFINITIONAL_REPRESENTATION('',(#2660),#2664);
#2660 = LINE('',#2661,#2662);
#2661 = CARTESIAN_POINT('',(2.637725026096,0.));
#2662 = VECTOR('',#2663,1.);
#2663 = DIRECTION('',(0.,1.));
#2664 = ( GEOMETRIC_REPRESENTATION_CONTEXT(2) 
PARAMETRIC_REPRESENTATION_CONTEXT() REPRESENTATION_CONTEXT('2D SPACE',''
  ) );
#2665 = PCURVE('',#1017,#2666);
#2666 = DEFINITIONAL_REPRESENTATION('',(#2667),#2671);
#2667 = LINE('',#2668,#2669);
#2668 = CARTESIAN_POINT('',(4.372250690068E-03,48.885));
#2669 = VECTOR('',#2670,1.);
#2670 = DIRECTION('',(3.806862232854E-15,1.));
#2671 = ( GEOMETRIC_REPRESENTATION_CONTEXT(2) 
PARAMETRIC_REPRESENTATION_CONTEXT() REPRESENTATION_CONTEXT('2D SPACE',''
  ) );
#2672 = ORIENTED_EDGE('',*,*,#1636,.T.);
#2673 = ORIENTED_EDGE('',*,*,#2627,.F.);
#2674 = ORIENTED_EDGE('',*,*,#950,.F.);
#2675 = ADVANCED_FACE('',(#2676),#1017,.T.);
#2676 = FACE_BOUND('',#2677,.T.);
#2677 = EDGE_LOOP('',(#2678,#2679,#2700,#2701));
#2678 = ORIENTED_EDGE('',*,*,#1613,.F.);
#2679 = ORIENTED_EDGE('',*,*,#2680,.F.);
#2680 = EDGE_CURVE('',#996,#1591,#2681,.T.);
#2681 = SURFACE_CURVE('',#2682,(#2686,#2693),.PCURVE_S1.);
#2682 = LINE('',#2683,#2684);
#2683 = CARTESIAN_POINT('',(308.588667051,298.63202448,89.6150000002));
#2684 = VECTOR('',#2685,1.);
#2685 = DIRECTION('',(2.47758862315E-14,4.44769455044E-14,1.));
#2686 = PCURVE('',#1017,#2687);
#2687 = DEFINITIONAL_REPRESENTATION('',(#2688),#2692);
#2688 = LINE('',#2689,#2690);
#2689 = CARTESIAN_POINT('',(0.,1.99989358407E-10));
#2690 = VECTOR('',#2691,1.);
#2691 = DIRECTION('',(0.,1.));
#2692 = ( GEOMETRIC_REPRESENTATION_CONTEXT(2) 
PARAMETRIC_REPRESENTATION_CONTEXT() REPRESENTATION_CONTEXT('2D SPACE',''
  ) );
#2693 = PCURVE('',#1044,#2694);
#2694 = DEFINITIONAL_REPRESENTATION('',(#2695),#2699);
#2695 = LINE('',#2696,#2697);
#2696 = CARTESIAN_POINT('',(19.764584878864,-48.8849999998));
#2697 = VECTOR('',#2698,1.);
#2698 = DIRECTION('',(-5.091211270373E-14,1.));
#2699 = ( GEOMETRIC_REPRESENTATION_CONTEXT(2) 
PARAMETRIC_REPRESENTATION_CONTEXT() REPRESENTATION_CONTEXT('2D SPACE',''
  ) );
#2700 = ORIENTED_EDGE('',*,*,#995,.F.);
#2701 = ORIENTED_EDGE('',*,*,#2652,.T.);
#2702 = ADVANCED_FACE('',(#2703),#1044,.T.);
#2703 = FACE_BOUND('',#2704,.T.);
#2704 = EDGE_LOOP('',(#2705,#2735,#2757,#2758,#2759,#2760));
#2705 = ORIENTED_EDGE('',*,*,#2706,.F.);
#2706 = EDGE_CURVE('',#2707,#2709,#2711,.T.);
#2707 = VERTEX_POINT('',#2708);
#2708 = CARTESIAN_POINT('',(318.20691165,315.898413398,144.));
#2709 = VERTEX_POINT('',#2710);
#2710 = CARTESIAN_POINT('',(318.20691165,315.898413398,170.5));
#2711 = SURFACE_CURVE('',#2712,(#2716,#2723),.PCURVE_S1.);
#2712 = LINE('',#2713,#2714);
#2713 = CARTESIAN_POINT('',(318.20691165,315.898413398,157.25));
#2714 = VECTOR('',#2715,1.);
#2715 = DIRECTION('',(0.,0.,1.));
#2716 = PCURVE('',#1044,#2717);
#2717 = DEFINITIONAL_REPRESENTATION('',(#2718),#2722);
#2718 = LINE('',#2719,#2720);
#2719 = CARTESIAN_POINT('',(0.,18.75));
#2720 = VECTOR('',#2721,1.);
#2721 = DIRECTION('',(0.,1.));
#2722 = ( GEOMETRIC_REPRESENTATION_CONTEXT(2) 
PARAMETRIC_REPRESENTATION_CONTEXT() REPRESENTATION_CONTEXT('2D SPACE',''
  ) );
#2723 = PCURVE('',#2724,#2729);
#2724 = PLANE('',#2725);
#2725 = AXIS2_PLACEMENT_3D('',#2726,#2727,#2728);
#2726 = CARTESIAN_POINT('',(319.533913705,315.159206699,157.25));
#2727 = DIRECTION('',(0.486640354832,0.873602406733,-0.));
#2728 = DIRECTION('',(0.,0.,1.));
#2729 = DEFINITIONAL_REPRESENTATION('',(#2730),#2734);
#2730 = LINE('',#2731,#2732);
#2731 = CARTESIAN_POINT('',(0.,-1.518999999283));
#2732 = VECTOR('',#2733,1.);
#2733 = DIRECTION('',(1.,0.));
#2734 = ( GEOMETRIC_REPRESENTATION_CONTEXT(2) 
PARAMETRIC_REPRESENTATION_CONTEXT() REPRESENTATION_CONTEXT('2D SPACE',''
  ) );
#2735 = ORIENTED_EDGE('',*,*,#2736,.T.);
#2736 = EDGE_CURVE('',#2707,#1029,#2737,.T.);
#2737 = SURFACE_CURVE('',#2738,(#2743,#2750),.PCURVE_S1.);
#2738 = CIRCLE('',#2739,5.49999999831);
#2739 = AXIS2_PLACEMENT_3D('',#2740,#2741,#2742);
#2740 = CARTESIAN_POINT('',(315.530389699,311.093600162,143.999999998));
#2741 = DIRECTION('',(-0.873602406733,0.486640354832,0.));
#2742 = DIRECTION('',(-0.486640354832,-0.873602406733,0.));
#2743 = PCURVE('',#1044,#2744);
#2744 = DEFINITIONAL_REPRESENTATION('',(#2745),#2749);
#2745 = CIRCLE('',#2746,5.49999999831);
#2746 = AXIS2_PLACEMENT_2D('',#2747,#2748);
#2747 = CARTESIAN_POINT('',(5.499999998821,5.499999998));
#2748 = DIRECTION('',(1.,0.));
#2749 = ( GEOMETRIC_REPRESENTATION_CONTEXT(2) 
PARAMETRIC_REPRESENTATION_CONTEXT() REPRESENTATION_CONTEXT('2D SPACE',''
  ) );
#2750 = PCURVE('',#1072,#2751);
#2751 = DEFINITIONAL_REPRESENTATION('',(#2752),#2756);
#2752 = LINE('',#2753,#2754);
#2753 = CARTESIAN_POINT('',(-3.141592653226,108.37754709904));
#2754 = VECTOR('',#2755,1.);
#2755 = DIRECTION('',(1.,1.809382218723E-14));
#2756 = ( GEOMETRIC_REPRESENTATION_CONTEXT(2) 
PARAMETRIC_REPRESENTATION_CONTEXT() REPRESENTATION_CONTEXT('2D SPACE',''
  ) );
#2757 = ORIENTED_EDGE('',*,*,#1028,.T.);
#2758 = ORIENTED_EDGE('',*,*,#2680,.T.);
#2759 = ORIENTED_EDGE('',*,*,#1590,.F.);
#2760 = ORIENTED_EDGE('',*,*,#2761,.T.);
#2761 = EDGE_CURVE('',#1563,#2709,#2762,.T.);
#2762 = SURFACE_CURVE('',#2763,(#2768,#2775),.PCURVE_S1.);
#2763 = CIRCLE('',#2764,5.49999999831);
#2764 = AXIS2_PLACEMENT_3D('',#2765,#2766,#2767);
#2765 = CARTESIAN_POINT('',(315.530389699,311.093600162,170.500000002));
#2766 = DIRECTION('',(-0.873602406733,0.486640354832,0.));
#2767 = DIRECTION('',(-0.486640354832,-0.873602406733,0.));
#2768 = PCURVE('',#1044,#2769);
#2769 = DEFINITIONAL_REPRESENTATION('',(#2770),#2774);
#2770 = CIRCLE('',#2771,5.49999999831);
#2771 = AXIS2_PLACEMENT_2D('',#2772,#2773);
#2772 = CARTESIAN_POINT('',(5.499999998821,32.000000002));
#2773 = DIRECTION('',(1.,0.));
#2774 = ( GEOMETRIC_REPRESENTATION_CONTEXT(2) 
PARAMETRIC_REPRESENTATION_CONTEXT() REPRESENTATION_CONTEXT('2D SPACE',''
  ) );
#2775 = PCURVE('',#1578,#2776);
#2776 = DEFINITIONAL_REPRESENTATION('',(#2777),#2781);
#2777 = LINE('',#2778,#2779);
#2778 = CARTESIAN_POINT('',(-1.570796326548,108.37754709904));
#2779 = VECTOR('',#2780,1.);
#2780 = DIRECTION('',(1.,-1.809382218788E-14));
#2781 = ( GEOMETRIC_REPRESENTATION_CONTEXT(2) 
PARAMETRIC_REPRESENTATION_CONTEXT() REPRESENTATION_CONTEXT('2D SPACE',''
  ) );
#2782 = ADVANCED_FACE('',(#2783),#1072,.T.);
#2783 = FACE_BOUND('',#2784,.T.);
#2784 = EDGE_LOOP('',(#2785,#2808,#2830,#2831));
#2785 = ORIENTED_EDGE('',*,*,#2786,.F.);
#2786 = EDGE_CURVE('',#2787,#2707,#2789,.T.);
#2787 = VERTEX_POINT('',#2788);
#2788 = CARTESIAN_POINT('',(320.860915761,314.42,144.));
#2789 = SURFACE_CURVE('',#2790,(#2794,#2801),.PCURVE_S1.);
#2790 = LINE('',#2791,#2792);
#2791 = CARTESIAN_POINT('',(412.885797631,263.157525422,144.));
#2792 = VECTOR('',#2793,1.);
#2793 = DIRECTION('',(-0.873602406733,0.486640354832,0.));
#2794 = PCURVE('',#1072,#2795);
#2795 = DEFINITIONAL_REPRESENTATION('',(#2796),#2800);
#2796 = LINE('',#2797,#2798);
#2797 = CARTESIAN_POINT('',(0.,4.879154857917E-10));
#2798 = VECTOR('',#2799,1.);
#2799 = DIRECTION('',(0.,1.));
#2800 = ( GEOMETRIC_REPRESENTATION_CONTEXT(2) 
PARAMETRIC_REPRESENTATION_CONTEXT() REPRESENTATION_CONTEXT('2D SPACE',''
  ) );
#2801 = PCURVE('',#2724,#2802);
#2802 = DEFINITIONAL_REPRESENTATION('',(#2803),#2807);
#2803 = LINE('',#2804,#2805);
#2804 = CARTESIAN_POINT('',(-13.25,106.85854709927));
#2805 = VECTOR('',#2806,1.);
#2806 = DIRECTION('',(0.,-1.));
#2807 = ( GEOMETRIC_REPRESENTATION_CONTEXT(2) 
PARAMETRIC_REPRESENTATION_CONTEXT() REPRESENTATION_CONTEXT('2D SPACE',''
  ) );
#2808 = ORIENTED_EDGE('',*,*,#2809,.T.);
#2809 = EDGE_CURVE('',#2787,#1057,#2810,.T.);
#2810 = SURFACE_CURVE('',#2811,(#2816,#2823),.PCURVE_S1.);
#2811 = CIRCLE('',#2812,5.5);
#2812 = AXIS2_PLACEMENT_3D('',#2813,#2814,#2815);
#2813 = CARTESIAN_POINT('',(318.18439381,309.615186763,144.));
#2814 = DIRECTION('',(-0.873602406733,0.486640354832,0.));
#2815 = DIRECTION('',(-0.486640354832,-0.873602406733,0.));
#2816 = PCURVE('',#1072,#2817);
#2817 = DEFINITIONAL_REPRESENTATION('',(#2818),#2822);
#2818 = LINE('',#2819,#2820);
#2819 = CARTESIAN_POINT('',(-3.14159265359,105.33954709911));
#2820 = VECTOR('',#2821,1.);
#2821 = DIRECTION('',(1.,3.618764437509E-14));
#2822 = ( GEOMETRIC_REPRESENTATION_CONTEXT(2) 
PARAMETRIC_REPRESENTATION_CONTEXT() REPRESENTATION_CONTEXT('2D SPACE',''
  ) );
#2823 = PCURVE('',#1100,#2824);
#2824 = DEFINITIONAL_REPRESENTATION('',(#2825),#2829);
#2825 = CIRCLE('',#2826,5.5);
#2826 = AXIS2_PLACEMENT_2D('',#2827,#2828);
#2827 = CARTESIAN_POINT('',(5.499999999694,5.5));
#2828 = DIRECTION('',(1.,0.));
#2829 = ( GEOMETRIC_REPRESENTATION_CONTEXT(2) 
PARAMETRIC_REPRESENTATION_CONTEXT() REPRESENTATION_CONTEXT('2D SPACE',''
  ) );
#2830 = ORIENTED_EDGE('',*,*,#1056,.T.);
#2831 = ORIENTED_EDGE('',*,*,#2736,.F.);
#2832 = ADVANCED_FACE('',(#2833),#1100,.F.);
#2833 = FACE_BOUND('',#2834,.T.);
#2834 = EDGE_LOOP('',(#2835,#2836,#2857,#2858,#2859,#2882));
#2835 = ORIENTED_EDGE('',*,*,#1539,.T.);
#2836 = ORIENTED_EDGE('',*,*,#2837,.F.);
#2837 = EDGE_CURVE('',#1085,#1517,#2838,.T.);
#2838 = SURFACE_CURVE('',#2839,(#2843,#2850),.PCURVE_S1.);
#2839 = LINE('',#2840,#2841);
#2840 = CARTESIAN_POINT('',(311.242671162,297.153611081,157.25));
#2841 = VECTOR('',#2842,1.);
#2842 = DIRECTION('',(2.41713375241E-11,4.33919922216E-11,1.));
#2843 = PCURVE('',#1100,#2844);
#2844 = DEFINITIONAL_REPRESENTATION('',(#2845),#2849);
#2845 = LINE('',#2846,#2847);
#2846 = CARTESIAN_POINT('',(19.764584879738,18.75));
#2847 = VECTOR('',#2848,1.);
#2848 = DIRECTION('',(-4.96700971072E-11,1.));
#2849 = ( GEOMETRIC_REPRESENTATION_CONTEXT(2) 
PARAMETRIC_REPRESENTATION_CONTEXT() REPRESENTATION_CONTEXT('2D SPACE',''
  ) );
#2850 = PCURVE('',#1134,#2851);
#2851 = DEFINITIONAL_REPRESENTATION('',(#2852),#2856);
#2852 = LINE('',#2853,#2854);
#2853 = CARTESIAN_POINT('',(0.,67.635));
#2854 = VECTOR('',#2855,1.);
#2855 = DIRECTION('',(0.,1.));
#2856 = ( GEOMETRIC_REPRESENTATION_CONTEXT(2) 
PARAMETRIC_REPRESENTATION_CONTEXT() REPRESENTATION_CONTEXT('2D SPACE',''
  ) );
#2857 = ORIENTED_EDGE('',*,*,#1084,.F.);
#2858 = ORIENTED_EDGE('',*,*,#2809,.F.);
#2859 = ORIENTED_EDGE('',*,*,#2860,.T.);
#2860 = EDGE_CURVE('',#2787,#2861,#2863,.T.);
#2861 = VERTEX_POINT('',#2862);
#2862 = CARTESIAN_POINT('',(320.860915761,314.42,170.5));
#2863 = SURFACE_CURVE('',#2864,(#2868,#2875),.PCURVE_S1.);
#2864 = LINE('',#2865,#2866);
#2865 = CARTESIAN_POINT('',(320.860915761,314.42,157.25));
#2866 = VECTOR('',#2867,1.);
#2867 = DIRECTION('',(0.,0.,1.));
#2868 = PCURVE('',#1100,#2869);
#2869 = DEFINITIONAL_REPRESENTATION('',(#2870),#2874);
#2870 = LINE('',#2871,#2872);
#2871 = CARTESIAN_POINT('',(0.,18.75));
#2872 = VECTOR('',#2873,1.);
#2873 = DIRECTION('',(0.,1.));
#2874 = ( GEOMETRIC_REPRESENTATION_CONTEXT(2) 
PARAMETRIC_REPRESENTATION_CONTEXT() REPRESENTATION_CONTEXT('2D SPACE',''
  ) );
#2875 = PCURVE('',#2724,#2876);
#2876 = DEFINITIONAL_REPRESENTATION('',(#2877),#2881);
#2877 = LINE('',#2878,#2879);
#2878 = CARTESIAN_POINT('',(0.,1.519000000156));
#2879 = VECTOR('',#2880,1.);
#2880 = DIRECTION('',(1.,0.));
#2881 = ( GEOMETRIC_REPRESENTATION_CONTEXT(2) 
PARAMETRIC_REPRESENTATION_CONTEXT() REPRESENTATION_CONTEXT('2D SPACE',''
  ) );
#2882 = ORIENTED_EDGE('',*,*,#2883,.T.);
#2883 = EDGE_CURVE('',#2861,#1540,#2884,.T.);
#2884 = SURFACE_CURVE('',#2885,(#2901,#2920),.PCURVE_S1.);
#2885 = B_SPLINE_CURVE_WITH_KNOTS('',5,(#2886,#2887,#2888,#2889,#2890,
    #2891,#2892,#2893,#2894,#2895,#2896,#2897,#2898,#2899,#2900),
  .UNSPECIFIED.,.F.,.F.,(6,3,3,3,6),(0.,4.07341111911,8.14682222589,
    12.2202337133,12.2522946437),.UNSPECIFIED.);
#2886 = CARTESIAN_POINT('',(320.860915761,314.42,170.5));
#2887 = CARTESIAN_POINT('',(320.860915761,314.42,171.074426604));
#2888 = CARTESIAN_POINT('',(320.824421503,314.354486584,171.648852486));
#2889 = CARTESIAN_POINT('',(320.751406938,314.223412993,172.210341779));
#2890 = CARTESIAN_POINT('',(320.53579088,313.836345407,173.280879385));
#2891 = CARTESIAN_POINT('',(320.193655828,313.222154657,174.201786031));
#2892 = CARTESIAN_POINT('',(319.994076059,312.863874943,174.613593277));
#2893 = CARTESIAN_POINT('',(319.5473345,312.061897677,175.32042914));
#2894 = CARTESIAN_POINT('',(319.027259507,311.128274395,175.767894682));
#2895 = CARTESIAN_POINT('',(318.754318761,310.63829922,175.92023989));
#2896 = CARTESIAN_POINT('',(318.472732579,310.132804014,175.998201383));
#2897 = CARTESIAN_POINT('',(318.190994388,309.627035926,175.999986062));
#2898 = CARTESIAN_POINT('',(318.188794193,309.623086202,175.999995354));
#2899 = CARTESIAN_POINT('',(318.186594001,309.619136482,176.));
#2900 = CARTESIAN_POINT('',(318.184393809,309.615186763,176.));
#2901 = PCURVE('',#1100,#2902);
#2902 = DEFINITIONAL_REPRESENTATION('',(#2903),#2919);
#2903 = B_SPLINE_CURVE_WITH_KNOTS('',5,(#2904,#2905,#2906,#2907,#2908,
    #2909,#2910,#2911,#2912,#2913,#2914,#2915,#2916,#2917,#2918),
  .UNSPECIFIED.,.F.,.F.,(6,3,3,3,6),(0.,4.07341111911,8.14682222589,
    12.2202337133,12.2522946437),.UNSPECIFIED.);
#2904 = CARTESIAN_POINT('',(0.,32.));
#2905 = CARTESIAN_POINT('',(0.,32.574426604));
#2906 = CARTESIAN_POINT('',(7.499225655329E-02,33.148852486));
#2907 = CARTESIAN_POINT('',(0.225030294929,33.710341779));
#2908 = CARTESIAN_POINT('',(0.6681009446,34.780879385));
#2909 = CARTESIAN_POINT('',(1.371156185099,35.701786031));
#2910 = CARTESIAN_POINT('',(1.781273775136,36.113593277));
#2911 = CARTESIAN_POINT('',(2.699285515648,36.82042914));
#2912 = CARTESIAN_POINT('',(3.767990540918,37.267894682));
#2913 = CARTESIAN_POINT('',(4.328858014518,37.42023989));
#2914 = CARTESIAN_POINT('',(4.907491042596,37.498201383));
#2915 = CARTESIAN_POINT('',(5.48643643476,37.499986062));
#2916 = CARTESIAN_POINT('',(5.490957626827,37.499995354));
#2917 = CARTESIAN_POINT('',(5.495478813941,37.5));
#2918 = CARTESIAN_POINT('',(5.500000000181,37.5));
#2919 = ( GEOMETRIC_REPRESENTATION_CONTEXT(2) 
PARAMETRIC_REPRESENTATION_CONTEXT() REPRESENTATION_CONTEXT('2D SPACE',''
  ) );
#2920 = PCURVE('',#1578,#2921);
#2921 = DEFINITIONAL_REPRESENTATION('',(#2922),#2925);
#2922 = B_SPLINE_CURVE_WITH_KNOTS('',1,(#2923,#2924),.UNSPECIFIED.,.F.,
  .F.,(2,2),(0.,12.2522946437),.PIECEWISE_BEZIER_KNOTS.);
#2923 = CARTESIAN_POINT('',(1.570796326795,105.3395470996));
#2924 = CARTESIAN_POINT('',(0.,105.33954709999));
#2925 = ( GEOMETRIC_REPRESENTATION_CONTEXT(2) 
PARAMETRIC_REPRESENTATION_CONTEXT() REPRESENTATION_CONTEXT('2D SPACE',''
  ) );
#2926 = ADVANCED_FACE('',(#2927),#1134,.F.);
#2927 = FACE_BOUND('',#2928,.F.);
#2928 = EDGE_LOOP('',(#2929,#2950,#2951,#2952));
#2929 = ORIENTED_EDGE('',*,*,#2930,.T.);
#2930 = EDGE_CURVE('',#1113,#1477,#2931,.T.);
#2931 = SURFACE_CURVE('',#2932,(#2936,#2943),.PCURVE_S1.);
#2932 = LINE('',#2933,#2934);
#2933 = CARTESIAN_POINT('',(311.220417917,297.113456478,89.6150000002));
#2934 = VECTOR('',#2935,1.);
#2935 = DIRECTION('',(2.47758862315E-14,4.44769455044E-14,1.));
#2936 = PCURVE('',#1134,#2937);
#2937 = DEFINITIONAL_REPRESENTATION('',(#2938),#2942);
#2938 = LINE('',#2939,#2940);
#2939 = CARTESIAN_POINT('',(4.372250659569E-03,1.99989358407E-10));
#2940 = VECTOR('',#2941,1.);
#2941 = DIRECTION('',(-1.440514374451E-16,1.));
#2942 = ( GEOMETRIC_REPRESENTATION_CONTEXT(2) 
PARAMETRIC_REPRESENTATION_CONTEXT() REPRESENTATION_CONTEXT('2D SPACE',''
  ) );
#2943 = PCURVE('',#1179,#2944);
#2944 = DEFINITIONAL_REPRESENTATION('',(#2945),#2949);
#2945 = LINE('',#2946,#2947);
#2946 = CARTESIAN_POINT('',(2.637725026129,-48.8849999998));
#2947 = VECTOR('',#2948,1.);
#2948 = DIRECTION('',(5.222489107837E-15,1.));
#2949 = ( GEOMETRIC_REPRESENTATION_CONTEXT(2) 
PARAMETRIC_REPRESENTATION_CONTEXT() REPRESENTATION_CONTEXT('2D SPACE',''
  ) );
#2950 = ORIENTED_EDGE('',*,*,#1516,.F.);
#2951 = ORIENTED_EDGE('',*,*,#2837,.F.);
#2952 = ORIENTED_EDGE('',*,*,#1112,.F.);
#2953 = ADVANCED_FACE('',(#2954),#1179,.T.);
#2954 = FACE_BOUND('',#2955,.T.);
#2955 = EDGE_LOOP('',(#2956,#2957,#2978,#2979));
#2956 = ORIENTED_EDGE('',*,*,#1476,.T.);
#2957 = ORIENTED_EDGE('',*,*,#2958,.F.);
#2958 = EDGE_CURVE('',#1146,#1454,#2959,.T.);
#2959 = SURFACE_CURVE('',#2960,(#2964,#2971),.PCURVE_S1.);
#2960 = LINE('',#2961,#2962);
#2961 = CARTESIAN_POINT('',(302.721171963,291.94,138.5));
#2962 = VECTOR('',#2963,1.);
#2963 = DIRECTION('',(0.,0.,1.));
#2964 = PCURVE('',#1179,#2965);
#2965 = DEFINITIONAL_REPRESENTATION('',(#2966),#2970);
#2966 = LINE('',#2967,#2968);
#2967 = CARTESIAN_POINT('',(1.597445724598,0.));
#2968 = VECTOR('',#2969,1.);
#2969 = DIRECTION('',(0.,1.));
#2970 = ( GEOMETRIC_REPRESENTATION_CONTEXT(2) 
PARAMETRIC_REPRESENTATION_CONTEXT() REPRESENTATION_CONTEXT('2D SPACE',''
  ) );
#2971 = PCURVE('',#1206,#2972);
#2972 = DEFINITIONAL_REPRESENTATION('',(#2973),#2977);
#2973 = LINE('',#2974,#2975);
#2974 = CARTESIAN_POINT('',(0.,0.));
#2975 = VECTOR('',#2976,1.);
#2976 = DIRECTION('',(0.,1.));
#2977 = ( GEOMETRIC_REPRESENTATION_CONTEXT(2) 
PARAMETRIC_REPRESENTATION_CONTEXT() REPRESENTATION_CONTEXT('2D SPACE',''
  ) );
#2978 = ORIENTED_EDGE('',*,*,#1145,.F.);
#2979 = ORIENTED_EDGE('',*,*,#2930,.T.);
#2980 = ADVANCED_FACE('',(#2981),#1206,.F.);
#2981 = FACE_BOUND('',#2982,.T.);
#2982 = EDGE_LOOP('',(#2983,#2984,#2985,#3006));
#2983 = ORIENTED_EDGE('',*,*,#2958,.T.);
#2984 = ORIENTED_EDGE('',*,*,#1453,.T.);
#2985 = ORIENTED_EDGE('',*,*,#2986,.F.);
#2986 = EDGE_CURVE('',#1191,#1406,#2987,.T.);
#2987 = SURFACE_CURVE('',#2988,(#2992,#2999),.PCURVE_S1.);
#2988 = LINE('',#2989,#2990);
#2989 = CARTESIAN_POINT('',(298.279665907,291.823695071,157.25));
#2990 = VECTOR('',#2991,1.);
#2991 = DIRECTION('',(0.,0.,1.));
#2992 = PCURVE('',#1206,#2993);
#2993 = DEFINITIONAL_REPRESENTATION('',(#2994),#2998);
#2994 = LINE('',#2995,#2996);
#2995 = CARTESIAN_POINT('',(4.443028570918,18.75));
#2996 = VECTOR('',#2997,1.);
#2997 = DIRECTION('',(0.,1.));
#2998 = ( GEOMETRIC_REPRESENTATION_CONTEXT(2) 
PARAMETRIC_REPRESENTATION_CONTEXT() REPRESENTATION_CONTEXT('2D SPACE',''
  ) );
#2999 = PCURVE('',#1258,#3000);
#3000 = DEFINITIONAL_REPRESENTATION('',(#3001),#3005);
#3001 = LINE('',#3002,#3003);
#3002 = CARTESIAN_POINT('',(1.59697626569,18.75));
#3003 = VECTOR('',#3004,1.);
#3004 = DIRECTION('',(0.,1.));
#3005 = ( GEOMETRIC_REPRESENTATION_CONTEXT(2) 
PARAMETRIC_REPRESENTATION_CONTEXT() REPRESENTATION_CONTEXT('2D SPACE',''
  ) );
#3006 = ORIENTED_EDGE('',*,*,#1190,.F.);
#3007 = ADVANCED_FACE('',(#3008),#1258,.T.);
#3008 = FACE_BOUND('',#3009,.T.);
#3009 = EDGE_LOOP('',(#3010,#3011,#3012,#3033));
#3010 = ORIENTED_EDGE('',*,*,#2986,.T.);
#3011 = ORIENTED_EDGE('',*,*,#1405,.T.);
#3012 = ORIENTED_EDGE('',*,*,#3013,.F.);
#3013 = EDGE_CURVE('',#1219,#1408,#3014,.T.);
#3014 = SURFACE_CURVE('',#3015,(#3019,#3026),.PCURVE_S1.);
#3015 = LINE('',#3016,#3017);
#3016 = CARTESIAN_POINT('',(288.155312165,300.169568242,138.5));
#3017 = VECTOR('',#3018,1.);
#3018 = DIRECTION('',(0.,0.,1.));
#3019 = PCURVE('',#1258,#3020);
#3020 = DEFINITIONAL_REPRESENTATION('',(#3021),#3025);
#3021 = LINE('',#3022,#3023);
#3022 = CARTESIAN_POINT('',(0.165806278962,0.));
#3023 = VECTOR('',#3024,1.);
#3024 = DIRECTION('',(0.,1.));
#3025 = ( GEOMETRIC_REPRESENTATION_CONTEXT(2) 
PARAMETRIC_REPRESENTATION_CONTEXT() REPRESENTATION_CONTEXT('2D SPACE',''
  ) );
#3026 = PCURVE('',#1285,#3027);
#3027 = DEFINITIONAL_REPRESENTATION('',(#3028),#3032);
#3028 = LINE('',#3029,#3030);
#3029 = CARTESIAN_POINT('',(0.,0.));
#3030 = VECTOR('',#3031,1.);
#3031 = DIRECTION('',(0.,1.));
#3032 = ( GEOMETRIC_REPRESENTATION_CONTEXT(2) 
PARAMETRIC_REPRESENTATION_CONTEXT() REPRESENTATION_CONTEXT('2D SPACE',''
  ) );
#3033 = ORIENTED_EDGE('',*,*,#1218,.F.);
#3034 = ADVANCED_FACE('',(#3035),#1285,.F.);
#3035 = FACE_BOUND('',#3036,.T.);
#3036 = EDGE_LOOP('',(#3037,#3038,#3039,#3040));
#3037 = ORIENTED_EDGE('',*,*,#1269,.F.);
#3038 = ORIENTED_EDGE('',*,*,#3013,.T.);
#3039 = ORIENTED_EDGE('',*,*,#2220,.T.);
#3040 = ORIENTED_EDGE('',*,*,#3041,.F.);
#3041 = EDGE_CURVE('',#1270,#2158,#3042,.T.);
#3042 = SURFACE_CURVE('',#3043,(#3047,#3054),.PCURVE_S1.);
#3043 = LINE('',#3044,#3045);
#3044 = CARTESIAN_POINT('',(287.782207829,302.399151838,157.25));
#3045 = VECTOR('',#3046,1.);
#3046 = DIRECTION('',(0.,0.,1.));
#3047 = PCURVE('',#1285,#3048);
#3048 = DEFINITIONAL_REPRESENTATION('',(#3049),#3053);
#3049 = LINE('',#3050,#3051);
#3050 = CARTESIAN_POINT('',(2.260586175551,18.75));
#3051 = VECTOR('',#3052,1.);
#3052 = DIRECTION('',(0.,1.));
#3053 = ( GEOMETRIC_REPRESENTATION_CONTEXT(2) 
PARAMETRIC_REPRESENTATION_CONTEXT() REPRESENTATION_CONTEXT('2D SPACE',''
  ) );
#3054 = PCURVE('',#1314,#3055);
#3055 = DEFINITIONAL_REPRESENTATION('',(#3056),#3060);
#3056 = LINE('',#3057,#3058);
#3057 = CARTESIAN_POINT('',(0.,67.635));
#3058 = VECTOR('',#3059,1.);
#3059 = DIRECTION('',(0.,1.));
#3060 = ( GEOMETRIC_REPRESENTATION_CONTEXT(2) 
PARAMETRIC_REPRESENTATION_CONTEXT() REPRESENTATION_CONTEXT('2D SPACE',''
  ) );
#3061 = ADVANCED_FACE('',(#3062),#1314,.F.);
#3062 = FACE_BOUND('',#3063,.F.);
#3063 = EDGE_LOOP('',(#3064,#3065,#3066,#3087));
#3064 = ORIENTED_EDGE('',*,*,#3041,.F.);
#3065 = ORIENTED_EDGE('',*,*,#1297,.T.);
#3066 = ORIENTED_EDGE('',*,*,#3067,.T.);
#3067 = EDGE_CURVE('',#1298,#2135,#3068,.T.);
#3068 = SURFACE_CURVE('',#3069,(#3073,#3080),.PCURVE_S1.);
#3069 = LINE('',#3070,#3071);
#3070 = CARTESIAN_POINT('',(276.274344935,314.84828778,89.6150000002));
#3071 = VECTOR('',#3072,1.);
#3072 = DIRECTION('',(0.,0.,1.));
#3073 = PCURVE('',#1314,#3074);
#3074 = DEFINITIONAL_REPRESENTATION('',(#3075),#3079);
#3075 = LINE('',#3076,#3077);
#3076 = CARTESIAN_POINT('',(1.16064395257,2.000035692618E-10));
#3077 = VECTOR('',#3078,1.);
#3078 = DIRECTION('',(0.,1.));
#3079 = ( GEOMETRIC_REPRESENTATION_CONTEXT(2) 
PARAMETRIC_REPRESENTATION_CONTEXT() REPRESENTATION_CONTEXT('2D SPACE',''
  ) );
#3080 = PCURVE('',#1340,#3081);
#3081 = DEFINITIONAL_REPRESENTATION('',(#3082),#3086);
#3082 = LINE('',#3083,#3084);
#3083 = CARTESIAN_POINT('',(3.579908838961,-48.8849999998));
#3084 = VECTOR('',#3085,1.);
#3085 = DIRECTION('',(0.,1.));
#3086 = ( GEOMETRIC_REPRESENTATION_CONTEXT(2) 
PARAMETRIC_REPRESENTATION_CONTEXT() REPRESENTATION_CONTEXT('2D SPACE',''
  ) );
#3087 = ORIENTED_EDGE('',*,*,#2157,.T.);
#3088 = ADVANCED_FACE('',(#3089),#1340,.F.);
#3089 = FACE_BOUND('',#3090,.T.);
#3090 = EDGE_LOOP('',(#3091,#3092,#3093,#3094));
#3091 = ORIENTED_EDGE('',*,*,#2134,.T.);
#3092 = ORIENTED_EDGE('',*,*,#2301,.F.);
#3093 = ORIENTED_EDGE('',*,*,#1326,.F.);
#3094 = ORIENTED_EDGE('',*,*,#3067,.T.);
#3095 = ADVANCED_FACE('',(#3096),#1578,.T.);
#3096 = FACE_BOUND('',#3097,.T.);
#3097 = EDGE_LOOP('',(#3098,#3099,#3100,#3121));
#3098 = ORIENTED_EDGE('',*,*,#1562,.F.);
#3099 = ORIENTED_EDGE('',*,*,#2883,.F.);
#3100 = ORIENTED_EDGE('',*,*,#3101,.T.);
#3101 = EDGE_CURVE('',#2861,#2709,#3102,.T.);
#3102 = SURFACE_CURVE('',#3103,(#3107,#3114),.PCURVE_S1.);
#3103 = LINE('',#3104,#3105);
#3104 = CARTESIAN_POINT('',(412.885797631,263.157525422,170.5));
#3105 = VECTOR('',#3106,1.);
#3106 = DIRECTION('',(-0.873602406733,0.486640354832,0.));
#3107 = PCURVE('',#1578,#3108);
#3108 = DEFINITIONAL_REPRESENTATION('',(#3109),#3113);
#3109 = LINE('',#3110,#3111);
#3110 = CARTESIAN_POINT('',(1.570796326795,4.879154857917E-10));
#3111 = VECTOR('',#3112,1.);
#3112 = DIRECTION('',(0.,1.));
#3113 = ( GEOMETRIC_REPRESENTATION_CONTEXT(2) 
PARAMETRIC_REPRESENTATION_CONTEXT() REPRESENTATION_CONTEXT('2D SPACE',''
  ) );
#3114 = PCURVE('',#2724,#3115);
#3115 = DEFINITIONAL_REPRESENTATION('',(#3116),#3120);
#3116 = LINE('',#3117,#3118);
#3117 = CARTESIAN_POINT('',(13.25,106.85854709927));
#3118 = VECTOR('',#3119,1.);
#3119 = DIRECTION('',(0.,-1.));
#3120 = ( GEOMETRIC_REPRESENTATION_CONTEXT(2) 
PARAMETRIC_REPRESENTATION_CONTEXT() REPRESENTATION_CONTEXT('2D SPACE',''
  ) );
#3121 = ORIENTED_EDGE('',*,*,#2761,.F.);
#3122 = ADVANCED_FACE('',(#3123),#2724,.T.);
#3123 = FACE_BOUND('',#3124,.T.);
#3124 = EDGE_LOOP('',(#3125,#3126,#3127,#3128));
#3125 = ORIENTED_EDGE('',*,*,#2860,.F.);
#3126 = ORIENTED_EDGE('',*,*,#2786,.T.);
#3127 = ORIENTED_EDGE('',*,*,#2706,.T.);
#3128 = ORIENTED_EDGE('',*,*,#3101,.F.);
#3129 = ( GEOMETRIC_REPRESENTATION_CONTEXT(3) 
GLOBAL_UNCERTAINTY_ASSIGNED_CONTEXT((#3133)) 
GLOBAL_UNIT_ASSIGNED_CONTEXT((#3130,#3131,#3132)) REPRESENTATION_CONTEXT
('Context #1','3D Context with UNIT and UNCERTAINTY') );
#3130 = ( LENGTH_UNIT() NAMED_UNIT(*) SI_UNIT(.MILLI.,.METRE.) );
#3131 = ( NAMED_UNIT(*) PLANE_ANGLE_UNIT() SI_UNIT($,.RADIAN.) );
#3132 = ( NAMED_UNIT(*) SI_UNIT($,.STERADIAN.) SOLID_ANGLE_UNIT() );
#3133 = UNCERTAINTY_MEASURE_WITH_UNIT(LENGTH_MEASURE(2.E-04),#3130,
  'distance_accuracy_value','confusion accuracy');
#3134 = PRODUCT_RELATED_PRODUCT_CATEGORY('part',$,(#7));
ENDSEC;
END-ISO-10303-21;
