ISO-10303-21;
HEADER;
FILE_DESCRIPTION(('Open CASCADE Model'),'2;1');
FILE_NAME('Open CASCADE Shape Model','2026-06-18T21:34:06',('Author'),(
    'Open CASCADE'),'Open CASCADE STEP processor 7.9','Open CASCADE 7.9'
  ,'Unknown');
FILE_SCHEMA(('AUTOMOTIVE_DESIGN { 1 0 10303 214 1 1 1 1 }'));
ENDSEC;
DATA;
#1 = APPLICATION_PROTOCOL_DEFINITION('international standard',
  'automotive_design',2000,#2);
#2 = APPLICATION_CONTEXT(
  'core data for automotive mechanical design processes');
#3 = SHAPE_DEFINITION_REPRESENTATION(#4,#10);
#4 = PRODUCT_DEFINITION_SHAPE('','',#5);
#5 = PRODUCT_DEFINITION('design','',#6,#9);
#6 = PRODUCT_DEFINITION_FORMATION('','',#7);
#7 = PRODUCT('Open CASCADE STEP translator 7.9 232',
  'Open CASCADE STEP translator 7.9 232','',(#8));
#8 = PRODUCT_CONTEXT('',#2,'mechanical');
#9 = PRODUCT_DEFINITION_CONTEXT('part definition',#2,'design');
#10 = ADVANCED_BREP_SHAPE_REPRESENTATION('',(#11,#15),#13240);
#11 = AXIS2_PLACEMENT_3D('',#12,#13,#14);
#12 = CARTESIAN_POINT('',(0.,0.,0.));
#13 = DIRECTION('',(0.,0.,1.));
#14 = DIRECTION('',(1.,0.,-0.));
#15 = MANIFOLD_SOLID_BREP('',#16);
#16 = CLOSED_SHELL('',(#17,#166,#252,#360,#413,#494,#602,#680,#951,#1178
    ,#1291,#1345,#1404,#1511,#1618,#1645,#1845,#1943,#1970,#1997,#2024,
    #2051,#2077,#2243,#2464,#2657,#2743,#2837,#2974,#3097,#3196,#3272,
    #3278,#3446,#3569,#3632,#3659,#3743,#4850,#5002,#5051,#5145,#5251,
    #5280,#5376,#5403,#5564,#6306,#6354,#6381,#6414,#6442,#6547,#6620,
    #6652,#6711,#6891,#6978,#7032,#7115,#7300,#7361,#7415,#7591,#7643,
    #7708,#7715,#7867,#7963,#8093,#8139,#8146,#8314,#8439,#8629,#8680,
    #8870,#8969,#9100,#9179,#9187,#9271,#9663,#9846,#10487,#10614,#10903
    ,#10979,#11060,#11171,#11247,#11279,#11311,#11436,#11540,#11567,
    #11685,#11786,#11813,#11840,#11889,#11962,#12011,#12078,#12126,
    #12180,#12206,#12285,#12334,#12401,#12450,#12517,#12566,#12633,
    #12679,#12705,#12760,#12809,#12876,#12925,#12992,#13019,#13068,
    #13118,#13168,#13195,#13204,#13215,#13229));
#17 = ADVANCED_FACE('',(#18),#32,.T.);
#18 = FACE_BOUND('',#19,.T.);
#19 = EDGE_LOOP('',(#20,#55,#83,#111,#139));
#20 = ORIENTED_EDGE('',*,*,#21,.T.);
#21 = EDGE_CURVE('',#22,#24,#26,.T.);
#22 = VERTEX_POINT('',#23);
#23 = CARTESIAN_POINT('',(408.9,749.764,102.242289505));
#24 = VERTEX_POINT('',#25);
#25 = CARTESIAN_POINT('',(408.9,747.486,102.242289504));
#26 = SURFACE_CURVE('',#27,(#31,#43),.PCURVE_S1.);
#27 = LINE('',#28,#29);
#28 = CARTESIAN_POINT('',(408.9,748.625,102.242289505));
#29 = VECTOR('',#30,1.);
#30 = DIRECTION('',(0.,-1.,-2.2551466106E-10));
#31 = PCURVE('',#32,#37);
#32 = PLANE('',#33);
#33 = AXIS2_PLACEMENT_3D('',#34,#35,#36);
#34 = CARTESIAN_POINT('',(408.9,749.764,102.242289505));
#35 = DIRECTION('',(-1.,0.,0.));
#36 = DIRECTION('',(0.,9.23705874462E-02,0.995724698185));
#37 = DEFINITIONAL_REPRESENTATION('',(#38),#42);
#38 = LINE('',#39,#40);
#39 = CARTESIAN_POINT('',(-0.105210099101,-1.134130431232));
#40 = VECTOR('',#41,1.);
#41 = DIRECTION('',(-9.237058767075E-02,-0.995724698164));
#42 = ( GEOMETRIC_REPRESENTATION_CONTEXT(2) 
PARAMETRIC_REPRESENTATION_CONTEXT() REPRESENTATION_CONTEXT('2D SPACE',''
  ) );
#43 = PCURVE('',#44,#49);
#44 = PLANE('',#45);
#45 = AXIS2_PLACEMENT_3D('',#46,#47,#48);
#46 = CARTESIAN_POINT('',(408.9,749.764,97.4965045852));
#47 = DIRECTION('',(-1.,0.,0.));
#48 = DIRECTION('',(0.,1.,0.));
#49 = DEFINITIONAL_REPRESENTATION('',(#50),#54);
#50 = LINE('',#51,#52);
#51 = CARTESIAN_POINT('',(-1.139,-4.7457849198));
#52 = VECTOR('',#53,1.);
#53 = DIRECTION('',(-1.,2.2551466106E-10));
#54 = ( GEOMETRIC_REPRESENTATION_CONTEXT(2) 
PARAMETRIC_REPRESENTATION_CONTEXT() REPRESENTATION_CONTEXT('2D SPACE',''
  ) );
#55 = ORIENTED_EDGE('',*,*,#56,.T.);
#56 = EDGE_CURVE('',#24,#57,#59,.T.);
#57 = VERTEX_POINT('',#58);
#58 = CARTESIAN_POINT('',(408.9,747.62726118,103.765038785));
#59 = SURFACE_CURVE('',#60,(#65,#72),.PCURVE_S1.);
#60 = CIRCLE('',#61,8.27799990117);
#61 = AXIS2_PLACEMENT_3D('',#62,#63,#64);
#62 = CARTESIAN_POINT('',(408.9,755.763999901,102.242289514));
#63 = DIRECTION('',(-1.,0.,0.));
#64 = DIRECTION('',(0.,0.,-1.));
#65 = PCURVE('',#32,#66);
#66 = DEFINITIONAL_REPRESENTATION('',(#67),#71);
#67 = CIRCLE('',#68,8.27799990117);
#68 = AXIS2_PLACEMENT_2D('',#69,#70);
#69 = CARTESIAN_POINT('',(0.554223524494,5.9743480897));
#70 = DIRECTION('',(-0.995724698185,9.23705874462E-02));
#71 = ( GEOMETRIC_REPRESENTATION_CONTEXT(2) 
PARAMETRIC_REPRESENTATION_CONTEXT() REPRESENTATION_CONTEXT('2D SPACE',''
  ) );
#72 = PCURVE('',#73,#78);
#73 = CYLINDRICAL_SURFACE('',#74,8.278);
#74 = AXIS2_PLACEMENT_3D('',#75,#76,#77);
#75 = CARTESIAN_POINT('',(417.261649248,755.764,102.242289505));
#76 = DIRECTION('',(1.,0.,0.));
#77 = DIRECTION('',(0.,-0.98293534915,0.183951350613));
#78 = DEFINITIONAL_REPRESENTATION('',(#79),#82);
#79 = B_SPLINE_CURVE_WITH_KNOTS('',1,(#80,#81),.UNSPECIFIED.,.F.,.F.,(2,
    2),(1.570796325587,1.755801228599),.PIECEWISE_BEZIER_KNOTS.);
#80 = CARTESIAN_POINT('',(0.185004900832,-8.361649248));
#81 = CARTESIAN_POINT('',(0.,-8.361649248));
#82 = ( GEOMETRIC_REPRESENTATION_CONTEXT(2) 
PARAMETRIC_REPRESENTATION_CONTEXT() REPRESENTATION_CONTEXT('2D SPACE',''
  ) );
#83 = ORIENTED_EDGE('',*,*,#84,.T.);
#84 = EDGE_CURVE('',#57,#85,#87,.T.);
#85 = VERTEX_POINT('',#86);
#86 = CARTESIAN_POINT('',(408.9,748.046223575,105.235817697));
#87 = SURFACE_CURVE('',#88,(#93,#100),.PCURVE_S1.);
#88 = CIRCLE('',#89,8.27800007208);
#89 = AXIS2_PLACEMENT_3D('',#90,#91,#92);
#90 = CARTESIAN_POINT('',(408.9,755.764000069,102.242289481));
#91 = DIRECTION('',(-1.,0.,0.));
#92 = DIRECTION('',(0.,0.,-1.));
#93 = PCURVE('',#32,#94);
#94 = DEFINITIONAL_REPRESENTATION('',(#95),#99);
#95 = CIRCLE('',#96,8.27800007208);
#96 = AXIS2_PLACEMENT_2D('',#97,#98);
#97 = CARTESIAN_POINT('',(0.554223507153,5.97434826003));
#98 = DIRECTION('',(-0.995724698185,9.23705874462E-02));
#99 = ( GEOMETRIC_REPRESENTATION_CONTEXT(2) 
PARAMETRIC_REPRESENTATION_CONTEXT() REPRESENTATION_CONTEXT('2D SPACE',''
  ) );
#100 = PCURVE('',#101,#106);
#101 = CYLINDRICAL_SURFACE('',#102,8.278);
#102 = AXIS2_PLACEMENT_3D('',#103,#104,#105);
#103 = CARTESIAN_POINT('',(417.261649248,755.764,102.242289505));
#104 = DIRECTION('',(1.,0.,0.));
#105 = DIRECTION('',(0.,0.98293534915,-0.183951350613));
#106 = DEFINITIONAL_REPRESENTATION('',(#107),#110);
#107 = B_SPLINE_CURVE_WITH_KNOTS('',1,(#108,#109),.UNSPECIFIED.,.F.,.F.,
  (2,2),(1.755801228784,1.940806128067),.PIECEWISE_BEZIER_KNOTS.);
#108 = CARTESIAN_POINT('',(3.141592653628,-8.361649248));
#109 = CARTESIAN_POINT('',(2.956587752718,-8.361649248));
#110 = ( GEOMETRIC_REPRESENTATION_CONTEXT(2) 
PARAMETRIC_REPRESENTATION_CONTEXT() REPRESENTATION_CONTEXT('2D SPACE',''
  ) );
#111 = ORIENTED_EDGE('',*,*,#112,.F.);
#112 = EDGE_CURVE('',#113,#85,#115,.T.);
#113 = VERTEX_POINT('',#114);
#114 = CARTESIAN_POINT('',(408.9,750.170057193,104.412036926));
#115 = SURFACE_CURVE('',#116,(#120,#127),.PCURVE_S1.);
#116 = LINE('',#117,#118);
#117 = CARTESIAN_POINT('',(408.9,749.108140384,104.823927312));
#118 = VECTOR('',#119,1.);
#119 = DIRECTION('',(0.,-0.932323801077,0.36162457044));
#120 = PCURVE('',#32,#121);
#121 = DEFINITIONAL_REPRESENTATION('',(#122),#126);
#122 = LINE('',#123,#124);
#123 = CARTESIAN_POINT('',(2.510018388185,-0.891523018999));
#124 = VECTOR('',#125,1.);
#125 = DIRECTION('',(0.273959219062,-0.961741309444));
#126 = ( GEOMETRIC_REPRESENTATION_CONTEXT(2) 
PARAMETRIC_REPRESENTATION_CONTEXT() REPRESENTATION_CONTEXT('2D SPACE',''
  ) );
#127 = PCURVE('',#128,#133);
#128 = PLANE('',#129);
#129 = AXIS2_PLACEMENT_3D('',#130,#131,#132);
#130 = CARTESIAN_POINT('',(408.9,752.074766609,109.322670964));
#131 = DIRECTION('',(1.,0.,0.));
#132 = DIRECTION('',(-0.,1.,0.));
#133 = DEFINITIONAL_REPRESENTATION('',(#134),#138);
#134 = LINE('',#135,#136);
#135 = CARTESIAN_POINT('',(-2.966626225,-4.498743652));
#136 = VECTOR('',#137,1.);
#137 = DIRECTION('',(-0.932323801077,0.36162457044));
#138 = ( GEOMETRIC_REPRESENTATION_CONTEXT(2) 
PARAMETRIC_REPRESENTATION_CONTEXT() REPRESENTATION_CONTEXT('2D SPACE',''
  ) );
#139 = ORIENTED_EDGE('',*,*,#140,.F.);
#140 = EDGE_CURVE('',#22,#113,#141,.T.);
#141 = SURFACE_CURVE('',#142,(#147,#154),.PCURVE_S1.);
#142 = CIRCLE('',#143,6.00000001267);
#143 = AXIS2_PLACEMENT_3D('',#144,#145,#146);
#144 = CARTESIAN_POINT('',(408.9,755.764000013,102.242289504));
#145 = DIRECTION('',(-1.,0.,0.));
#146 = DIRECTION('',(0.,0.,-1.));
#147 = PCURVE('',#32,#148);
#148 = DEFINITIONAL_REPRESENTATION('',(#149),#153);
#149 = CIRCLE('',#150,6.00000001267);
#150 = AXIS2_PLACEMENT_2D('',#151,#152);
#151 = CARTESIAN_POINT('',(0.554223524882,5.974348202144));
#152 = DIRECTION('',(-0.995724698185,9.23705874462E-02));
#153 = ( GEOMETRIC_REPRESENTATION_CONTEXT(2) 
PARAMETRIC_REPRESENTATION_CONTEXT() REPRESENTATION_CONTEXT('2D SPACE',''
  ) );
#154 = PCURVE('',#155,#160);
#155 = CYLINDRICAL_SURFACE('',#156,6.);
#156 = AXIS2_PLACEMENT_3D('',#157,#158,#159);
#157 = CARTESIAN_POINT('',(417.261649248,755.764,102.242289505));
#158 = DIRECTION('',(1.,0.,0.));
#159 = DIRECTION('',(0.,-0.932323801216,0.361624570082));
#160 = DEFINITIONAL_REPRESENTATION('',(#161),#165);
#161 = LINE('',#162,#163);
#162 = CARTESIAN_POINT('',(1.940806128384,-8.361649248));
#163 = VECTOR('',#164,1.);
#164 = DIRECTION('',(-1.,0.));
#165 = ( GEOMETRIC_REPRESENTATION_CONTEXT(2) 
PARAMETRIC_REPRESENTATION_CONTEXT() REPRESENTATION_CONTEXT('2D SPACE',''
  ) );
#166 = ADVANCED_FACE('',(#167),#44,.T.);
#167 = FACE_BOUND('',#168,.T.);
#168 = EDGE_LOOP('',(#169,#199,#225,#226));
#169 = ORIENTED_EDGE('',*,*,#170,.F.);
#170 = EDGE_CURVE('',#171,#173,#175,.T.);
#171 = VERTEX_POINT('',#172);
#172 = CARTESIAN_POINT('',(408.9,747.485999999,92.7507196655));
#173 = VERTEX_POINT('',#174);
#174 = CARTESIAN_POINT('',(408.9,749.764,92.7507196655));
#175 = SURFACE_CURVE('',#176,(#180,#187),.PCURVE_S1.);
#176 = LINE('',#177,#178);
#177 = CARTESIAN_POINT('',(408.9,748.625,92.7507196655));
#178 = VECTOR('',#179,1.);
#179 = DIRECTION('',(0.,1.,0.));
#180 = PCURVE('',#44,#181);
#181 = DEFINITIONAL_REPRESENTATION('',(#182),#186);
#182 = LINE('',#183,#184);
#183 = CARTESIAN_POINT('',(-1.139,4.7457849197));
#184 = VECTOR('',#185,1.);
#185 = DIRECTION('',(1.,0.));
#186 = ( GEOMETRIC_REPRESENTATION_CONTEXT(2) 
PARAMETRIC_REPRESENTATION_CONTEXT() REPRESENTATION_CONTEXT('2D SPACE',''
  ) );
#187 = PCURVE('',#188,#193);
#188 = CYLINDRICAL_SURFACE('',#189,5.);
#189 = AXIS2_PLACEMENT_3D('',#190,#191,#192);
#190 = CARTESIAN_POINT('',(403.9,749.764,92.7507196649));
#191 = DIRECTION('',(0.,1.,-0.));
#192 = DIRECTION('',(-0.89100652419,0.,0.453990499737));
#193 = DEFINITIONAL_REPRESENTATION('',(#194),#198);
#194 = LINE('',#195,#196);
#195 = CARTESIAN_POINT('',(2.670353755434,-1.139));
#196 = VECTOR('',#197,1.);
#197 = DIRECTION('',(0.,1.));
#198 = ( GEOMETRIC_REPRESENTATION_CONTEXT(2) 
PARAMETRIC_REPRESENTATION_CONTEXT() REPRESENTATION_CONTEXT('2D SPACE',''
  ) );
#199 = ORIENTED_EDGE('',*,*,#200,.F.);
#200 = EDGE_CURVE('',#24,#171,#201,.T.);
#201 = SURFACE_CURVE('',#202,(#206,#213),.PCURVE_S1.);
#202 = LINE('',#203,#204);
#203 = CARTESIAN_POINT('',(408.9,747.485999999,97.4965045852));
#204 = VECTOR('',#205,1.);
#205 = DIRECTION('',(0.,0.,-1.));
#206 = PCURVE('',#44,#207);
#207 = DEFINITIONAL_REPRESENTATION('',(#208),#212);
#208 = LINE('',#209,#210);
#209 = CARTESIAN_POINT('',(-2.278000001,0.));
#210 = VECTOR('',#211,1.);
#211 = DIRECTION('',(0.,1.));
#212 = ( GEOMETRIC_REPRESENTATION_CONTEXT(2) 
PARAMETRIC_REPRESENTATION_CONTEXT() REPRESENTATION_CONTEXT('2D SPACE',''
  ) );
#213 = PCURVE('',#214,#219);
#214 = PLANE('',#215);
#215 = AXIS2_PLACEMENT_3D('',#216,#217,#218);
#216 = CARTESIAN_POINT('',(325.428094815,747.486,177.));
#217 = DIRECTION('',(-0.,1.,0.));
#218 = DIRECTION('',(1.,0.,0.));
#219 = DEFINITIONAL_REPRESENTATION('',(#220),#224);
#220 = LINE('',#221,#222);
#221 = CARTESIAN_POINT('',(83.471905185,79.5034954148));
#222 = VECTOR('',#223,1.);
#223 = DIRECTION('',(0.,1.));
#224 = ( GEOMETRIC_REPRESENTATION_CONTEXT(2) 
PARAMETRIC_REPRESENTATION_CONTEXT() REPRESENTATION_CONTEXT('2D SPACE',''
  ) );
#225 = ORIENTED_EDGE('',*,*,#21,.F.);
#226 = ORIENTED_EDGE('',*,*,#227,.T.);
#227 = EDGE_CURVE('',#22,#173,#228,.T.);
#228 = SURFACE_CURVE('',#229,(#233,#240),.PCURVE_S1.);
#229 = LINE('',#230,#231);
#230 = CARTESIAN_POINT('',(408.9,749.764,97.4965045852));
#231 = VECTOR('',#232,1.);
#232 = DIRECTION('',(0.,0.,-1.));
#233 = PCURVE('',#44,#234);
#234 = DEFINITIONAL_REPRESENTATION('',(#235),#239);
#235 = LINE('',#236,#237);
#236 = CARTESIAN_POINT('',(0.,0.));
#237 = VECTOR('',#238,1.);
#238 = DIRECTION('',(0.,1.));
#239 = ( GEOMETRIC_REPRESENTATION_CONTEXT(2) 
PARAMETRIC_REPRESENTATION_CONTEXT() REPRESENTATION_CONTEXT('2D SPACE',''
  ) );
#240 = PCURVE('',#241,#246);
#241 = PLANE('',#242);
#242 = AXIS2_PLACEMENT_3D('',#243,#244,#245);
#243 = CARTESIAN_POINT('',(325.428094815,749.764,177.));
#244 = DIRECTION('',(-0.,1.,0.));
#245 = DIRECTION('',(1.,0.,0.));
#246 = DEFINITIONAL_REPRESENTATION('',(#247),#251);
#247 = LINE('',#248,#249);
#248 = CARTESIAN_POINT('',(83.471905185,79.5034954148));
#249 = VECTOR('',#250,1.);
#250 = DIRECTION('',(0.,1.));
#251 = ( GEOMETRIC_REPRESENTATION_CONTEXT(2) 
PARAMETRIC_REPRESENTATION_CONTEXT() REPRESENTATION_CONTEXT('2D SPACE',''
  ) );
#252 = ADVANCED_FACE('',(#253),#73,.T.);
#253 = FACE_BOUND('',#254,.T.);
#254 = EDGE_LOOP('',(#255,#278,#279,#302));
#255 = ORIENTED_EDGE('',*,*,#256,.F.);
#256 = EDGE_CURVE('',#57,#257,#259,.T.);
#257 = VERTEX_POINT('',#258);
#258 = CARTESIAN_POINT('',(424.18987882,747.62726118,103.765038785));
#259 = SURFACE_CURVE('',#260,(#264,#271),.PCURVE_S1.);
#260 = LINE('',#261,#262);
#261 = CARTESIAN_POINT('',(417.261649247,747.62726118,103.765038785));
#262 = VECTOR('',#263,1.);
#263 = DIRECTION('',(1.,0.,0.));
#264 = PCURVE('',#73,#265);
#265 = DEFINITIONAL_REPRESENTATION('',(#266),#270);
#266 = LINE('',#267,#268);
#267 = CARTESIAN_POINT('',(0.,-1.000046268018E-09));
#268 = VECTOR('',#269,1.);
#269 = DIRECTION('',(0.,1.));
#270 = ( GEOMETRIC_REPRESENTATION_CONTEXT(2) 
PARAMETRIC_REPRESENTATION_CONTEXT() REPRESENTATION_CONTEXT('2D SPACE',''
  ) );
#271 = PCURVE('',#101,#272);
#272 = DEFINITIONAL_REPRESENTATION('',(#273),#277);
#273 = LINE('',#274,#275);
#274 = CARTESIAN_POINT('',(3.141592653628,-1.000046268018E-09));
#275 = VECTOR('',#276,1.);
#276 = DIRECTION('',(0.,1.));
#277 = ( GEOMETRIC_REPRESENTATION_CONTEXT(2) 
PARAMETRIC_REPRESENTATION_CONTEXT() REPRESENTATION_CONTEXT('2D SPACE',''
  ) );
#278 = ORIENTED_EDGE('',*,*,#56,.F.);
#279 = ORIENTED_EDGE('',*,*,#280,.T.);
#280 = EDGE_CURVE('',#24,#281,#283,.T.);
#281 = VERTEX_POINT('',#282);
#282 = CARTESIAN_POINT('',(424.18987882,747.486,102.242289504));
#283 = SURFACE_CURVE('',#284,(#288,#295),.PCURVE_S1.);
#284 = LINE('',#285,#286);
#285 = CARTESIAN_POINT('',(417.261649247,747.486,102.242289504));
#286 = VECTOR('',#287,1.);
#287 = DIRECTION('',(1.,0.,0.));
#288 = PCURVE('',#73,#289);
#289 = DEFINITIONAL_REPRESENTATION('',(#290),#294);
#290 = LINE('',#291,#292);
#291 = CARTESIAN_POINT('',(0.185004900832,-1.000046268018E-09));
#292 = VECTOR('',#293,1.);
#293 = DIRECTION('',(0.,1.));
#294 = ( GEOMETRIC_REPRESENTATION_CONTEXT(2) 
PARAMETRIC_REPRESENTATION_CONTEXT() REPRESENTATION_CONTEXT('2D SPACE',''
  ) );
#295 = PCURVE('',#214,#296);
#296 = DEFINITIONAL_REPRESENTATION('',(#297),#301);
#297 = LINE('',#298,#299);
#298 = CARTESIAN_POINT('',(91.833554432,74.757710496));
#299 = VECTOR('',#300,1.);
#300 = DIRECTION('',(1.,0.));
#301 = ( GEOMETRIC_REPRESENTATION_CONTEXT(2) 
PARAMETRIC_REPRESENTATION_CONTEXT() REPRESENTATION_CONTEXT('2D SPACE',''
  ) );
#302 = ORIENTED_EDGE('',*,*,#303,.F.);
#303 = EDGE_CURVE('',#257,#281,#304,.T.);
#304 = SURFACE_CURVE('',#305,(#310,#317),.PCURVE_S1.);
#305 = CIRCLE('',#306,8.278);
#306 = AXIS2_PLACEMENT_3D('',#307,#308,#309);
#307 = CARTESIAN_POINT('',(424.18987882,755.764,102.242289505));
#308 = DIRECTION('',(1.,0.,0.));
#309 = DIRECTION('',(-0.,0.,1.));
#310 = PCURVE('',#73,#311);
#311 = DEFINITIONAL_REPRESENTATION('',(#312),#316);
#312 = LINE('',#313,#314);
#313 = CARTESIAN_POINT('',(-1.385791426122,6.928229572));
#314 = VECTOR('',#315,1.);
#315 = DIRECTION('',(1.,0.));
#316 = ( GEOMETRIC_REPRESENTATION_CONTEXT(2) 
PARAMETRIC_REPRESENTATION_CONTEXT() REPRESENTATION_CONTEXT('2D SPACE',''
  ) );
#317 = PCURVE('',#318,#355);
#318 = B_SPLINE_SURFACE_WITH_KNOTS('',5,5,(
    (#319,#320,#321,#322,#323,#324)
    ,(#325,#326,#327,#328,#329,#330)
    ,(#331,#332,#333,#334,#335,#336)
    ,(#337,#338,#339,#340,#341,#342)
    ,(#343,#344,#345,#346,#347,#348)
    ,(#349,#350,#351,#352,#353,#354
    )),.UNSPECIFIED.,.F.,.F.,.F.,(6,6),(6,6),(23.4911024203,
    23.7648451321),(0.,3.01012552753),.PIECEWISE_BEZIER_KNOTS.);
#319 = CARTESIAN_POINT('',(424.679997431,748.006140259,105.091090774));
#320 = CARTESIAN_POINT('',(424.591890986,747.800291052,104.545206985));
#321 = CARTESIAN_POINT('',(424.500862243,747.643706746,103.981217423));
#322 = CARTESIAN_POINT('',(424.407843632,747.538568324,103.404899181));
#323 = CARTESIAN_POINT('',(424.313829935,747.486000183,102.822415657));
#324 = CARTESIAN_POINT('',(424.219816238,747.486,102.239932133));
#325 = CARTESIAN_POINT('',(424.582218949,748.011516472,105.121497624));
#326 = CARTESIAN_POINT('',(424.511756393,747.803562854,104.570229086));
#327 = CARTESIAN_POINT('',(424.43892485,747.645354584,104.000478546));
#328 = CARTESIAN_POINT('',(424.364479763,747.539117747,103.418140418));
#329 = CARTESIAN_POINT('',(424.289227778,747.486000349,102.829507514));
#330 = CARTESIAN_POINT('',(424.213975792,747.486,102.24087461));
#331 = CARTESIAN_POINT('',(424.484287065,748.018216139,105.151182414));
#332 = CARTESIAN_POINT('',(424.431472857,747.80764075,104.594692171));
#333 = CARTESIAN_POINT('',(424.376851194,747.647408642,104.019295305));
#334 = CARTESIAN_POINT('',(424.320998008,747.539802686,103.431018178));
#335 = CARTESIAN_POINT('',(424.264528961,747.486000633,102.836299891));
#336 = CARTESIAN_POINT('',(424.208059915,747.486,102.241581605));
#337 = CARTESIAN_POINT('',(424.386231151,748.026237388,105.180136161));
#338 = CARTESIAN_POINT('',(424.351054236,747.81252422,104.618592012));
#339 = CARTESIAN_POINT('',(424.314646984,747.649868839,104.037666058));
#340 = CARTESIAN_POINT('',(424.277401054,747.540623143,103.443531818));
#341 = CARTESIAN_POINT('',(424.239735713,747.486001059,102.842792349));
#342 = CARTESIAN_POINT('',(424.202070371,747.486,102.24205288));
#343 = CARTESIAN_POINT('',(424.288083893,748.035576901,105.20834959));
#344 = CARTESIAN_POINT('',(424.270517101,747.818212004,104.641923996));
#345 = CARTESIAN_POINT('',(424.252320026,747.652734638,104.055588844));
#346 = CARTESIAN_POINT('',(424.233693068,747.5415788,103.455680523));
#347 = CARTESIAN_POINT('',(424.214851129,747.486001495,102.848984459));
#348 = CARTESIAN_POINT('',(424.196009189,747.486,102.242288396));
#349 = CARTESIAN_POINT('',(424.18987859,748.046230265,105.235813856));
#350 = CARTESIAN_POINT('',(424.189878572,747.824702478,104.664683662));
#351 = CARTESIAN_POINT('',(424.189878553,747.656005412,104.073061782));
#352 = CARTESIAN_POINT('',(424.189878532,747.542669332,103.46746356));
#353 = CARTESIAN_POINT('',(424.189878511,747.486001823,102.854875928));
#354 = CARTESIAN_POINT('',(424.189878489,747.486,102.242288297));
#355 = DEFINITIONAL_REPRESENTATION('',(#356),#359);
#356 = B_SPLINE_CURVE_WITH_KNOTS('',1,(#357,#358),.UNSPECIFIED.,.F.,.F.,
  (2,2),(1.385791426122,1.570796326916),.PIECEWISE_BEZIER_KNOTS.);
#357 = CARTESIAN_POINT('',(23.764844844696,1.505060842594));
#358 = CARTESIAN_POINT('',(23.764842176212,3.010124341346));
#359 = ( GEOMETRIC_REPRESENTATION_CONTEXT(2) 
PARAMETRIC_REPRESENTATION_CONTEXT() REPRESENTATION_CONTEXT('2D SPACE',''
  ) );
#360 = ADVANCED_FACE('',(#361),#101,.T.);
#361 = FACE_BOUND('',#362,.T.);
#362 = EDGE_LOOP('',(#363,#364,#386,#412));
#363 = ORIENTED_EDGE('',*,*,#256,.T.);
#364 = ORIENTED_EDGE('',*,*,#365,.F.);
#365 = EDGE_CURVE('',#366,#257,#368,.T.);
#366 = VERTEX_POINT('',#367);
#367 = CARTESIAN_POINT('',(424.18987882,748.046223003,105.235816226));
#368 = SURFACE_CURVE('',#369,(#374,#380),.PCURVE_S1.);
#369 = B_SPLINE_CURVE_WITH_KNOTS('',3,(#370,#371,#372,#373),
  .UNSPECIFIED.,.F.,.F.,(4,4),(-0.76573449556,0.76573449556),
  .PIECEWISE_BEZIER_KNOTS.);
#370 = CARTESIAN_POINT('',(424.18987882,748.046223003,105.235816226));
#371 = CARTESIAN_POINT('',(424.189878821,747.861617489,104.759874527));
#372 = CARTESIAN_POINT('',(424.189878821,747.721166443,104.266817121));
#373 = CARTESIAN_POINT('',(424.189878821,747.62726118,103.765038785));
#374 = PCURVE('',#101,#375);
#375 = DEFINITIONAL_REPRESENTATION('',(#376),#379);
#376 = B_SPLINE_CURVE_WITH_KNOTS('',1,(#377,#378),.UNSPECIFIED.,.F.,.F.,
  (2,2),(-0.76573449556,0.76573449556),.PIECEWISE_BEZIER_KNOTS.);
#377 = CARTESIAN_POINT('',(2.95658794338,6.928229572));
#378 = CARTESIAN_POINT('',(3.141592653628,6.928229573));
#379 = ( GEOMETRIC_REPRESENTATION_CONTEXT(2) 
PARAMETRIC_REPRESENTATION_CONTEXT() REPRESENTATION_CONTEXT('2D SPACE',''
  ) );
#380 = PCURVE('',#318,#381);
#381 = DEFINITIONAL_REPRESENTATION('',(#382),#385);
#382 = B_SPLINE_CURVE_WITH_KNOTS('',1,(#383,#384),.UNSPECIFIED.,.F.,.F.,
  (2,2),(-0.76573449556,0.76573449556),.PIECEWISE_BEZIER_KNOTS.);
#383 = CARTESIAN_POINT('',(23.764845003852,3.415233573937E-07));
#384 = CARTESIAN_POINT('',(23.764844843663,1.505060842321));
#385 = ( GEOMETRIC_REPRESENTATION_CONTEXT(2) 
PARAMETRIC_REPRESENTATION_CONTEXT() REPRESENTATION_CONTEXT('2D SPACE',''
  ) );
#386 = ORIENTED_EDGE('',*,*,#387,.F.);
#387 = EDGE_CURVE('',#85,#366,#388,.T.);
#388 = SURFACE_CURVE('',#389,(#393,#400),.PCURVE_S1.);
#389 = LINE('',#390,#391);
#390 = CARTESIAN_POINT('',(417.261649247,748.046223574,105.235817697));
#391 = VECTOR('',#392,1.);
#392 = DIRECTION('',(1.,0.,0.));
#393 = PCURVE('',#101,#394);
#394 = DEFINITIONAL_REPRESENTATION('',(#395),#399);
#395 = LINE('',#396,#397);
#396 = CARTESIAN_POINT('',(2.956587752762,-1.000046268018E-09));
#397 = VECTOR('',#398,1.);
#398 = DIRECTION('',(0.,1.));
#399 = ( GEOMETRIC_REPRESENTATION_CONTEXT(2) 
PARAMETRIC_REPRESENTATION_CONTEXT() REPRESENTATION_CONTEXT('2D SPACE',''
  ) );
#400 = PCURVE('',#401,#406);
#401 = PLANE('',#402);
#402 = AXIS2_PLACEMENT_3D('',#403,#404,#405);
#403 = CARTESIAN_POINT('',(359.215057373,751.073309936,113.040112253));
#404 = DIRECTION('',(0.,0.932323801216,-0.361624570082));
#405 = DIRECTION('',(1.,0.,0.));
#406 = DEFINITIONAL_REPRESENTATION('',(#407),#411);
#407 = LINE('',#408,#409);
#408 = CARTESIAN_POINT('',(58.046591874,8.370798370515));
#409 = VECTOR('',#410,1.);
#410 = DIRECTION('',(1.,0.));
#411 = ( GEOMETRIC_REPRESENTATION_CONTEXT(2) 
PARAMETRIC_REPRESENTATION_CONTEXT() REPRESENTATION_CONTEXT('2D SPACE',''
  ) );
#412 = ORIENTED_EDGE('',*,*,#84,.F.);
#413 = ADVANCED_FACE('',(#414),#128,.F.);
#414 = FACE_BOUND('',#415,.T.);
#415 = EDGE_LOOP('',(#416,#444,#445,#468));
#416 = ORIENTED_EDGE('',*,*,#417,.F.);
#417 = EDGE_CURVE('',#113,#418,#420,.T.);
#418 = VERTEX_POINT('',#419);
#419 = CARTESIAN_POINT('',(408.9,753.979476025,114.233305001));
#420 = SURFACE_CURVE('',#421,(#425,#432),.PCURVE_S1.);
#421 = LINE('',#422,#423);
#422 = CARTESIAN_POINT('',(408.9,752.074766609,109.322670964));
#423 = VECTOR('',#424,1.);
#424 = DIRECTION('',(0.,0.361624570079,0.932323801217));
#425 = PCURVE('',#128,#426);
#426 = DEFINITIONAL_REPRESENTATION('',(#427),#431);
#427 = LINE('',#428,#429);
#428 = CARTESIAN_POINT('',(0.,0.));
#429 = VECTOR('',#430,1.);
#430 = DIRECTION('',(0.361624570079,0.932323801217));
#431 = ( GEOMETRIC_REPRESENTATION_CONTEXT(2) 
PARAMETRIC_REPRESENTATION_CONTEXT() REPRESENTATION_CONTEXT('2D SPACE',''
  ) );
#432 = PCURVE('',#433,#438);
#433 = PLANE('',#434);
#434 = AXIS2_PLACEMENT_3D('',#435,#436,#437);
#435 = CARTESIAN_POINT('',(359.215057373,753.197143555,112.216331482));
#436 = DIRECTION('',(0.,0.932323801216,-0.361624570082));
#437 = DIRECTION('',(1.,0.,0.));
#438 = DEFINITIONAL_REPRESENTATION('',(#439),#443);
#439 = LINE('',#440,#441);
#440 = CARTESIAN_POINT('',(49.684942627,3.103707654136));
#441 = VECTOR('',#442,1.);
#442 = DIRECTION('',(0.,-1.));
#443 = ( GEOMETRIC_REPRESENTATION_CONTEXT(2) 
PARAMETRIC_REPRESENTATION_CONTEXT() REPRESENTATION_CONTEXT('2D SPACE',''
  ) );
#444 = ORIENTED_EDGE('',*,*,#112,.T.);
#445 = ORIENTED_EDGE('',*,*,#446,.F.);
#446 = EDGE_CURVE('',#447,#85,#449,.T.);
#447 = VERTEX_POINT('',#448);
#448 = CARTESIAN_POINT('',(408.9,751.855642405,115.057085772));
#449 = SURFACE_CURVE('',#450,(#454,#461),.PCURVE_S1.);
#450 = LINE('',#451,#452);
#451 = CARTESIAN_POINT('',(408.9,749.95093299,110.146451734));
#452 = VECTOR('',#453,1.);
#453 = DIRECTION('',(0.,-0.361624570019,-0.93232380124));
#454 = PCURVE('',#128,#455);
#455 = DEFINITIONAL_REPRESENTATION('',(#456),#460);
#456 = LINE('',#457,#458);
#457 = CARTESIAN_POINT('',(-2.123833619,0.82378077));
#458 = VECTOR('',#459,1.);
#459 = DIRECTION('',(-0.361624570019,-0.93232380124));
#460 = ( GEOMETRIC_REPRESENTATION_CONTEXT(2) 
PARAMETRIC_REPRESENTATION_CONTEXT() REPRESENTATION_CONTEXT('2D SPACE',''
  ) );
#461 = PCURVE('',#401,#462);
#462 = DEFINITIONAL_REPRESENTATION('',(#463),#467);
#463 = LINE('',#464,#465);
#464 = CARTESIAN_POINT('',(49.684942627,3.103707655069));
#465 = VECTOR('',#466,1.);
#466 = DIRECTION('',(0.,1.));
#467 = ( GEOMETRIC_REPRESENTATION_CONTEXT(2) 
PARAMETRIC_REPRESENTATION_CONTEXT() REPRESENTATION_CONTEXT('2D SPACE',''
  ) );
#468 = ORIENTED_EDGE('',*,*,#469,.T.);
#469 = EDGE_CURVE('',#447,#418,#470,.T.);
#470 = SURFACE_CURVE('',#471,(#475,#482),.PCURVE_S1.);
#471 = LINE('',#472,#473);
#472 = CARTESIAN_POINT('',(408.9,752.917559215,114.645195387));
#473 = VECTOR('',#474,1.);
#474 = DIRECTION('',(0.,0.932323801106,-0.361624570365));
#475 = PCURVE('',#128,#476);
#476 = DEFINITIONAL_REPRESENTATION('',(#477),#481);
#477 = LINE('',#478,#479);
#478 = CARTESIAN_POINT('',(0.842792606,5.322524423));
#479 = VECTOR('',#480,1.);
#480 = DIRECTION('',(0.932323801106,-0.361624570365));
#481 = ( GEOMETRIC_REPRESENTATION_CONTEXT(2) 
PARAMETRIC_REPRESENTATION_CONTEXT() REPRESENTATION_CONTEXT('2D SPACE',''
  ) );
#482 = PCURVE('',#483,#488);
#483 = PLANE('',#484);
#484 = AXIS2_PLACEMENT_3D('',#485,#486,#487);
#485 = CARTESIAN_POINT('',(408.9,755.333,121.465796403));
#486 = DIRECTION('',(-1.,-0.,0.));
#487 = DIRECTION('',(0.,-9.23705874463E-02,-0.995724698185));
#488 = DEFINITIONAL_REPRESENTATION('',(#489),#493);
#489 = LINE('',#490,#491);
#490 = CARTESIAN_POINT('',(7.014556572346,1.775091124042));
#491 = VECTOR('',#492,1.);
#492 = DIRECTION('',(0.273959218984,-0.961741309466));
#493 = ( GEOMETRIC_REPRESENTATION_CONTEXT(2) 
PARAMETRIC_REPRESENTATION_CONTEXT() REPRESENTATION_CONTEXT('2D SPACE',''
  ) );
#494 = ADVANCED_FACE('',(#495),#155,.F.);
#495 = FACE_BOUND('',#496,.F.);
#496 = EDGE_LOOP('',(#497,#520,#580,#601));
#497 = ORIENTED_EDGE('',*,*,#498,.T.);
#498 = EDGE_CURVE('',#22,#499,#501,.T.);
#499 = VERTEX_POINT('',#500);
#500 = CARTESIAN_POINT('',(424.18987882,749.764,102.242289505));
#501 = SURFACE_CURVE('',#502,(#506,#513),.PCURVE_S1.);
#502 = LINE('',#503,#504);
#503 = CARTESIAN_POINT('',(417.261649247,749.764,102.242289505));
#504 = VECTOR('',#505,1.);
#505 = DIRECTION('',(1.,0.,0.));
#506 = PCURVE('',#155,#507);
#507 = DEFINITIONAL_REPRESENTATION('',(#508),#512);
#508 = LINE('',#509,#510);
#509 = CARTESIAN_POINT('',(0.370009801423,-1.000046268018E-09));
#510 = VECTOR('',#511,1.);
#511 = DIRECTION('',(0.,1.));
#512 = ( GEOMETRIC_REPRESENTATION_CONTEXT(2) 
PARAMETRIC_REPRESENTATION_CONTEXT() REPRESENTATION_CONTEXT('2D SPACE',''
  ) );
#513 = PCURVE('',#241,#514);
#514 = DEFINITIONAL_REPRESENTATION('',(#515),#519);
#515 = LINE('',#516,#517);
#516 = CARTESIAN_POINT('',(91.833554432,74.757710495));
#517 = VECTOR('',#518,1.);
#518 = DIRECTION('',(1.,0.));
#519 = ( GEOMETRIC_REPRESENTATION_CONTEXT(2) 
PARAMETRIC_REPRESENTATION_CONTEXT() REPRESENTATION_CONTEXT('2D SPACE',''
  ) );
#520 = ORIENTED_EDGE('',*,*,#521,.F.);
#521 = EDGE_CURVE('',#522,#499,#524,.T.);
#522 = VERTEX_POINT('',#523);
#523 = CARTESIAN_POINT('',(424.18987882,750.170057193,104.412036925));
#524 = SURFACE_CURVE('',#525,(#530,#537),.PCURVE_S1.);
#525 = CIRCLE('',#526,6.);
#526 = AXIS2_PLACEMENT_3D('',#527,#528,#529);
#527 = CARTESIAN_POINT('',(424.18987882,755.764,102.242289505));
#528 = DIRECTION('',(1.,0.,0.));
#529 = DIRECTION('',(-0.,0.,1.));
#530 = PCURVE('',#155,#531);
#531 = DEFINITIONAL_REPRESENTATION('',(#532),#536);
#532 = LINE('',#533,#534);
#533 = CARTESIAN_POINT('',(-1.200786525431,6.928229572));
#534 = VECTOR('',#535,1.);
#535 = DIRECTION('',(1.,0.));
#536 = ( GEOMETRIC_REPRESENTATION_CONTEXT(2) 
PARAMETRIC_REPRESENTATION_CONTEXT() REPRESENTATION_CONTEXT('2D SPACE',''
  ) );
#537 = PCURVE('',#538,#575);
#538 = B_SPLINE_SURFACE_WITH_KNOTS('',5,5,(
    (#539,#540,#541,#542,#543,#544)
    ,(#545,#546,#547,#548,#549,#550)
    ,(#551,#552,#553,#554,#555,#556)
    ,(#557,#558,#559,#560,#561,#562)
    ,(#563,#564,#565,#566,#567,#568)
    ,(#569,#570,#571,#572,#573,#574
    )),.UNSPECIFIED.,.F.,.F.,.F.,(6,6),(6,6),(23.4911024203,
    23.6976435841),(0.,2.18177738236),.PIECEWISE_BEZIER_KNOTS.);
#539 = CARTESIAN_POINT('',(424.553361428,750.141004296,104.30648829));
#540 = CARTESIAN_POINT('',(424.489500753,749.991802164,103.910824757));
#541 = CARTESIAN_POINT('',(424.423521958,749.878307861,103.502037928));
#542 = CARTESIAN_POINT('',(424.356100882,749.802102192,103.084315114));
#543 = CARTESIAN_POINT('',(424.287958556,749.764000132,102.662123625));
#544 = CARTESIAN_POINT('',(424.219816229,749.764,102.239932136));
#545 = CARTESIAN_POINT('',(424.480883116,750.144901044,104.328786922));
#546 = CARTESIAN_POINT('',(424.429810957,749.994173608,103.929220454));
#547 = CARTESIAN_POINT('',(424.377021725,749.879502236,103.516257994));
#548 = CARTESIAN_POINT('',(424.323062976,749.802500421,103.09417189));
#549 = CARTESIAN_POINT('',(424.268519378,749.764000253,102.667523252));
#550 = CARTESIAN_POINT('',(424.213975779,749.764,102.240874614));
#551 = CARTESIAN_POINT('',(424.408272859,750.149757048,104.350497394));
#552 = CARTESIAN_POINT('',(424.369992447,749.997129319,103.947146167));
#553 = CARTESIAN_POINT('',(424.330401969,749.880991043,103.530091178));
#554 = CARTESIAN_POINT('',(424.289918867,749.802996874,103.103700412));
#555 = CARTESIAN_POINT('',(424.248989382,749.764000459,102.672641011));
#556 = CARTESIAN_POINT('',(424.208059896,749.764,102.24158161));
#557 = CARTESIAN_POINT('',(424.335552431,750.155570952,104.371613129));
#558 = CARTESIAN_POINT('',(424.310055754,750.000668921,103.964598767));
#559 = CARTESIAN_POINT('',(424.283667313,749.882774226,103.543536224));
#560 = CARTESIAN_POINT('',(424.256670988,749.803591551,103.112900148));
#561 = CARTESIAN_POINT('',(424.229370668,749.764000768,102.677476518));
#562 = CARTESIAN_POINT('',(424.202070348,749.764,102.242052887));
#563 = CARTESIAN_POINT('',(424.262746083,750.162340351,104.392127394));
#564 = CARTESIAN_POINT('',(424.250013449,750.0047915,103.981574898));
#565 = CARTESIAN_POINT('',(424.236823977,749.884851394,103.5565917));
#566 = CARTESIAN_POINT('',(424.22332292,749.804284224,103.121770496));
#567 = CARTESIAN_POINT('',(424.209666042,749.764001084,102.68202945));
#568 = CARTESIAN_POINT('',(424.196009164,749.764,102.242288403));
#569 = CARTESIAN_POINT('',(424.189878535,750.170062045,104.412033818));
#570 = CARTESIAN_POINT('',(424.189878522,750.009495878,103.998071367));
#571 = CARTESIAN_POINT('',(424.189878508,749.887222092,103.569256281));
#572 = CARTESIAN_POINT('',(424.189878493,749.805074655,103.130310965));
#573 = CARTESIAN_POINT('',(424.189878478,749.764001322,102.686299635));
#574 = CARTESIAN_POINT('',(424.189878462,749.764,102.242288304));
#575 = DEFINITIONAL_REPRESENTATION('',(#576),#579);
#576 = B_SPLINE_CURVE_WITH_KNOTS('',1,(#577,#578),.UNSPECIFIED.,.F.,.F.,
  (2,2),(1.200786525431,1.570796326795),.PIECEWISE_BEZIER_KNOTS.);
#577 = CARTESIAN_POINT('',(23.697643422516,-1.204504315267E-06));
#578 = CARTESIAN_POINT('',(23.697641171936,2.181776202073));
#579 = ( GEOMETRIC_REPRESENTATION_CONTEXT(2) 
PARAMETRIC_REPRESENTATION_CONTEXT() REPRESENTATION_CONTEXT('2D SPACE',''
  ) );
#580 = ORIENTED_EDGE('',*,*,#581,.F.);
#581 = EDGE_CURVE('',#113,#522,#582,.T.);
#582 = SURFACE_CURVE('',#583,(#587,#594),.PCURVE_S1.);
#583 = LINE('',#584,#585);
#584 = CARTESIAN_POINT('',(417.261649247,750.170057193,104.412036925));
#585 = VECTOR('',#586,1.);
#586 = DIRECTION('',(1.,0.,0.));
#587 = PCURVE('',#155,#588);
#588 = DEFINITIONAL_REPRESENTATION('',(#589),#593);
#589 = LINE('',#590,#591);
#590 = CARTESIAN_POINT('',(0.,-1.000046268018E-09));
#591 = VECTOR('',#592,1.);
#592 = DIRECTION('',(0.,1.));
#593 = ( GEOMETRIC_REPRESENTATION_CONTEXT(2) 
PARAMETRIC_REPRESENTATION_CONTEXT() REPRESENTATION_CONTEXT('2D SPACE',''
  ) );
#594 = PCURVE('',#433,#595);
#595 = DEFINITIONAL_REPRESENTATION('',(#596),#600);
#596 = LINE('',#597,#598);
#597 = CARTESIAN_POINT('',(58.046591874,8.370798371447));
#598 = VECTOR('',#599,1.);
#599 = DIRECTION('',(1.,0.));
#600 = ( GEOMETRIC_REPRESENTATION_CONTEXT(2) 
PARAMETRIC_REPRESENTATION_CONTEXT() REPRESENTATION_CONTEXT('2D SPACE',''
  ) );
#601 = ORIENTED_EDGE('',*,*,#140,.F.);
#602 = ADVANCED_FACE('',(#603),#188,.F.);
#603 = FACE_BOUND('',#604,.F.);
#604 = EDGE_LOOP('',(#605,#635,#657,#658));
#605 = ORIENTED_EDGE('',*,*,#606,.T.);
#606 = EDGE_CURVE('',#607,#609,#611,.T.);
#607 = VERTEX_POINT('',#608);
#608 = CARTESIAN_POINT('',(408.355032621,747.485999999,90.4807671662));
#609 = VERTEX_POINT('',#610);
#610 = CARTESIAN_POINT('',(408.355032621,749.764,90.4807671662));
#611 = SURFACE_CURVE('',#612,(#616,#623),.PCURVE_S1.);
#612 = LINE('',#613,#614);
#613 = CARTESIAN_POINT('',(408.355032621,749.764,90.4807671662));
#614 = VECTOR('',#615,1.);
#615 = DIRECTION('',(0.,1.,0.));
#616 = PCURVE('',#188,#617);
#617 = DEFINITIONAL_REPRESENTATION('',(#618),#622);
#618 = LINE('',#619,#620);
#619 = CARTESIAN_POINT('',(3.141592653588,0.));
#620 = VECTOR('',#621,1.);
#621 = DIRECTION('',(0.,1.));
#622 = ( GEOMETRIC_REPRESENTATION_CONTEXT(2) 
PARAMETRIC_REPRESENTATION_CONTEXT() REPRESENTATION_CONTEXT('2D SPACE',''
  ) );
#623 = PCURVE('',#624,#629);
#624 = CYLINDRICAL_SURFACE('',#625,5.);
#625 = AXIS2_PLACEMENT_3D('',#626,#627,#628);
#626 = CARTESIAN_POINT('',(403.9,749.764,92.7507196649));
#627 = DIRECTION('',(0.,1.,0.));
#628 = DIRECTION('',(0.89100652419,0.,-0.453990499737));
#629 = DEFINITIONAL_REPRESENTATION('',(#630),#634);
#630 = LINE('',#631,#632);
#631 = CARTESIAN_POINT('',(0.,0.));
#632 = VECTOR('',#633,1.);
#633 = DIRECTION('',(0.,1.));
#634 = ( GEOMETRIC_REPRESENTATION_CONTEXT(2) 
PARAMETRIC_REPRESENTATION_CONTEXT() REPRESENTATION_CONTEXT('2D SPACE',''
  ) );
#635 = ORIENTED_EDGE('',*,*,#636,.F.);
#636 = EDGE_CURVE('',#173,#609,#637,.T.);
#637 = SURFACE_CURVE('',#638,(#643,#650),.PCURVE_S1.);
#638 = CIRCLE('',#639,5.);
#639 = AXIS2_PLACEMENT_3D('',#640,#641,#642);
#640 = CARTESIAN_POINT('',(403.9,749.764,92.7507196649));
#641 = DIRECTION('',(0.,1.,-0.));
#642 = DIRECTION('',(0.,0.,1.));
#643 = PCURVE('',#188,#644);
#644 = DEFINITIONAL_REPRESENTATION('',(#645),#649);
#645 = LINE('',#646,#647);
#646 = CARTESIAN_POINT('',(1.099557428759,0.));
#647 = VECTOR('',#648,1.);
#648 = DIRECTION('',(1.,0.));
#649 = ( GEOMETRIC_REPRESENTATION_CONTEXT(2) 
PARAMETRIC_REPRESENTATION_CONTEXT() REPRESENTATION_CONTEXT('2D SPACE',''
  ) );
#650 = PCURVE('',#241,#651);
#651 = DEFINITIONAL_REPRESENTATION('',(#652),#656);
#652 = CIRCLE('',#653,5.);
#653 = AXIS2_PLACEMENT_2D('',#654,#655);
#654 = CARTESIAN_POINT('',(78.471905185,84.2492803351));
#655 = DIRECTION('',(0.,-1.));
#656 = ( GEOMETRIC_REPRESENTATION_CONTEXT(2) 
PARAMETRIC_REPRESENTATION_CONTEXT() REPRESENTATION_CONTEXT('2D SPACE',''
  ) );
#657 = ORIENTED_EDGE('',*,*,#170,.F.);
#658 = ORIENTED_EDGE('',*,*,#659,.T.);
#659 = EDGE_CURVE('',#171,#607,#660,.T.);
#660 = SURFACE_CURVE('',#661,(#666,#673),.PCURVE_S1.);
#661 = CIRCLE('',#662,5.);
#662 = AXIS2_PLACEMENT_3D('',#663,#664,#665);
#663 = CARTESIAN_POINT('',(403.9,747.485999999,92.7507196649));
#664 = DIRECTION('',(0.,1.,-0.));
#665 = DIRECTION('',(0.,0.,1.));
#666 = PCURVE('',#188,#667);
#667 = DEFINITIONAL_REPRESENTATION('',(#668),#672);
#668 = LINE('',#669,#670);
#669 = CARTESIAN_POINT('',(1.099557428759,-2.278000001));
#670 = VECTOR('',#671,1.);
#671 = DIRECTION('',(1.,0.));
#672 = ( GEOMETRIC_REPRESENTATION_CONTEXT(2) 
PARAMETRIC_REPRESENTATION_CONTEXT() REPRESENTATION_CONTEXT('2D SPACE',''
  ) );
#673 = PCURVE('',#214,#674);
#674 = DEFINITIONAL_REPRESENTATION('',(#675),#679);
#675 = CIRCLE('',#676,5.);
#676 = AXIS2_PLACEMENT_2D('',#677,#678);
#677 = CARTESIAN_POINT('',(78.471905185,84.2492803351));
#678 = DIRECTION('',(0.,-1.));
#679 = ( GEOMETRIC_REPRESENTATION_CONTEXT(2) 
PARAMETRIC_REPRESENTATION_CONTEXT() REPRESENTATION_CONTEXT('2D SPACE',''
  ) );
#680 = ADVANCED_FACE('',(#681),#214,.F.);
#681 = FACE_BOUND('',#682,.T.);
#682 = EDGE_LOOP('',(#683,#713,#741,#767,#768,#769,#770,#798,#826,#859,
    #892,#920));
#683 = ORIENTED_EDGE('',*,*,#684,.T.);
#684 = EDGE_CURVE('',#685,#687,#689,.T.);
#685 = VERTEX_POINT('',#686);
#686 = CARTESIAN_POINT('',(404.011015372,747.486,76.316104563));
#687 = VERTEX_POINT('',#688);
#688 = CARTESIAN_POINT('',(424.21981623,747.486,76.316104563));
#689 = SURFACE_CURVE('',#690,(#694,#701),.PCURVE_S1.);
#690 = LINE('',#691,#692);
#691 = CARTESIAN_POINT('',(414.115415801,747.486,76.316104563));
#692 = VECTOR('',#693,1.);
#693 = DIRECTION('',(1.,0.,0.));
#694 = PCURVE('',#214,#695);
#695 = DEFINITIONAL_REPRESENTATION('',(#696),#700);
#696 = LINE('',#697,#698);
#697 = CARTESIAN_POINT('',(88.687320986,100.683895437));
#698 = VECTOR('',#699,1.);
#699 = DIRECTION('',(1.,0.));
#700 = ( GEOMETRIC_REPRESENTATION_CONTEXT(2) 
PARAMETRIC_REPRESENTATION_CONTEXT() REPRESENTATION_CONTEXT('2D SPACE',''
  ) );
#701 = PCURVE('',#702,#707);
#702 = CYLINDRICAL_SURFACE('',#703,17.278);
#703 = AXIS2_PLACEMENT_3D('',#704,#705,#706);
#704 = CARTESIAN_POINT('',(416.388478441,764.764,76.3161045635));
#705 = DIRECTION('',(-1.,-0.,0.));
#706 = DIRECTION('',(0.,-0.994521895368,-0.104528463268));
#707 = DEFINITIONAL_REPRESENTATION('',(#708),#712);
#708 = LINE('',#709,#710);
#709 = CARTESIAN_POINT('',(0.104719755091,2.27306264));
#710 = VECTOR('',#711,1.);
#711 = DIRECTION('',(0.,-1.));
#712 = ( GEOMETRIC_REPRESENTATION_CONTEXT(2) 
PARAMETRIC_REPRESENTATION_CONTEXT() REPRESENTATION_CONTEXT('2D SPACE',''
  ) );
#713 = ORIENTED_EDGE('',*,*,#714,.F.);
#714 = EDGE_CURVE('',#715,#687,#717,.T.);
#715 = VERTEX_POINT('',#716);
#716 = CARTESIAN_POINT('',(424.219816237,747.486,102.239932133));
#717 = SURFACE_CURVE('',#718,(#722,#729),.PCURVE_S1.);
#718 = LINE('',#719,#720);
#719 = CARTESIAN_POINT('',(424.219816233,747.486,89.2780183479));
#720 = VECTOR('',#721,1.);
#721 = DIRECTION('',(-2.87402798712E-10,0.,-1.));
#722 = PCURVE('',#214,#723);
#723 = DEFINITIONAL_REPRESENTATION('',(#724),#728);
#724 = LINE('',#725,#726);
#725 = CARTESIAN_POINT('',(98.791721418,87.7219816521));
#726 = VECTOR('',#727,1.);
#727 = DIRECTION('',(-2.87402798712E-10,1.));
#728 = ( GEOMETRIC_REPRESENTATION_CONTEXT(2) 
PARAMETRIC_REPRESENTATION_CONTEXT() REPRESENTATION_CONTEXT('2D SPACE',''
  ) );
#729 = PCURVE('',#730,#735);
#730 = CYLINDRICAL_SURFACE('',#731,8.778);
#731 = AXIS2_PLACEMENT_3D('',#732,#733,#734);
#732 = CARTESIAN_POINT('',(424.219816229,756.264,121.936333298));
#733 = DIRECTION('',(0.,0.,1.));
#734 = DIRECTION('',(-0.410718852613,0.911762043577,0.));
#735 = DEFINITIONAL_REPRESENTATION('',(#736),#740);
#736 = LINE('',#737,#738);
#737 = CARTESIAN_POINT('',(2.718350310437,-32.6583149501));
#738 = VECTOR('',#739,1.);
#739 = DIRECTION('',(-3.274117613475E-11,-1.));
#740 = ( GEOMETRIC_REPRESENTATION_CONTEXT(2) 
PARAMETRIC_REPRESENTATION_CONTEXT() REPRESENTATION_CONTEXT('2D SPACE',''
  ) );
#741 = ORIENTED_EDGE('',*,*,#742,.T.);
#742 = EDGE_CURVE('',#715,#281,#743,.T.);
#743 = SURFACE_CURVE('',#744,(#751,#761),.PCURVE_S1.);
#744 = B_SPLINE_CURVE_WITH_KNOTS('',5,(#745,#746,#747,#748,#749,#750),
  .UNSPECIFIED.,.F.,.F.,(6,6),(0.,4.25028515289E-02),
  .PIECEWISE_BEZIER_KNOTS.);
#745 = CARTESIAN_POINT('',(424.219816237,747.486,102.239932133));
#746 = CARTESIAN_POINT('',(424.21390963,747.486,102.240885287));
#747 = CARTESIAN_POINT('',(424.207953638,747.486,102.241593128));
#748 = CARTESIAN_POINT('',(424.201935513,747.486,102.242059996));
#749 = CARTESIAN_POINT('',(424.195915384,747.486,102.242288384));
#750 = CARTESIAN_POINT('',(424.189878849,747.486,102.242288297));
#751 = PCURVE('',#214,#752);
#752 = DEFINITIONAL_REPRESENTATION('',(#753),#760);
#753 = B_SPLINE_CURVE_WITH_KNOTS('',5,(#754,#755,#756,#757,#758,#759),
  .UNSPECIFIED.,.F.,.F.,(6,6),(0.,4.25028515289E-02),
  .PIECEWISE_BEZIER_KNOTS.);
#754 = CARTESIAN_POINT('',(98.791721422,74.760067867));
#755 = CARTESIAN_POINT('',(98.785814815,74.759114713));
#756 = CARTESIAN_POINT('',(98.779858823,74.758406872));
#757 = CARTESIAN_POINT('',(98.773840698,74.757940004));
#758 = CARTESIAN_POINT('',(98.767820569,74.757711616));
#759 = CARTESIAN_POINT('',(98.761784034,74.757711703));
#760 = ( GEOMETRIC_REPRESENTATION_CONTEXT(2) 
PARAMETRIC_REPRESENTATION_CONTEXT() REPRESENTATION_CONTEXT('2D SPACE',''
  ) );
#761 = PCURVE('',#318,#762);
#762 = DEFINITIONAL_REPRESENTATION('',(#763),#766);
#763 = B_SPLINE_CURVE_WITH_KNOTS('',1,(#764,#765),.UNSPECIFIED.,.F.,.F.,
  (2,2),(0.,4.25028515289E-02),.PIECEWISE_BEZIER_KNOTS.);
#764 = CARTESIAN_POINT('',(23.491102429436,3.010125527693));
#765 = CARTESIAN_POINT('',(23.764841917216,3.010125527535));
#766 = ( GEOMETRIC_REPRESENTATION_CONTEXT(2) 
PARAMETRIC_REPRESENTATION_CONTEXT() REPRESENTATION_CONTEXT('2D SPACE',''
  ) );
#767 = ORIENTED_EDGE('',*,*,#280,.F.);
#768 = ORIENTED_EDGE('',*,*,#200,.T.);
#769 = ORIENTED_EDGE('',*,*,#659,.T.);
#770 = ORIENTED_EDGE('',*,*,#771,.T.);
#771 = EDGE_CURVE('',#607,#772,#774,.T.);
#772 = VERTEX_POINT('',#773);
#773 = CARTESIAN_POINT('',(406.838926261,747.486,88.7056346927));
#774 = SURFACE_CURVE('',#775,(#782,#792),.PCURVE_S1.);
#775 = B_SPLINE_CURVE_WITH_KNOTS('',5,(#776,#777,#778,#779,#780,#781),
  .UNSPECIFIED.,.F.,.F.,(6,6),(0.,3.33674965764),
  .PIECEWISE_BEZIER_KNOTS.);
#776 = CARTESIAN_POINT('',(408.355026075,747.486,90.4807705004));
#777 = CARTESIAN_POINT('',(408.141111933,747.486,90.0609369282));
#778 = CARTESIAN_POINT('',(407.877704826,747.486,89.6663149717));
#779 = CARTESIAN_POINT('',(407.568763629,747.486,89.304699225));
#780 = CARTESIAN_POINT('',(407.220168355,747.486,88.9826232871));
#781 = CARTESIAN_POINT('',(406.838926261,747.486,88.7056346927));
#782 = PCURVE('',#214,#783);
#783 = DEFINITIONAL_REPRESENTATION('',(#784),#791);
#784 = B_SPLINE_CURVE_WITH_KNOTS('',5,(#785,#786,#787,#788,#789,#790),
  .UNSPECIFIED.,.F.,.F.,(6,6),(0.,3.33674965764),
  .PIECEWISE_BEZIER_KNOTS.);
#785 = CARTESIAN_POINT('',(82.92693126,86.5192294996));
#786 = CARTESIAN_POINT('',(82.713017118,86.9390630718));
#787 = CARTESIAN_POINT('',(82.449610011,87.3336850283));
#788 = CARTESIAN_POINT('',(82.140668814,87.695300775));
#789 = CARTESIAN_POINT('',(81.79207354,88.0173767129));
#790 = CARTESIAN_POINT('',(81.410831446,88.2943653073));
#791 = ( GEOMETRIC_REPRESENTATION_CONTEXT(2) 
PARAMETRIC_REPRESENTATION_CONTEXT() REPRESENTATION_CONTEXT('2D SPACE',''
  ) );
#792 = PCURVE('',#624,#793);
#793 = DEFINITIONAL_REPRESENTATION('',(#794),#797);
#794 = B_SPLINE_CURVE_WITH_KNOTS('',1,(#795,#796),.UNSPECIFIED.,.F.,.F.,
  (2,2),(0.,3.33674965764),.PIECEWISE_BEZIER_KNOTS.);
#795 = CARTESIAN_POINT('',(2.037042161754E-10,-2.278));
#796 = CARTESIAN_POINT('',(0.471238898155,-2.278));
#797 = ( GEOMETRIC_REPRESENTATION_CONTEXT(2) 
PARAMETRIC_REPRESENTATION_CONTEXT() REPRESENTATION_CONTEXT('2D SPACE',''
  ) );
#798 = ORIENTED_EDGE('',*,*,#799,.T.);
#799 = EDGE_CURVE('',#772,#800,#802,.T.);
#800 = VERTEX_POINT('',#801);
#801 = CARTESIAN_POINT('',(406.373288486,747.485999999,88.3673290463));
#802 = SURFACE_CURVE('',#803,(#807,#814),.PCURVE_S1.);
#803 = LINE('',#804,#805);
#804 = CARTESIAN_POINT('',(406.606107373,747.486,88.5364818694));
#805 = VECTOR('',#806,1.);
#806 = DIRECTION('',(-0.809016994152,0.,-0.5877852526));
#807 = PCURVE('',#214,#808);
#808 = DEFINITIONAL_REPRESENTATION('',(#809),#813);
#809 = LINE('',#810,#811);
#810 = CARTESIAN_POINT('',(81.178012558,88.4635181306));
#811 = VECTOR('',#812,1.);
#812 = DIRECTION('',(-0.809016994152,0.5877852526));
#813 = ( GEOMETRIC_REPRESENTATION_CONTEXT(2) 
PARAMETRIC_REPRESENTATION_CONTEXT() REPRESENTATION_CONTEXT('2D SPACE',''
  ) );
#814 = PCURVE('',#815,#820);
#815 = PLANE('',#816);
#816 = AXIS2_PLACEMENT_3D('',#817,#818,#819);
#817 = CARTESIAN_POINT('',(406.606107374,749.764,88.5364818699));
#818 = DIRECTION('',(0.587785252292,0.,-0.809016994375));
#819 = DIRECTION('',(0.809016994375,0.,0.587785252292));
#820 = DEFINITIONAL_REPRESENTATION('',(#821),#825);
#821 = LINE('',#822,#823);
#822 = CARTESIAN_POINT('',(-1.102906518922E-09,2.278));
#823 = VECTOR('',#824,1.);
#824 = DIRECTION('',(-1.,-0.));
#825 = ( GEOMETRIC_REPRESENTATION_CONTEXT(2) 
PARAMETRIC_REPRESENTATION_CONTEXT() REPRESENTATION_CONTEXT('2D SPACE',''
  ) );
#826 = ORIENTED_EDGE('',*,*,#827,.F.);
#827 = EDGE_CURVE('',#828,#800,#830,.T.);
#828 = VERTEX_POINT('',#829);
#829 = CARTESIAN_POINT('',(404.553960855,747.485999999,86.2371700787));
#830 = SURFACE_CURVE('',#831,(#838,#848),.PCURVE_S1.);
#831 = B_SPLINE_CURVE_WITH_KNOTS('',5,(#832,#833,#834,#835,#836,#837),
  .UNSPECIFIED.,.F.,.F.,(6,6),(0.,4.00627684433),
  .PIECEWISE_BEZIER_KNOTS.);
#832 = CARTESIAN_POINT('',(404.553968207,747.486,86.2371663321));
#833 = CARTESIAN_POINT('',(404.810666715,747.486,86.7409661467));
#834 = CARTESIAN_POINT('',(405.126753422,747.486,87.2145091287));
#835 = CARTESIAN_POINT('',(405.49748674,747.486,87.6484544984));
#836 = CARTESIAN_POINT('',(405.91579977,747.486,88.0349440386));
#837 = CARTESIAN_POINT('',(406.373288486,747.486,88.3673290461));
#838 = PCURVE('',#214,#839);
#839 = DEFINITIONAL_REPRESENTATION('',(#840),#847);
#840 = B_SPLINE_CURVE_WITH_KNOTS('',5,(#841,#842,#843,#844,#845,#846),
  .UNSPECIFIED.,.F.,.F.,(6,6),(0.,4.00627684433),
  .PIECEWISE_BEZIER_KNOTS.);
#841 = CARTESIAN_POINT('',(79.125873392,90.7628336679));
#842 = CARTESIAN_POINT('',(79.3825719,90.2590338533));
#843 = CARTESIAN_POINT('',(79.698658607,89.7854908713));
#844 = CARTESIAN_POINT('',(80.069391925,89.3515455016));
#845 = CARTESIAN_POINT('',(80.487704955,88.9650559614));
#846 = CARTESIAN_POINT('',(80.945193671,88.6326709539));
#847 = ( GEOMETRIC_REPRESENTATION_CONTEXT(2) 
PARAMETRIC_REPRESENTATION_CONTEXT() REPRESENTATION_CONTEXT('2D SPACE',''
  ) );
#848 = PCURVE('',#849,#854);
#849 = CYLINDRICAL_SURFACE('',#850,6.);
#850 = AXIS2_PLACEMENT_3D('',#851,#852,#853);
#851 = CARTESIAN_POINT('',(409.9,749.764,83.5132270804));
#852 = DIRECTION('',(0.,1.,0.));
#853 = DIRECTION('',(-0.891006524189,0.,0.453990499739));
#854 = DEFINITIONAL_REPRESENTATION('',(#855),#858);
#855 = B_SPLINE_CURVE_WITH_KNOTS('',1,(#856,#857),.UNSPECIFIED.,.F.,.F.,
  (2,2),(7.241690269743E-10,4.00627684433),.PIECEWISE_BEZIER_KNOTS.);
#856 = CARTESIAN_POINT('',(0.,-2.278));
#857 = CARTESIAN_POINT('',(0.471238897952,-2.278));
#858 = ( GEOMETRIC_REPRESENTATION_CONTEXT(2) 
PARAMETRIC_REPRESENTATION_CONTEXT() REPRESENTATION_CONTEXT('2D SPACE',''
  ) );
#859 = ORIENTED_EDGE('',*,*,#860,.F.);
#860 = EDGE_CURVE('',#861,#828,#863,.T.);
#861 = VERTEX_POINT('',#862);
#862 = CARTESIAN_POINT('',(403.9,747.486,83.5132270809));
#863 = SURFACE_CURVE('',#864,(#871,#881),.PCURVE_S1.);
#864 = B_SPLINE_CURVE_WITH_KNOTS('',5,(#865,#866,#867,#868,#869,#870),
  .UNSPECIFIED.,.F.,.F.,(6,6),(0.,4.00783190686),
  .PIECEWISE_BEZIER_KNOTS.);
#865 = CARTESIAN_POINT('',(403.9,747.486,83.5132270809));
#866 = CARTESIAN_POINT('',(403.9,747.486,84.0787098237));
#867 = CARTESIAN_POINT('',(403.966797335,747.486,84.6443007012));
#868 = CARTESIAN_POINT('',(404.099962757,747.486,85.1993190183));
#869 = CARTESIAN_POINT('',(404.297271722,747.486,85.7333704872));
#870 = CARTESIAN_POINT('',(404.553968207,747.486,86.2371663321));
#871 = PCURVE('',#214,#872);
#872 = DEFINITIONAL_REPRESENTATION('',(#873),#880);
#873 = B_SPLINE_CURVE_WITH_KNOTS('',5,(#874,#875,#876,#877,#878,#879),
  .UNSPECIFIED.,.F.,.F.,(6,6),(0.,4.00783190686),
  .PIECEWISE_BEZIER_KNOTS.);
#874 = CARTESIAN_POINT('',(78.471905185,93.4867729191));
#875 = CARTESIAN_POINT('',(78.471905185,92.9212901763));
#876 = CARTESIAN_POINT('',(78.53870252,92.3556992988));
#877 = CARTESIAN_POINT('',(78.671867942,91.8006809817));
#878 = CARTESIAN_POINT('',(78.869176907,91.2666295128));
#879 = CARTESIAN_POINT('',(79.125873392,90.7628336679));
#880 = ( GEOMETRIC_REPRESENTATION_CONTEXT(2) 
PARAMETRIC_REPRESENTATION_CONTEXT() REPRESENTATION_CONTEXT('2D SPACE',''
  ) );
#881 = PCURVE('',#882,#887);
#882 = CYLINDRICAL_SURFACE('',#883,6.);
#883 = AXIS2_PLACEMENT_3D('',#884,#885,#886);
#884 = CARTESIAN_POINT('',(409.9,749.764,83.5132270804));
#885 = DIRECTION('',(0.,1.,0.));
#886 = DIRECTION('',(0.891006524189,0.,-0.453990499739));
#887 = DEFINITIONAL_REPRESENTATION('',(#888),#891);
#888 = B_SPLINE_CURVE_WITH_KNOTS('',1,(#889,#890),.UNSPECIFIED.,.F.,.F.,
  (2,2),(0.,4.00783190686),.PIECEWISE_BEZIER_KNOTS.);
#889 = CARTESIAN_POINT('',(2.670353755635,-2.278));
#890 = CARTESIAN_POINT('',(3.141592653496,-2.278));
#891 = ( GEOMETRIC_REPRESENTATION_CONTEXT(2) 
PARAMETRIC_REPRESENTATION_CONTEXT() REPRESENTATION_CONTEXT('2D SPACE',''
  ) );
#892 = ORIENTED_EDGE('',*,*,#893,.T.);
#893 = EDGE_CURVE('',#861,#894,#896,.T.);
#894 = VERTEX_POINT('',#895);
#895 = CARTESIAN_POINT('',(403.9,747.485999999,77.4649561793));
#896 = SURFACE_CURVE('',#897,(#901,#908),.PCURVE_S1.);
#897 = LINE('',#898,#899);
#898 = CARTESIAN_POINT('',(403.9,747.486,80.4890916301));
#899 = VECTOR('',#900,1.);
#900 = DIRECTION('',(0.,0.,-1.));
#901 = PCURVE('',#214,#902);
#902 = DEFINITIONAL_REPRESENTATION('',(#903),#907);
#903 = LINE('',#904,#905);
#904 = CARTESIAN_POINT('',(78.471905185,96.5109083699));
#905 = VECTOR('',#906,1.);
#906 = DIRECTION('',(0.,1.));
#907 = ( GEOMETRIC_REPRESENTATION_CONTEXT(2) 
PARAMETRIC_REPRESENTATION_CONTEXT() REPRESENTATION_CONTEXT('2D SPACE',''
  ) );
#908 = PCURVE('',#909,#914);
#909 = PLANE('',#910);
#910 = AXIS2_PLACEMENT_3D('',#911,#912,#913);
#911 = CARTESIAN_POINT('',(403.9,749.764,80.4890916303));
#912 = DIRECTION('',(-1.,0.,0.));
#913 = DIRECTION('',(0.,1.,0.));
#914 = DEFINITIONAL_REPRESENTATION('',(#915),#919);
#915 = LINE('',#916,#917);
#916 = CARTESIAN_POINT('',(-2.278,1.99989358407E-10));
#917 = VECTOR('',#918,1.);
#918 = DIRECTION('',(0.,1.));
#919 = ( GEOMETRIC_REPRESENTATION_CONTEXT(2) 
PARAMETRIC_REPRESENTATION_CONTEXT() REPRESENTATION_CONTEXT('2D SPACE',''
  ) );
#920 = ORIENTED_EDGE('',*,*,#921,.F.);
#921 = EDGE_CURVE('',#685,#894,#922,.T.);
#922 = SURFACE_CURVE('',#923,(#930,#940),.PCURVE_S1.);
#923 = B_SPLINE_CURVE_WITH_KNOTS('',5,(#924,#925,#926,#927,#928,#929),
  .UNSPECIFIED.,.F.,.F.,(6,6),(0.,1.63418350576),
  .PIECEWISE_BEZIER_KNOTS.);
#924 = CARTESIAN_POINT('',(404.011015372,747.486,76.316104563));
#925 = CARTESIAN_POINT('',(403.966797935,747.486,76.5427620337));
#926 = CARTESIAN_POINT('',(403.933518839,747.486,76.7715526744));
#927 = CARTESIAN_POINT('',(403.911144401,747.486,77.0030963551));
#928 = CARTESIAN_POINT('',(403.9,747.486,77.2340259068));
#929 = CARTESIAN_POINT('',(403.9,747.486,77.4649561793));
#930 = PCURVE('',#214,#931);
#931 = DEFINITIONAL_REPRESENTATION('',(#932),#939);
#932 = B_SPLINE_CURVE_WITH_KNOTS('',5,(#933,#934,#935,#936,#937,#938),
  .UNSPECIFIED.,.F.,.F.,(6,6),(0.,1.63418350576),
  .PIECEWISE_BEZIER_KNOTS.);
#933 = CARTESIAN_POINT('',(78.582920557,100.683895437));
#934 = CARTESIAN_POINT('',(78.53870312,100.4572379663));
#935 = CARTESIAN_POINT('',(78.505424024,100.2284473256));
#936 = CARTESIAN_POINT('',(78.483049586,99.9969036449));
#937 = CARTESIAN_POINT('',(78.471905185,99.7659740932));
#938 = CARTESIAN_POINT('',(78.471905185,99.5350438207));
#939 = ( GEOMETRIC_REPRESENTATION_CONTEXT(2) 
PARAMETRIC_REPRESENTATION_CONTEXT() REPRESENTATION_CONTEXT('2D SPACE',''
  ) );
#940 = PCURVE('',#941,#946);
#941 = CYLINDRICAL_SURFACE('',#942,6.);
#942 = AXIS2_PLACEMENT_3D('',#943,#944,#945);
#943 = CARTESIAN_POINT('',(409.9,749.764,77.4649561801));
#944 = DIRECTION('',(0.,1.,0.));
#945 = DIRECTION('',(-0.944427811529,0.,-0.328718890254));
#946 = DEFINITIONAL_REPRESENTATION('',(#947),#950);
#947 = B_SPLINE_CURVE_WITH_KNOTS('',1,(#948,#949),.UNSPECIFIED.,.F.,.F.,
  (2,2),(0.,1.63418350576),.PIECEWISE_BEZIER_KNOTS.);
#948 = CARTESIAN_POINT('',(0.142281754147,-2.278));
#949 = CARTESIAN_POINT('',(0.334946761191,-2.278));
#950 = ( GEOMETRIC_REPRESENTATION_CONTEXT(2) 
PARAMETRIC_REPRESENTATION_CONTEXT() REPRESENTATION_CONTEXT('2D SPACE',''
  ) );
#951 = ADVANCED_FACE('',(#952),#241,.T.);
#952 = FACE_BOUND('',#953,.T.);
#953 = EDGE_LOOP('',(#954,#979,#1002,#1025,#1048,#1071,#1093,#1094,#1095
    ,#1096,#1124,#1152));
#954 = ORIENTED_EDGE('',*,*,#955,.T.);
#955 = EDGE_CURVE('',#956,#958,#960,.T.);
#956 = VERTEX_POINT('',#957);
#957 = CARTESIAN_POINT('',(404.011015372,749.764,76.316104563));
#958 = VERTEX_POINT('',#959);
#959 = CARTESIAN_POINT('',(403.9,749.764,77.4649561793));
#960 = SURFACE_CURVE('',#961,(#966,#973),.PCURVE_S1.);
#961 = CIRCLE('',#962,6.00000017936);
#962 = AXIS2_PLACEMENT_3D('',#963,#964,#965);
#963 = CARTESIAN_POINT('',(409.900000179,749.764,77.4649561934));
#964 = DIRECTION('',(-0.,1.,0.));
#965 = DIRECTION('',(0.,0.,1.));
#966 = PCURVE('',#241,#967);
#967 = DEFINITIONAL_REPRESENTATION('',(#968),#972);
#968 = CIRCLE('',#969,6.00000017936);
#969 = AXIS2_PLACEMENT_2D('',#970,#971);
#970 = CARTESIAN_POINT('',(84.471905364,99.5350438066));
#971 = DIRECTION('',(0.,-1.));
#972 = ( GEOMETRIC_REPRESENTATION_CONTEXT(2) 
PARAMETRIC_REPRESENTATION_CONTEXT() REPRESENTATION_CONTEXT('2D SPACE',''
  ) );
#973 = PCURVE('',#941,#974);
#974 = DEFINITIONAL_REPRESENTATION('',(#975),#978);
#975 = B_SPLINE_CURVE_WITH_KNOTS('',1,(#976,#977),.UNSPECIFIED.,.F.,.F.,
  (2,2),(4.519723976744,4.712388978035),.PIECEWISE_BEZIER_KNOTS.);
#976 = CARTESIAN_POINT('',(0.142281754147,0.));
#977 = CARTESIAN_POINT('',(0.334946761191,0.));
#978 = ( GEOMETRIC_REPRESENTATION_CONTEXT(2) 
PARAMETRIC_REPRESENTATION_CONTEXT() REPRESENTATION_CONTEXT('2D SPACE',''
  ) );
#979 = ORIENTED_EDGE('',*,*,#980,.F.);
#980 = EDGE_CURVE('',#981,#958,#983,.T.);
#981 = VERTEX_POINT('',#982);
#982 = CARTESIAN_POINT('',(403.9,749.764,83.5132270809));
#983 = SURFACE_CURVE('',#984,(#988,#995),.PCURVE_S1.);
#984 = LINE('',#985,#986);
#985 = CARTESIAN_POINT('',(403.9,749.764,80.4890916301));
#986 = VECTOR('',#987,1.);
#987 = DIRECTION('',(0.,0.,-1.));
#988 = PCURVE('',#241,#989);
#989 = DEFINITIONAL_REPRESENTATION('',(#990),#994);
#990 = LINE('',#991,#992);
#991 = CARTESIAN_POINT('',(78.471905185,96.5109083699));
#992 = VECTOR('',#993,1.);
#993 = DIRECTION('',(0.,1.));
#994 = ( GEOMETRIC_REPRESENTATION_CONTEXT(2) 
PARAMETRIC_REPRESENTATION_CONTEXT() REPRESENTATION_CONTEXT('2D SPACE',''
  ) );
#995 = PCURVE('',#909,#996);
#996 = DEFINITIONAL_REPRESENTATION('',(#997),#1001);
#997 = LINE('',#998,#999);
#998 = CARTESIAN_POINT('',(0.,1.99989358407E-10));
#999 = VECTOR('',#1000,1.);
#1000 = DIRECTION('',(0.,1.));
#1001 = ( GEOMETRIC_REPRESENTATION_CONTEXT(2) 
PARAMETRIC_REPRESENTATION_CONTEXT() REPRESENTATION_CONTEXT('2D SPACE',''
  ) );
#1002 = ORIENTED_EDGE('',*,*,#1003,.T.);
#1003 = EDGE_CURVE('',#981,#1004,#1006,.T.);
#1004 = VERTEX_POINT('',#1005);
#1005 = CARTESIAN_POINT('',(404.553960856,749.764,86.2371700779));
#1006 = SURFACE_CURVE('',#1007,(#1012,#1019),.PCURVE_S1.);
#1007 = CIRCLE('',#1008,6.00000003079);
#1008 = AXIS2_PLACEMENT_3D('',#1009,#1010,#1011);
#1009 = CARTESIAN_POINT('',(409.900000031,749.764,83.5132270704));
#1010 = DIRECTION('',(-0.,1.,0.));
#1011 = DIRECTION('',(0.,0.,1.));
#1012 = PCURVE('',#241,#1013);
#1013 = DEFINITIONAL_REPRESENTATION('',(#1014),#1018);
#1014 = CIRCLE('',#1015,6.00000003079);
#1015 = AXIS2_PLACEMENT_2D('',#1016,#1017);
#1016 = CARTESIAN_POINT('',(84.471905216,93.4867729296));
#1017 = DIRECTION('',(0.,-1.));
#1018 = ( GEOMETRIC_REPRESENTATION_CONTEXT(2) 
PARAMETRIC_REPRESENTATION_CONTEXT() REPRESENTATION_CONTEXT('2D SPACE',''
  ) );
#1019 = PCURVE('',#882,#1020);
#1020 = DEFINITIONAL_REPRESENTATION('',(#1021),#1024);
#1021 = B_SPLINE_CURVE_WITH_KNOTS('',1,(#1022,#1023),.UNSPECIFIED.,.F.,
  .F.,(2,2),(4.712388982135,5.183627877509),.PIECEWISE_BEZIER_KNOTS.);
#1022 = CARTESIAN_POINT('',(2.670353755635,0.));
#1023 = CARTESIAN_POINT('',(3.141592653537,0.));
#1024 = ( GEOMETRIC_REPRESENTATION_CONTEXT(2) 
PARAMETRIC_REPRESENTATION_CONTEXT() REPRESENTATION_CONTEXT('2D SPACE',''
  ) );
#1025 = ORIENTED_EDGE('',*,*,#1026,.T.);
#1026 = EDGE_CURVE('',#1004,#1027,#1029,.T.);
#1027 = VERTEX_POINT('',#1028);
#1028 = CARTESIAN_POINT('',(406.373288486,749.764,88.3673290461));
#1029 = SURFACE_CURVE('',#1030,(#1035,#1042),.PCURVE_S1.);
#1030 = CIRCLE('',#1031,6.00000003027);
#1031 = AXIS2_PLACEMENT_3D('',#1032,#1033,#1034);
#1032 = CARTESIAN_POINT('',(409.900000026,749.764,83.5132270614));
#1033 = DIRECTION('',(-0.,1.,0.));
#1034 = DIRECTION('',(0.,0.,1.));
#1035 = PCURVE('',#241,#1036);
#1036 = DEFINITIONAL_REPRESENTATION('',(#1037),#1041);
#1037 = CIRCLE('',#1038,6.00000003027);
#1038 = AXIS2_PLACEMENT_2D('',#1039,#1040);
#1039 = CARTESIAN_POINT('',(84.471905211,93.4867729386));
#1040 = DIRECTION('',(0.,-1.));
#1041 = ( GEOMETRIC_REPRESENTATION_CONTEXT(2) 
PARAMETRIC_REPRESENTATION_CONTEXT() REPRESENTATION_CONTEXT('2D SPACE',''
  ) );
#1042 = PCURVE('',#849,#1043);
#1043 = DEFINITIONAL_REPRESENTATION('',(#1044),#1047);
#1044 = B_SPLINE_CURVE_WITH_KNOTS('',1,(#1045,#1046),.UNSPECIFIED.,.F.,
  .F.,(2,2),(5.183627879224,5.65486677473),.PIECEWISE_BEZIER_KNOTS.);
#1045 = CARTESIAN_POINT('',(0.,0.));
#1046 = CARTESIAN_POINT('',(0.471238897952,0.));
#1047 = ( GEOMETRIC_REPRESENTATION_CONTEXT(2) 
PARAMETRIC_REPRESENTATION_CONTEXT() REPRESENTATION_CONTEXT('2D SPACE',''
  ) );
#1048 = ORIENTED_EDGE('',*,*,#1049,.F.);
#1049 = EDGE_CURVE('',#1050,#1027,#1052,.T.);
#1050 = VERTEX_POINT('',#1051);
#1051 = CARTESIAN_POINT('',(406.838926261,749.764,88.7056346927));
#1052 = SURFACE_CURVE('',#1053,(#1057,#1064),.PCURVE_S1.);
#1053 = LINE('',#1054,#1055);
#1054 = CARTESIAN_POINT('',(406.606107373,749.764,88.5364818694));
#1055 = VECTOR('',#1056,1.);
#1056 = DIRECTION('',(-0.809016994152,0.,-0.5877852526));
#1057 = PCURVE('',#241,#1058);
#1058 = DEFINITIONAL_REPRESENTATION('',(#1059),#1063);
#1059 = LINE('',#1060,#1061);
#1060 = CARTESIAN_POINT('',(81.178012558,88.4635181306));
#1061 = VECTOR('',#1062,1.);
#1062 = DIRECTION('',(-0.809016994152,0.5877852526));
#1063 = ( GEOMETRIC_REPRESENTATION_CONTEXT(2) 
PARAMETRIC_REPRESENTATION_CONTEXT() REPRESENTATION_CONTEXT('2D SPACE',''
  ) );
#1064 = PCURVE('',#815,#1065);
#1065 = DEFINITIONAL_REPRESENTATION('',(#1066),#1070);
#1066 = LINE('',#1067,#1068);
#1067 = CARTESIAN_POINT('',(-1.102906518922E-09,-0.));
#1068 = VECTOR('',#1069,1.);
#1069 = DIRECTION('',(-1.,-0.));
#1070 = ( GEOMETRIC_REPRESENTATION_CONTEXT(2) 
PARAMETRIC_REPRESENTATION_CONTEXT() REPRESENTATION_CONTEXT('2D SPACE',''
  ) );
#1071 = ORIENTED_EDGE('',*,*,#1072,.F.);
#1072 = EDGE_CURVE('',#609,#1050,#1073,.T.);
#1073 = SURFACE_CURVE('',#1074,(#1079,#1086),.PCURVE_S1.);
#1074 = CIRCLE('',#1075,4.99999999783);
#1075 = AXIS2_PLACEMENT_3D('',#1076,#1077,#1078);
#1076 = CARTESIAN_POINT('',(403.900000001,749.764,92.7507196631));
#1077 = DIRECTION('',(-0.,1.,0.));
#1078 = DIRECTION('',(0.,0.,1.));
#1079 = PCURVE('',#241,#1080);
#1080 = DEFINITIONAL_REPRESENTATION('',(#1081),#1085);
#1081 = CIRCLE('',#1082,4.99999999783);
#1082 = AXIS2_PLACEMENT_2D('',#1083,#1084);
#1083 = CARTESIAN_POINT('',(78.471905186,84.2492803369));
#1084 = DIRECTION('',(0.,-1.));
#1085 = ( GEOMETRIC_REPRESENTATION_CONTEXT(2) 
PARAMETRIC_REPRESENTATION_CONTEXT() REPRESENTATION_CONTEXT('2D SPACE',''
  ) );
#1086 = PCURVE('',#624,#1087);
#1087 = DEFINITIONAL_REPRESENTATION('',(#1088),#1092);
#1088 = LINE('',#1089,#1090);
#1089 = CARTESIAN_POINT('',(-2.042035224599,0.));
#1090 = VECTOR('',#1091,1.);
#1091 = DIRECTION('',(1.,0.));
#1092 = ( GEOMETRIC_REPRESENTATION_CONTEXT(2) 
PARAMETRIC_REPRESENTATION_CONTEXT() REPRESENTATION_CONTEXT('2D SPACE',''
  ) );
#1093 = ORIENTED_EDGE('',*,*,#636,.F.);
#1094 = ORIENTED_EDGE('',*,*,#227,.F.);
#1095 = ORIENTED_EDGE('',*,*,#498,.T.);
#1096 = ORIENTED_EDGE('',*,*,#1097,.F.);
#1097 = EDGE_CURVE('',#1098,#499,#1100,.T.);
#1098 = VERTEX_POINT('',#1099);
#1099 = CARTESIAN_POINT('',(424.21981623,749.764,102.239932137));
#1100 = SURFACE_CURVE('',#1101,(#1108,#1118),.PCURVE_S1.);
#1101 = B_SPLINE_CURVE_WITH_KNOTS('',5,(#1102,#1103,#1104,#1105,#1106,
    #1107),.UNSPECIFIED.,.F.,.F.,(6,6),(0.,4.25028754557E-02),
  .PIECEWISE_BEZIER_KNOTS.);
#1102 = CARTESIAN_POINT('',(424.21981623,749.764,102.239932137));
#1103 = CARTESIAN_POINT('',(424.213909629,749.764,102.240885289));
#1104 = CARTESIAN_POINT('',(424.207953603,749.764,102.241593025));
#1105 = CARTESIAN_POINT('',(424.201935498,749.764,102.242059911));
#1106 = CARTESIAN_POINT('',(424.195915376,749.764,102.242288392));
#1107 = CARTESIAN_POINT('',(424.189878821,749.764,102.242288304));
#1108 = PCURVE('',#241,#1109);
#1109 = DEFINITIONAL_REPRESENTATION('',(#1110),#1117);
#1110 = B_SPLINE_CURVE_WITH_KNOTS('',5,(#1111,#1112,#1113,#1114,#1115,
    #1116),.UNSPECIFIED.,.F.,.F.,(6,6),(0.,4.25028754557E-02),
  .PIECEWISE_BEZIER_KNOTS.);
#1111 = CARTESIAN_POINT('',(98.791721415,74.760067863));
#1112 = CARTESIAN_POINT('',(98.785814814,74.759114711));
#1113 = CARTESIAN_POINT('',(98.779858788,74.758406975));
#1114 = CARTESIAN_POINT('',(98.773840683,74.757940089));
#1115 = CARTESIAN_POINT('',(98.767820561,74.757711608));
#1116 = CARTESIAN_POINT('',(98.761784006,74.757711696));
#1117 = ( GEOMETRIC_REPRESENTATION_CONTEXT(2) 
PARAMETRIC_REPRESENTATION_CONTEXT() REPRESENTATION_CONTEXT('2D SPACE',''
  ) );
#1118 = PCURVE('',#538,#1119);
#1119 = DEFINITIONAL_REPRESENTATION('',(#1120),#1123);
#1120 = B_SPLINE_CURVE_WITH_KNOTS('',1,(#1121,#1122),.UNSPECIFIED.,.F.,
  .F.,(2,2),(0.,4.25028754557E-02),.PIECEWISE_BEZIER_KNOTS.);
#1121 = CARTESIAN_POINT('',(23.491102414519,2.18177738119));
#1122 = CARTESIAN_POINT('',(23.697641165183,2.181777382365));
#1123 = ( GEOMETRIC_REPRESENTATION_CONTEXT(2) 
PARAMETRIC_REPRESENTATION_CONTEXT() REPRESENTATION_CONTEXT('2D SPACE',''
  ) );
#1124 = ORIENTED_EDGE('',*,*,#1125,.T.);
#1125 = EDGE_CURVE('',#1098,#1126,#1128,.T.);
#1126 = VERTEX_POINT('',#1127);
#1127 = CARTESIAN_POINT('',(424.21981623,749.764,76.316104563));
#1128 = SURFACE_CURVE('',#1129,(#1133,#1140),.PCURVE_S1.);
#1129 = LINE('',#1130,#1131);
#1130 = CARTESIAN_POINT('',(424.21981623,749.764,89.2780183498));
#1131 = VECTOR('',#1132,1.);
#1132 = DIRECTION('',(0.,0.,-1.));
#1133 = PCURVE('',#241,#1134);
#1134 = DEFINITIONAL_REPRESENTATION('',(#1135),#1139);
#1135 = LINE('',#1136,#1137);
#1136 = CARTESIAN_POINT('',(98.791721415,87.7219816502));
#1137 = VECTOR('',#1138,1.);
#1138 = DIRECTION('',(0.,1.));
#1139 = ( GEOMETRIC_REPRESENTATION_CONTEXT(2) 
PARAMETRIC_REPRESENTATION_CONTEXT() REPRESENTATION_CONTEXT('2D SPACE',''
  ) );
#1140 = PCURVE('',#1141,#1146);
#1141 = CYLINDRICAL_SURFACE('',#1142,6.5);
#1142 = AXIS2_PLACEMENT_3D('',#1143,#1144,#1145);
#1143 = CARTESIAN_POINT('',(424.219816229,756.264,121.936333298));
#1144 = DIRECTION('',(-0.,0.,1.));
#1145 = DIRECTION('',(0.,-1.,0.));
#1146 = DEFINITIONAL_REPRESENTATION('',(#1147),#1151);
#1147 = LINE('',#1148,#1149);
#1148 = CARTESIAN_POINT('',(0.,-32.6583149482));
#1149 = VECTOR('',#1150,1.);
#1150 = DIRECTION('',(0.,-1.));
#1151 = ( GEOMETRIC_REPRESENTATION_CONTEXT(2) 
PARAMETRIC_REPRESENTATION_CONTEXT() REPRESENTATION_CONTEXT('2D SPACE',''
  ) );
#1152 = ORIENTED_EDGE('',*,*,#1153,.F.);
#1153 = EDGE_CURVE('',#956,#1126,#1154,.T.);
#1154 = SURFACE_CURVE('',#1155,(#1159,#1166),.PCURVE_S1.);
#1155 = LINE('',#1156,#1157);
#1156 = CARTESIAN_POINT('',(414.115415801,749.764,76.316104563));
#1157 = VECTOR('',#1158,1.);
#1158 = DIRECTION('',(1.,0.,0.));
#1159 = PCURVE('',#241,#1160);
#1160 = DEFINITIONAL_REPRESENTATION('',(#1161),#1165);
#1161 = LINE('',#1162,#1163);
#1162 = CARTESIAN_POINT('',(88.687320986,100.683895437));
#1163 = VECTOR('',#1164,1.);
#1164 = DIRECTION('',(1.,0.));
#1165 = ( GEOMETRIC_REPRESENTATION_CONTEXT(2) 
PARAMETRIC_REPRESENTATION_CONTEXT() REPRESENTATION_CONTEXT('2D SPACE',''
  ) );
#1166 = PCURVE('',#1167,#1172);
#1167 = CYLINDRICAL_SURFACE('',#1168,15.);
#1168 = AXIS2_PLACEMENT_3D('',#1169,#1170,#1171);
#1169 = CARTESIAN_POINT('',(416.388478441,764.764,76.3161045635));
#1170 = DIRECTION('',(-1.,-0.,0.));
#1171 = DIRECTION('',(0.,-0.978147600734,-0.207911690818));
#1172 = DEFINITIONAL_REPRESENTATION('',(#1173),#1177);
#1173 = LINE('',#1174,#1175);
#1174 = CARTESIAN_POINT('',(0.209439510206,2.27306264));
#1175 = VECTOR('',#1176,1.);
#1176 = DIRECTION('',(0.,-1.));
#1177 = ( GEOMETRIC_REPRESENTATION_CONTEXT(2) 
PARAMETRIC_REPRESENTATION_CONTEXT() REPRESENTATION_CONTEXT('2D SPACE',''
  ) );
#1178 = ADVANCED_FACE('',(#1179),#318,.T.);
#1179 = FACE_BOUND('',#1180,.T.);
#1180 = EDGE_LOOP('',(#1181,#1182,#1183,#1184,#1240));
#1181 = ORIENTED_EDGE('',*,*,#365,.T.);
#1182 = ORIENTED_EDGE('',*,*,#303,.T.);
#1183 = ORIENTED_EDGE('',*,*,#742,.F.);
#1184 = ORIENTED_EDGE('',*,*,#1185,.F.);
#1185 = EDGE_CURVE('',#1186,#715,#1188,.T.);
#1186 = VERTEX_POINT('',#1187);
#1187 = CARTESIAN_POINT('',(424.679997431,748.006140259,105.091090774));
#1188 = SURFACE_CURVE('',#1189,(#1196,#1203),.PCURVE_S1.);
#1189 = B_SPLINE_CURVE_WITH_KNOTS('',5,(#1190,#1191,#1192,#1193,#1194,
    #1195),.UNSPECIFIED.,.F.,.F.,(6,6),(0.,3.01012552753),
  .PIECEWISE_BEZIER_KNOTS.);
#1190 = CARTESIAN_POINT('',(424.679997431,748.006140259,105.091090774));
#1191 = CARTESIAN_POINT('',(424.591890986,747.800291052,104.545206985));
#1192 = CARTESIAN_POINT('',(424.500862243,747.643706746,103.981217423));
#1193 = CARTESIAN_POINT('',(424.407843632,747.538568324,103.404899181));
#1194 = CARTESIAN_POINT('',(424.313829935,747.486000183,102.822415657));
#1195 = CARTESIAN_POINT('',(424.219816238,747.486,102.239932133));
#1196 = PCURVE('',#318,#1197);
#1197 = DEFINITIONAL_REPRESENTATION('',(#1198),#1202);
#1198 = LINE('',#1199,#1200);
#1199 = CARTESIAN_POINT('',(23.4911024203,-6.793263516401E-14));
#1200 = VECTOR('',#1201,1.);
#1201 = DIRECTION('',(-4.638399505267E-13,1.));
#1202 = ( GEOMETRIC_REPRESENTATION_CONTEXT(2) 
PARAMETRIC_REPRESENTATION_CONTEXT() REPRESENTATION_CONTEXT('2D SPACE',''
  ) );
#1203 = PCURVE('',#1204,#1235);
#1204 = B_SPLINE_SURFACE_WITH_KNOTS('',4,5,(
    (#1205,#1206,#1207,#1208,#1209,#1210)
    ,(#1211,#1212,#1213,#1214,#1215,#1216)
    ,(#1217,#1218,#1219,#1220,#1221,#1222)
    ,(#1223,#1224,#1225,#1226,#1227,#1228)
    ,(#1229,#1230,#1231,#1232,#1233,#1234
    )),.UNSPECIFIED.,.F.,.F.,.F.,(5,5),(6,6),(0.,7.5232241989),(0.,
    1.56938239547),.PIECEWISE_BEZIER_KNOTS.);
#1205 = CARTESIAN_POINT('',(430.794149546,750.447521217,102.148717049));
#1206 = CARTESIAN_POINT('',(430.794149546,750.447521217,102.148717049));
#1207 = CARTESIAN_POINT('',(430.794149546,750.447521217,102.148717049));
#1208 = CARTESIAN_POINT('',(430.794149546,750.447521217,102.148717049));
#1209 = CARTESIAN_POINT('',(430.794149546,750.447521217,102.148717049));
#1210 = CARTESIAN_POINT('',(430.794149546,750.447521217,102.148717049));
#1211 = CARTESIAN_POINT('',(429.693720101,749.203242858,102.979947464));
#1212 = CARTESIAN_POINT('',(429.667006141,749.174025782,102.818968059));
#1213 = CARTESIAN_POINT('',(429.640650226,749.144701399,102.657907409));
#1214 = CARTESIAN_POINT('',(429.614645197,749.115308059,102.496786819));
#1215 = CARTESIAN_POINT('',(429.588995893,749.085851235,102.335636281));
#1216 = CARTESIAN_POINT('',(429.563717748,749.056301925,102.174485744));
#1217 = CARTESIAN_POINT('',(428.196917947,748.304934744,103.812943439));
#1218 = CARTESIAN_POINT('',(428.164311205,748.231013738,103.489892577));
#1219 = CARTESIAN_POINT('',(428.121969262,748.164717428,103.167225045));
#1220 = CARTESIAN_POINT('',(428.06993423,748.105902525,102.844829143));
#1221 = CARTESIAN_POINT('',(428.00818417,748.054544232,102.522568948));
#1222 = CARTESIAN_POINT('',(427.93663704,748.010740705,102.200308753));
#1223 = CARTESIAN_POINT('',(426.451120106,747.908664116,104.540344257));
#1224 = CARTESIAN_POINT('',(426.401151983,747.76002991,104.087293785));
#1225 = CARTESIAN_POINT('',(426.338465013,747.642843242,103.626410246));
#1226 = CARTESIAN_POINT('',(426.263234551,747.557810676,103.160301317));
#1227 = CARTESIAN_POINT('',(426.175882342,747.505408908,102.691580023));
#1228 = CARTESIAN_POINT('',(426.077075552,747.485883671,102.222858733));
#1229 = CARTESIAN_POINT('',(424.679989371,748.006139325,105.091094085));
#1230 = CARTESIAN_POINT('',(424.591883118,747.800286899,104.545210518));
#1231 = CARTESIAN_POINT('',(424.500854515,747.643701003,103.981220563));
#1232 = CARTESIAN_POINT('',(424.407836024,747.538562725,103.404901502));
#1233 = CARTESIAN_POINT('',(424.313822456,747.485996498,102.822416946));
#1234 = CARTESIAN_POINT('',(424.219808929,747.485999961,102.239932392));
#1235 = DEFINITIONAL_REPRESENTATION('',(#1236),#1239);
#1236 = B_SPLINE_CURVE_WITH_KNOTS('',1,(#1237,#1238),.UNSPECIFIED.,.F.,
  .F.,(2,2),(0.,3.01012552753),.PIECEWISE_BEZIER_KNOTS.);
#1237 = CARTESIAN_POINT('',(7.523215508567,1.300006990954E-07));
#1238 = CARTESIAN_POINT('',(7.52321689212,1.56938239547));
#1239 = ( GEOMETRIC_REPRESENTATION_CONTEXT(2) 
PARAMETRIC_REPRESENTATION_CONTEXT() REPRESENTATION_CONTEXT('2D SPACE',''
  ) );
#1240 = ORIENTED_EDGE('',*,*,#1241,.T.);
#1241 = EDGE_CURVE('',#1186,#366,#1242,.T.);
#1242 = SURFACE_CURVE('',#1243,(#1250,#1257),.PCURVE_S1.);
#1243 = B_SPLINE_CURVE_WITH_KNOTS('',5,(#1244,#1245,#1246,#1247,#1248,
    #1249),.UNSPECIFIED.,.F.,.F.,(6,6),(23.4911024203,23.7648451321),
  .PIECEWISE_BEZIER_KNOTS.);
#1244 = CARTESIAN_POINT('',(424.679997431,748.006140259,105.091090774));
#1245 = CARTESIAN_POINT('',(424.582218949,748.011516472,105.121497624));
#1246 = CARTESIAN_POINT('',(424.484287065,748.018216139,105.151182414));
#1247 = CARTESIAN_POINT('',(424.386231151,748.026237388,105.180136161));
#1248 = CARTESIAN_POINT('',(424.288083893,748.035576901,105.20834959));
#1249 = CARTESIAN_POINT('',(424.18987859,748.046230265,105.235813856));
#1250 = PCURVE('',#318,#1251);
#1251 = DEFINITIONAL_REPRESENTATION('',(#1252),#1256);
#1252 = LINE('',#1253,#1254);
#1253 = CARTESIAN_POINT('',(-3.552713678801E-15,-3.539785617463E-13));
#1254 = VECTOR('',#1255,1.);
#1255 = DIRECTION('',(1.,1.286151664722E-14));
#1256 = ( GEOMETRIC_REPRESENTATION_CONTEXT(2) 
PARAMETRIC_REPRESENTATION_CONTEXT() REPRESENTATION_CONTEXT('2D SPACE',''
  ) );
#1257 = PCURVE('',#1258,#1263);
#1258 = CYLINDRICAL_SURFACE('',#1259,8.778);
#1259 = AXIS2_PLACEMENT_3D('',#1260,#1261,#1262);
#1260 = CARTESIAN_POINT('',(437.746669562,771.553326388,141.566953738));
#1261 = DIRECTION('',(0.304722500368,0.344426131564,0.887983579615));
#1262 = DIRECTION('',(-0.416372359065,0.88668864491,-0.201040557087));
#1263 = DEFINITIONAL_REPRESENTATION('',(#1264),#1290);
#1264 = B_SPLINE_CURVE_WITH_KNOTS('',3,(#1265,#1266,#1267,#1268,#1269,
    #1270,#1271,#1272,#1273,#1274,#1275,#1276,#1277,#1278,#1279,#1280,
    #1281,#1282,#1283,#1284,#1285,#1286,#1287,#1288,#1289),
  .UNSPECIFIED.,.F.,.F.,(4,1,1,1,1,1,1,1,1,1,1,1,1,1,1,1,1,1,1,1,1,1,4),
  (23.4911024203,23.503545262583,23.515988104867,23.52843094715,
    23.540873789434,23.553316631717,23.565759474,23.578202316284,
    23.590645158567,23.603088000851,23.615530843134,23.627973685418,
    23.640416527701,23.652859369984,23.665302212268,23.677745054551,
    23.690187896835,23.702630739118,23.715073581401,23.727516423685,
    23.739959265968,23.752402108252,23.764844950535),.UNSPECIFIED.);
#1265 = CARTESIAN_POINT('',(2.747550346129,-44.48194259518));
#1266 = CARTESIAN_POINT('',(2.746665437954,-44.48201402025));
#1267 = CARTESIAN_POINT('',(2.744895622434,-44.48216006728));
#1268 = CARTESIAN_POINT('',(2.742240902977,-44.48238872637));
#1269 = CARTESIAN_POINT('',(2.739586188598,-44.48262697202));
#1270 = CARTESIAN_POINT('',(2.736931480807,-44.48287480204));
#1271 = CARTESIAN_POINT('',(2.734276781268,-44.48313221414));
#1272 = CARTESIAN_POINT('',(2.731622091819,-44.48339920589));
#1273 = CARTESIAN_POINT('',(2.728967414455,-44.48367577476));
#1274 = CARTESIAN_POINT('',(2.726312751329,-44.48396191807));
#1275 = CARTESIAN_POINT('',(2.723658104736,-44.48425763306));
#1276 = CARTESIAN_POINT('',(2.721003477112,-44.48456291681));
#1277 = CARTESIAN_POINT('',(2.718348871027,-44.4848777663));
#1278 = CARTESIAN_POINT('',(2.715694289173,-44.48520217842));
#1279 = CARTESIAN_POINT('',(2.713039734362,-44.4855361499));
#1280 = CARTESIAN_POINT('',(2.710385209515,-44.4858796774));
#1281 = CARTESIAN_POINT('',(2.707730717657,-44.48623275743));
#1282 = CARTESIAN_POINT('',(2.70507626191,-44.48659538643));
#1283 = CARTESIAN_POINT('',(2.702421845483,-44.4869675607));
#1284 = CARTESIAN_POINT('',(2.699767471668,-44.48734927646));
#1285 = CARTESIAN_POINT('',(2.69711314383,-44.4877405298));
#1286 = CARTESIAN_POINT('',(2.694458865404,-44.48814131671));
#1287 = CARTESIAN_POINT('',(2.691804639878,-44.48855163311));
#1288 = CARTESIAN_POINT('',(2.690035193833,-44.48883152754));
#1289 = CARTESIAN_POINT('',(2.68915048081,-44.4889730616));
#1290 = ( GEOMETRIC_REPRESENTATION_CONTEXT(2) 
PARAMETRIC_REPRESENTATION_CONTEXT() REPRESENTATION_CONTEXT('2D SPACE',''
  ) );
#1291 = ADVANCED_FACE('',(#1292),#401,.F.);
#1292 = FACE_BOUND('',#1293,.T.);
#1293 = EDGE_LOOP('',(#1294,#1295,#1296,#1319));
#1294 = ORIENTED_EDGE('',*,*,#446,.T.);
#1295 = ORIENTED_EDGE('',*,*,#387,.T.);
#1296 = ORIENTED_EDGE('',*,*,#1297,.F.);
#1297 = EDGE_CURVE('',#1298,#366,#1300,.T.);
#1298 = VERTEX_POINT('',#1299);
#1299 = CARTESIAN_POINT('',(427.560167892,751.855642405,115.057085772));
#1300 = SURFACE_CURVE('',#1301,(#1305,#1312),.PCURVE_S1.);
#1301 = LINE('',#1302,#1303);
#1302 = CARTESIAN_POINT('',(425.875023356,749.950932705,110.146450999));
#1303 = VECTOR('',#1304,1.);
#1304 = DIRECTION('',(-0.304722458085,-0.344426136456,-0.887983592227));
#1305 = PCURVE('',#401,#1306);
#1306 = DEFINITIONAL_REPRESENTATION('',(#1307),#1311);
#1307 = LINE('',#1308,#1309);
#1308 = CARTESIAN_POINT('',(66.659965983,3.10370844339));
#1309 = VECTOR('',#1310,1.);
#1310 = DIRECTION('',(-0.304722458085,0.952441191643));
#1311 = ( GEOMETRIC_REPRESENTATION_CONTEXT(2) 
PARAMETRIC_REPRESENTATION_CONTEXT() REPRESENTATION_CONTEXT('2D SPACE',''
  ) );
#1312 = PCURVE('',#1258,#1313);
#1313 = DEFINITIONAL_REPRESENTATION('',(#1314),#1318);
#1314 = LINE('',#1315,#1316);
#1315 = CARTESIAN_POINT('',(2.689150453479,-38.9588770996));
#1316 = VECTOR('',#1317,1.);
#1317 = DIRECTION('',(5.057440732264E-09,-1.));
#1318 = ( GEOMETRIC_REPRESENTATION_CONTEXT(2) 
PARAMETRIC_REPRESENTATION_CONTEXT() REPRESENTATION_CONTEXT('2D SPACE',''
  ) );
#1319 = ORIENTED_EDGE('',*,*,#1320,.F.);
#1320 = EDGE_CURVE('',#447,#1298,#1321,.T.);
#1321 = SURFACE_CURVE('',#1322,(#1326,#1333),.PCURVE_S1.);
#1322 = LINE('',#1323,#1324);
#1323 = CARTESIAN_POINT('',(418.230083946,751.855642405,115.057085772));
#1324 = VECTOR('',#1325,1.);
#1325 = DIRECTION('',(1.,0.,0.));
#1326 = PCURVE('',#401,#1327);
#1327 = DEFINITIONAL_REPRESENTATION('',(#1328),#1332);
#1328 = LINE('',#1329,#1330);
#1329 = CARTESIAN_POINT('',(59.015026573,-2.163383060948));
#1330 = VECTOR('',#1331,1.);
#1331 = DIRECTION('',(1.,0.));
#1332 = ( GEOMETRIC_REPRESENTATION_CONTEXT(2) 
PARAMETRIC_REPRESENTATION_CONTEXT() REPRESENTATION_CONTEXT('2D SPACE',''
  ) );
#1333 = PCURVE('',#1334,#1339);
#1334 = CYLINDRICAL_SURFACE('',#1335,17.722);
#1335 = AXIS2_PLACEMENT_3D('',#1336,#1337,#1338);
#1336 = CARTESIAN_POINT('',(420.487443863,735.333,121.465796403));
#1337 = DIRECTION('',(-1.,0.,0.));
#1338 = DIRECTION('',(0.,0.98293534915,-0.183951350613));
#1339 = DEFINITIONAL_REPRESENTATION('',(#1340),#1344);
#1340 = LINE('',#1341,#1342);
#1341 = CARTESIAN_POINT('',(0.185004900714,2.257359917));
#1342 = VECTOR('',#1343,1.);
#1343 = DIRECTION('',(0.,-1.));
#1344 = ( GEOMETRIC_REPRESENTATION_CONTEXT(2) 
PARAMETRIC_REPRESENTATION_CONTEXT() REPRESENTATION_CONTEXT('2D SPACE',''
  ) );
#1345 = ADVANCED_FACE('',(#1346),#433,.T.);
#1346 = FACE_BOUND('',#1347,.T.);
#1347 = EDGE_LOOP('',(#1348,#1376,#1402,#1403));
#1348 = ORIENTED_EDGE('',*,*,#1349,.T.);
#1349 = EDGE_CURVE('',#418,#1350,#1352,.T.);
#1350 = VERTEX_POINT('',#1351);
#1351 = CARTESIAN_POINT('',(427.560167892,753.979476024,114.233305001));
#1352 = SURFACE_CURVE('',#1353,(#1357,#1364),.PCURVE_S1.);
#1353 = LINE('',#1354,#1355);
#1354 = CARTESIAN_POINT('',(418.230083946,753.979476024,114.233305001));
#1355 = VECTOR('',#1356,1.);
#1356 = DIRECTION('',(1.,0.,0.));
#1357 = PCURVE('',#433,#1358);
#1358 = DEFINITIONAL_REPRESENTATION('',(#1359),#1363);
#1359 = LINE('',#1360,#1361);
#1360 = CARTESIAN_POINT('',(59.015026573,-2.163383060948));
#1361 = VECTOR('',#1362,1.);
#1362 = DIRECTION('',(1.,0.));
#1363 = ( GEOMETRIC_REPRESENTATION_CONTEXT(2) 
PARAMETRIC_REPRESENTATION_CONTEXT() REPRESENTATION_CONTEXT('2D SPACE',''
  ) );
#1364 = PCURVE('',#1365,#1370);
#1365 = CYLINDRICAL_SURFACE('',#1366,20.);
#1366 = AXIS2_PLACEMENT_3D('',#1367,#1368,#1369);
#1367 = CARTESIAN_POINT('',(420.487443863,735.333,121.465796403));
#1368 = DIRECTION('',(-1.,0.,0.));
#1369 = DIRECTION('',(0.,1.,0.));
#1370 = DEFINITIONAL_REPRESENTATION('',(#1371),#1375);
#1371 = LINE('',#1372,#1373);
#1372 = CARTESIAN_POINT('',(0.370009801445,2.257359917));
#1373 = VECTOR('',#1374,1.);
#1374 = DIRECTION('',(0.,-1.));
#1375 = ( GEOMETRIC_REPRESENTATION_CONTEXT(2) 
PARAMETRIC_REPRESENTATION_CONTEXT() REPRESENTATION_CONTEXT('2D SPACE',''
  ) );
#1376 = ORIENTED_EDGE('',*,*,#1377,.T.);
#1377 = EDGE_CURVE('',#1350,#522,#1378,.T.);
#1378 = SURFACE_CURVE('',#1379,(#1383,#1390),.PCURVE_S1.);
#1379 = LINE('',#1380,#1381);
#1380 = CARTESIAN_POINT('',(425.875023356,752.074766608,109.322670963));
#1381 = VECTOR('',#1382,1.);
#1382 = DIRECTION('',(-0.304722499435,-0.344426131672,-0.887983579893));
#1383 = PCURVE('',#433,#1384);
#1384 = DEFINITIONAL_REPRESENTATION('',(#1385),#1389);
#1385 = LINE('',#1386,#1387);
#1386 = CARTESIAN_POINT('',(66.659965983,3.10370765543));
#1387 = VECTOR('',#1388,1.);
#1388 = DIRECTION('',(-0.304722499435,0.952441178414));
#1389 = ( GEOMETRIC_REPRESENTATION_CONTEXT(2) 
PARAMETRIC_REPRESENTATION_CONTEXT() REPRESENTATION_CONTEXT('2D SPACE',''
  ) );
#1390 = PCURVE('',#1391,#1396);
#1391 = CYLINDRICAL_SURFACE('',#1392,6.5);
#1392 = AXIS2_PLACEMENT_3D('',#1393,#1394,#1395);
#1393 = CARTESIAN_POINT('',(437.746669562,771.553326388,141.566953738));
#1394 = DIRECTION('',(0.304722500368,0.344426131564,0.887983579615));
#1395 = DIRECTION('',(-3.917699498146E-13,-0.932323801216,0.361624570082
    ));
#1396 = DEFINITIONAL_REPRESENTATION('',(#1397),#1401);
#1397 = LINE('',#1398,#1399);
#1398 = CARTESIAN_POINT('',(9.612484483607E-10,-38.95887634949));
#1399 = VECTOR('',#1400,1.);
#1400 = DIRECTION('',(1.738213093744E-10,-1.));
#1401 = ( GEOMETRIC_REPRESENTATION_CONTEXT(2) 
PARAMETRIC_REPRESENTATION_CONTEXT() REPRESENTATION_CONTEXT('2D SPACE',''
  ) );
#1402 = ORIENTED_EDGE('',*,*,#581,.F.);
#1403 = ORIENTED_EDGE('',*,*,#417,.T.);
#1404 = ADVANCED_FACE('',(#1405),#483,.T.);
#1405 = FACE_BOUND('',#1406,.T.);
#1406 = EDGE_LOOP('',(#1407,#1431,#1432,#1456,#1485));
#1407 = ORIENTED_EDGE('',*,*,#1408,.T.);
#1408 = EDGE_CURVE('',#1409,#418,#1411,.T.);
#1409 = VERTEX_POINT('',#1410);
#1410 = CARTESIAN_POINT('',(408.9,755.333,121.465796403));
#1411 = SURFACE_CURVE('',#1412,(#1417,#1424),.PCURVE_S1.);
#1412 = CIRCLE('',#1413,19.9999999949);
#1413 = AXIS2_PLACEMENT_3D('',#1414,#1415,#1416);
#1414 = CARTESIAN_POINT('',(408.9,735.333000005,121.465796403));
#1415 = DIRECTION('',(-1.,-0.,0.));
#1416 = DIRECTION('',(-0.,0.,-1.));
#1417 = PCURVE('',#483,#1418);
#1418 = DEFINITIONAL_REPRESENTATION('',(#1419),#1423);
#1419 = CIRCLE('',#1420,19.9999999949);
#1420 = AXIS2_PLACEMENT_2D('',#1421,#1422);
#1421 = CARTESIAN_POINT('',(1.847411748464,19.914493958713));
#1422 = DIRECTION('',(0.995724698185,-9.23705874463E-02));
#1423 = ( GEOMETRIC_REPRESENTATION_CONTEXT(2) 
PARAMETRIC_REPRESENTATION_CONTEXT() REPRESENTATION_CONTEXT('2D SPACE',''
  ) );
#1424 = PCURVE('',#1365,#1425);
#1425 = DEFINITIONAL_REPRESENTATION('',(#1426),#1430);
#1426 = LINE('',#1427,#1428);
#1427 = CARTESIAN_POINT('',(-4.712388980385,11.587443863));
#1428 = VECTOR('',#1429,1.);
#1429 = DIRECTION('',(1.,0.));
#1430 = ( GEOMETRIC_REPRESENTATION_CONTEXT(2) 
PARAMETRIC_REPRESENTATION_CONTEXT() REPRESENTATION_CONTEXT('2D SPACE',''
  ) );
#1431 = ORIENTED_EDGE('',*,*,#469,.F.);
#1432 = ORIENTED_EDGE('',*,*,#1433,.F.);
#1433 = EDGE_CURVE('',#1434,#447,#1436,.T.);
#1434 = VERTEX_POINT('',#1435);
#1435 = CARTESIAN_POINT('',(408.9,752.752580257,118.205810566));
#1436 = SURFACE_CURVE('',#1437,(#1442,#1449),.PCURVE_S1.);
#1437 = CIRCLE('',#1438,17.7220000448);
#1438 = AXIS2_PLACEMENT_3D('',#1439,#1440,#1441);
#1439 = CARTESIAN_POINT('',(408.9,735.332999957,121.465796418));
#1440 = DIRECTION('',(-1.,-0.,0.));
#1441 = DIRECTION('',(-0.,0.,-1.));
#1442 = PCURVE('',#483,#1443);
#1443 = DEFINITIONAL_REPRESENTATION('',(#1444),#1448);
#1444 = CIRCLE('',#1445,17.7220000448);
#1445 = AXIS2_PLACEMENT_2D('',#1446,#1447);
#1446 = CARTESIAN_POINT('',(1.847411737962,19.914494007894));
#1447 = DIRECTION('',(0.995724698185,-9.23705874463E-02));
#1448 = ( GEOMETRIC_REPRESENTATION_CONTEXT(2) 
PARAMETRIC_REPRESENTATION_CONTEXT() REPRESENTATION_CONTEXT('2D SPACE',''
  ) );
#1449 = PCURVE('',#1334,#1450);
#1450 = DEFINITIONAL_REPRESENTATION('',(#1451),#1455);
#1451 = LINE('',#1452,#1453);
#1452 = CARTESIAN_POINT('',(-4.897393881568,11.587443863));
#1453 = VECTOR('',#1454,1.);
#1454 = DIRECTION('',(1.,0.));
#1455 = ( GEOMETRIC_REPRESENTATION_CONTEXT(2) 
PARAMETRIC_REPRESENTATION_CONTEXT() REPRESENTATION_CONTEXT('2D SPACE',''
  ) );
#1456 = ORIENTED_EDGE('',*,*,#1457,.F.);
#1457 = EDGE_CURVE('',#1458,#1434,#1460,.T.);
#1458 = VERTEX_POINT('',#1459);
#1459 = CARTESIAN_POINT('',(408.9,753.055,121.465796402));
#1460 = SURFACE_CURVE('',#1461,(#1466,#1473),.PCURVE_S1.);
#1461 = CIRCLE('',#1462,17.7220000279);
#1462 = AXIS2_PLACEMENT_3D('',#1463,#1464,#1465);
#1463 = CARTESIAN_POINT('',(408.9,735.332999972,121.465796405));
#1464 = DIRECTION('',(-1.,-0.,0.));
#1465 = DIRECTION('',(-0.,0.,-1.));
#1466 = PCURVE('',#483,#1467);
#1467 = DEFINITIONAL_REPRESENTATION('',(#1468),#1472);
#1468 = CIRCLE('',#1469,17.7220000279);
#1469 = AXIS2_PLACEMENT_2D('',#1470,#1471);
#1470 = CARTESIAN_POINT('',(1.847411749521,19.914493991757));
#1471 = DIRECTION('',(0.995724698185,-9.23705874463E-02));
#1472 = ( GEOMETRIC_REPRESENTATION_CONTEXT(2) 
PARAMETRIC_REPRESENTATION_CONTEXT() REPRESENTATION_CONTEXT('2D SPACE',''
  ) );
#1473 = PCURVE('',#1474,#1479);
#1474 = CYLINDRICAL_SURFACE('',#1475,17.722);
#1475 = AXIS2_PLACEMENT_3D('',#1476,#1477,#1478);
#1476 = CARTESIAN_POINT('',(420.487443863,735.333,121.465796403));
#1477 = DIRECTION('',(-1.,0.,0.));
#1478 = DIRECTION('',(0.,-0.98293534915,0.183951350613));
#1479 = DEFINITIONAL_REPRESENTATION('',(#1480),#1484);
#1480 = LINE('',#1481,#1482);
#1481 = CARTESIAN_POINT('',(-1.755801227619,11.587443863));
#1482 = VECTOR('',#1483,1.);
#1483 = DIRECTION('',(1.,0.));
#1484 = ( GEOMETRIC_REPRESENTATION_CONTEXT(2) 
PARAMETRIC_REPRESENTATION_CONTEXT() REPRESENTATION_CONTEXT('2D SPACE',''
  ) );
#1485 = ORIENTED_EDGE('',*,*,#1486,.T.);
#1486 = EDGE_CURVE('',#1458,#1409,#1487,.T.);
#1487 = SURFACE_CURVE('',#1488,(#1492,#1499),.PCURVE_S1.);
#1488 = LINE('',#1489,#1490);
#1489 = CARTESIAN_POINT('',(408.9,754.194,121.465796403));
#1490 = VECTOR('',#1491,1.);
#1491 = DIRECTION('',(0.,1.,2.25414848209E-10));
#1492 = PCURVE('',#483,#1493);
#1493 = DEFINITIONAL_REPRESENTATION('',(#1494),#1498);
#1494 = LINE('',#1495,#1496);
#1495 = CARTESIAN_POINT('',(0.105210099101,1.134130431232));
#1496 = VECTOR('',#1497,1.);
#1497 = DIRECTION('',(-9.237058767075E-02,-0.995724698164));
#1498 = ( GEOMETRIC_REPRESENTATION_CONTEXT(2) 
PARAMETRIC_REPRESENTATION_CONTEXT() REPRESENTATION_CONTEXT('2D SPACE',''
  ) );
#1499 = PCURVE('',#1500,#1505);
#1500 = PLANE('',#1501);
#1501 = AXIS2_PLACEMENT_3D('',#1502,#1503,#1504);
#1502 = CARTESIAN_POINT('',(408.9,755.333,151.382898202));
#1503 = DIRECTION('',(-1.,0.,0.));
#1504 = DIRECTION('',(0.,1.,0.));
#1505 = DEFINITIONAL_REPRESENTATION('',(#1506),#1510);
#1506 = LINE('',#1507,#1508);
#1507 = CARTESIAN_POINT('',(-1.139,29.917101799));
#1508 = VECTOR('',#1509,1.);
#1509 = DIRECTION('',(1.,-2.25414848209E-10));
#1510 = ( GEOMETRIC_REPRESENTATION_CONTEXT(2) 
PARAMETRIC_REPRESENTATION_CONTEXT() REPRESENTATION_CONTEXT('2D SPACE',''
  ) );
#1511 = ADVANCED_FACE('',(#1512),#538,.F.);
#1512 = FACE_BOUND('',#1513,.F.);
#1513 = EDGE_LOOP('',(#1514,#1515,#1516,#1572));
#1514 = ORIENTED_EDGE('',*,*,#521,.T.);
#1515 = ORIENTED_EDGE('',*,*,#1097,.F.);
#1516 = ORIENTED_EDGE('',*,*,#1517,.F.);
#1517 = EDGE_CURVE('',#1518,#1098,#1520,.T.);
#1518 = VERTEX_POINT('',#1519);
#1519 = CARTESIAN_POINT('',(424.553361428,750.141004296,104.30648829));
#1520 = SURFACE_CURVE('',#1521,(#1528,#1535),.PCURVE_S1.);
#1521 = B_SPLINE_CURVE_WITH_KNOTS('',5,(#1522,#1523,#1524,#1525,#1526,
    #1527),.UNSPECIFIED.,.F.,.F.,(6,6),(0.,2.18177738236),
  .PIECEWISE_BEZIER_KNOTS.);
#1522 = CARTESIAN_POINT('',(424.553361428,750.141004296,104.30648829));
#1523 = CARTESIAN_POINT('',(424.489500753,749.991802164,103.910824757));
#1524 = CARTESIAN_POINT('',(424.423521958,749.878307861,103.502037928));
#1525 = CARTESIAN_POINT('',(424.356100882,749.802102192,103.084315114));
#1526 = CARTESIAN_POINT('',(424.287958556,749.764000132,102.662123625));
#1527 = CARTESIAN_POINT('',(424.219816229,749.764,102.239932136));
#1528 = PCURVE('',#538,#1529);
#1529 = DEFINITIONAL_REPRESENTATION('',(#1530),#1534);
#1530 = LINE('',#1531,#1532);
#1531 = CARTESIAN_POINT('',(23.4911024203,-4.120425718831E-14));
#1532 = VECTOR('',#1533,1.);
#1533 = DIRECTION('',(-3.256715105331E-13,1.));
#1534 = ( GEOMETRIC_REPRESENTATION_CONTEXT(2) 
PARAMETRIC_REPRESENTATION_CONTEXT() REPRESENTATION_CONTEXT('2D SPACE',''
  ) );
#1535 = PCURVE('',#1536,#1567);
#1536 = B_SPLINE_SURFACE_WITH_KNOTS('',4,5,(
    (#1537,#1538,#1539,#1540,#1541,#1542)
    ,(#1543,#1544,#1545,#1546,#1547,#1548)
    ,(#1549,#1550,#1551,#1552,#1553,#1554)
    ,(#1555,#1556,#1557,#1558,#1559,#1560)
    ,(#1561,#1562,#1563,#1564,#1565,#1566
    )),.UNSPECIFIED.,.F.,.F.,.F.,(5,5),(6,6),(0.,5.57334167411),(0.,
    1.13750838153),.PIECEWISE_BEZIER_KNOTS.);
#1537 = CARTESIAN_POINT('',(429.088028414,751.956969687,102.148717049));
#1538 = CARTESIAN_POINT('',(429.088028414,751.956969687,102.148717049));
#1539 = CARTESIAN_POINT('',(429.088028414,751.956969687,102.148717049));
#1540 = CARTESIAN_POINT('',(429.088028414,751.956969687,102.148717049));
#1541 = CARTESIAN_POINT('',(429.088028414,751.956969687,102.148717049));
#1542 = CARTESIAN_POINT('',(429.088028414,751.956969687,102.148717049));
#1543 = CARTESIAN_POINT('',(428.271136451,751.033293721,102.758294613));
#1544 = CARTESIAN_POINT('',(428.251773831,751.012116812,102.641614687));
#1545 = CARTESIAN_POINT('',(428.232670728,750.990862125,102.524875873));
#1546 = CARTESIAN_POINT('',(428.213821951,750.969557458,102.408093613));
#1547 = CARTESIAN_POINT('',(428.195231008,750.948206776,102.291289648));
#1548 = CARTESIAN_POINT('',(428.176909086,750.92678906,102.174485683));
#1549 = CARTESIAN_POINT('',(427.160730452,750.365799423,103.36916721));
#1550 = CARTESIAN_POINT('',(427.13709667,750.312220534,103.135015825));
#1551 = CARTESIAN_POINT('',(427.106406689,750.264168122,102.901142281));
#1552 = CARTESIAN_POINT('',(427.068691035,750.221538329,102.667465619));
#1553 = CARTESIAN_POINT('',(427.023933804,750.184313182,102.433887319));
#1554 = CARTESIAN_POINT('',(426.972075532,750.152563826,102.200309018));
#1555 = CARTESIAN_POINT('',(425.866205689,750.070350504,103.902601951));
#1556 = CARTESIAN_POINT('',(425.829988156,749.962618532,103.574225189));
#1557 = CARTESIAN_POINT('',(425.784551839,749.877680137,103.24017092));
#1558 = CARTESIAN_POINT('',(425.73002384,749.816047446,102.902329223));
#1559 = CARTESIAN_POINT('',(425.666709845,749.778065974,102.56259405));
#1560 = CARTESIAN_POINT('',(425.595093422,749.76391383,102.222858879));
#1561 = CARTESIAN_POINT('',(424.553355346,750.141003628,104.306490819));
#1562 = CARTESIAN_POINT('',(424.48949481,749.991799162,103.910827446));
#1563 = CARTESIAN_POINT('',(424.423516117,749.878303706,103.502040332));
#1564 = CARTESIAN_POINT('',(424.356095128,749.80209814,103.084316925));
#1565 = CARTESIAN_POINT('',(424.287952895,749.763997467,102.662124688));
#1566 = CARTESIAN_POINT('',(424.219810691,749.763999976,102.239932452));
#1567 = DEFINITIONAL_REPRESENTATION('',(#1568),#1571);
#1568 = B_SPLINE_CURVE_WITH_KNOTS('',1,(#1569,#1570),.UNSPECIFIED.,.F.,
  .F.,(2,2),(0.,2.18177738236),.PIECEWISE_BEZIER_KNOTS.);
#1569 = CARTESIAN_POINT('',(5.573335111955,1.30795748139E-07));
#1570 = CARTESIAN_POINT('',(5.573336182824,1.13750838153));
#1571 = ( GEOMETRIC_REPRESENTATION_CONTEXT(2) 
PARAMETRIC_REPRESENTATION_CONTEXT() REPRESENTATION_CONTEXT('2D SPACE',''
  ) );
#1572 = ORIENTED_EDGE('',*,*,#1573,.T.);
#1573 = EDGE_CURVE('',#1518,#522,#1574,.T.);
#1574 = SURFACE_CURVE('',#1575,(#1582,#1589),.PCURVE_S1.);
#1575 = B_SPLINE_CURVE_WITH_KNOTS('',5,(#1576,#1577,#1578,#1579,#1580,
    #1581),.UNSPECIFIED.,.F.,.F.,(6,6),(23.4911024203,23.6976435841),
  .PIECEWISE_BEZIER_KNOTS.);
#1576 = CARTESIAN_POINT('',(424.553361428,750.141004296,104.30648829));
#1577 = CARTESIAN_POINT('',(424.480883116,750.144901044,104.328786922));
#1578 = CARTESIAN_POINT('',(424.408272859,750.149757048,104.350497394));
#1579 = CARTESIAN_POINT('',(424.335552431,750.155570952,104.371613129));
#1580 = CARTESIAN_POINT('',(424.262746083,750.162340351,104.392127394));
#1581 = CARTESIAN_POINT('',(424.189878535,750.170062045,104.412033818));
#1582 = PCURVE('',#538,#1583);
#1583 = DEFINITIONAL_REPRESENTATION('',(#1584),#1588);
#1584 = LINE('',#1585,#1586);
#1585 = CARTESIAN_POINT('',(-4.618527782441E-14,-5.231427730428E-13));
#1586 = VECTOR('',#1587,1.);
#1587 = DIRECTION('',(1.,2.145404752901E-14));
#1588 = ( GEOMETRIC_REPRESENTATION_CONTEXT(2) 
PARAMETRIC_REPRESENTATION_CONTEXT() REPRESENTATION_CONTEXT('2D SPACE',''
  ) );
#1589 = PCURVE('',#1391,#1590);
#1590 = DEFINITIONAL_REPRESENTATION('',(#1591),#1617);
#1591 = B_SPLINE_CURVE_WITH_KNOTS('',3,(#1592,#1593,#1594,#1595,#1596,
    #1597,#1598,#1599,#1600,#1601,#1602,#1603,#1604,#1605,#1606,#1607,
    #1608,#1609,#1610,#1611,#1612,#1613,#1614,#1615,#1616),
  .UNSPECIFIED.,.F.,.F.,(4,1,1,1,1,1,1,1,1,1,1,1,1,1,1,1,1,1,1,1,1,1,4),
  (23.4911024203,23.500490655018,23.509878889736,23.519267124455,
    23.528655359173,23.538043593891,23.547431828609,23.556820063327,
    23.566208298045,23.575596532764,23.584984767482,23.5943730022,
    23.603761236918,23.613149471636,23.622537706355,23.631925941073,
    23.641314175791,23.650702410509,23.660090645227,23.669478879945,
    23.678867114664,23.688255349382,23.6976435841),.UNSPECIFIED.);
#1592 = CARTESIAN_POINT('',(5.839991982414E-02,-44.48194259529));
#1593 = CARTESIAN_POINT('',(5.751501101987E-02,-44.48201402039));
#1594 = CARTESIAN_POINT('',(5.574519424389E-02,-44.48216006748));
#1595 = CARTESIAN_POINT('',(5.309047290574E-02,-44.48238872669));
#1596 = CARTESIAN_POINT('',(5.043575664957E-02,-44.48262697247));
#1597 = CARTESIAN_POINT('',(4.778104698348E-02,-44.48287480264));
#1598 = CARTESIAN_POINT('',(4.512634557154E-02,-44.48313221491));
#1599 = CARTESIAN_POINT('',(4.247165425076E-02,-44.48339920685));
#1600 = CARTESIAN_POINT('',(3.98169750176E-02,-44.48367577594));
#1601 = CARTESIAN_POINT('',(3.71623100225E-02,-44.4839619195));
#1602 = CARTESIAN_POINT('',(3.450766156234E-02,-44.48425763475));
#1603 = CARTESIAN_POINT('',(3.185303207355E-02,-44.48456291878));
#1604 = CARTESIAN_POINT('',(2.919842412482E-02,-44.48487776858));
#1605 = CARTESIAN_POINT('',(2.654384040967E-02,-44.48520218101));
#1606 = CARTESIAN_POINT('',(2.388928374001E-02,-44.48553615283));
#1607 = CARTESIAN_POINT('',(2.123475703788E-02,-44.48587968066));
#1608 = CARTESIAN_POINT('',(1.858026332912E-02,-44.48623276104));
#1609 = CARTESIAN_POINT('',(1.592580573567E-02,-44.48659539039));
#1610 = CARTESIAN_POINT('',(1.327138746826E-02,-44.486967565));
#1611 = CARTESIAN_POINT('',(1.061701181951E-02,-44.4873492811));
#1612 = CARTESIAN_POINT('',(7.962682155893E-03,-44.48774053476));
#1613 = CARTESIAN_POINT('',(5.30840191227E-03,-44.48814132199));
#1614 = CARTESIAN_POINT('',(2.654174578536E-03,-44.48855163868));
#1615 = CARTESIAN_POINT('',(8.847273357886E-04,-44.48883153329));
#1616 = CARTESIAN_POINT('',(1.371597908321E-08,-44.48897306744));
#1617 = ( GEOMETRIC_REPRESENTATION_CONTEXT(2) 
PARAMETRIC_REPRESENTATION_CONTEXT() REPRESENTATION_CONTEXT('2D SPACE',''
  ) );
#1618 = ADVANCED_FACE('',(#1619),#624,.F.);
#1619 = FACE_BOUND('',#1620,.F.);
#1620 = EDGE_LOOP('',(#1621,#1622,#1623,#1644));
#1621 = ORIENTED_EDGE('',*,*,#606,.F.);
#1622 = ORIENTED_EDGE('',*,*,#771,.T.);
#1623 = ORIENTED_EDGE('',*,*,#1624,.T.);
#1624 = EDGE_CURVE('',#772,#1050,#1625,.T.);
#1625 = SURFACE_CURVE('',#1626,(#1630,#1637),.PCURVE_S1.);
#1626 = LINE('',#1627,#1628);
#1627 = CARTESIAN_POINT('',(406.838926261,749.764,88.7056346927));
#1628 = VECTOR('',#1629,1.);
#1629 = DIRECTION('',(0.,1.,0.));
#1630 = PCURVE('',#624,#1631);
#1631 = DEFINITIONAL_REPRESENTATION('',(#1632),#1636);
#1632 = LINE('',#1633,#1634);
#1633 = CARTESIAN_POINT('',(0.471238898155,0.));
#1634 = VECTOR('',#1635,1.);
#1635 = DIRECTION('',(0.,1.));
#1636 = ( GEOMETRIC_REPRESENTATION_CONTEXT(2) 
PARAMETRIC_REPRESENTATION_CONTEXT() REPRESENTATION_CONTEXT('2D SPACE',''
  ) );
#1637 = PCURVE('',#815,#1638);
#1638 = DEFINITIONAL_REPRESENTATION('',(#1639),#1643);
#1639 = LINE('',#1640,#1641);
#1640 = CARTESIAN_POINT('',(0.28777997082,0.));
#1641 = VECTOR('',#1642,1.);
#1642 = DIRECTION('',(0.,-1.));
#1643 = ( GEOMETRIC_REPRESENTATION_CONTEXT(2) 
PARAMETRIC_REPRESENTATION_CONTEXT() REPRESENTATION_CONTEXT('2D SPACE',''
  ) );
#1644 = ORIENTED_EDGE('',*,*,#1072,.F.);
#1645 = ADVANCED_FACE('',(#1646),#702,.T.);
#1646 = FACE_BOUND('',#1647,.T.);
#1647 = EDGE_LOOP('',(#1648,#1678,#1758,#1759));
#1648 = ORIENTED_EDGE('',*,*,#1649,.F.);
#1649 = EDGE_CURVE('',#1650,#1652,#1654,.T.);
#1650 = VERTEX_POINT('',#1651);
#1651 = CARTESIAN_POINT('',(424.261101849,747.580650692,74.5100617752));
#1652 = VERTEX_POINT('',#1653);
#1653 = CARTESIAN_POINT('',(404.627869323,747.580650692,74.5100617752));
#1654 = SURFACE_CURVE('',#1655,(#1659,#1666),.PCURVE_S1.);
#1655 = LINE('',#1656,#1657);
#1656 = CARTESIAN_POINT('',(416.388478441,747.580650692,74.5100617752));
#1657 = VECTOR('',#1658,1.);
#1658 = DIRECTION('',(-1.,0.,0.));
#1659 = PCURVE('',#702,#1660);
#1660 = DEFINITIONAL_REPRESENTATION('',(#1661),#1665);
#1661 = LINE('',#1662,#1663);
#1662 = CARTESIAN_POINT('',(0.,0.));
#1663 = VECTOR('',#1664,1.);
#1664 = DIRECTION('',(0.,1.));
#1665 = ( GEOMETRIC_REPRESENTATION_CONTEXT(2) 
PARAMETRIC_REPRESENTATION_CONTEXT() REPRESENTATION_CONTEXT('2D SPACE',''
  ) );
#1666 = PCURVE('',#1667,#1672);
#1667 = CYLINDRICAL_SURFACE('',#1668,17.278);
#1668 = AXIS2_PLACEMENT_3D('',#1669,#1670,#1671);
#1669 = CARTESIAN_POINT('',(416.388478441,764.764,76.3161045635));
#1670 = DIRECTION('',(-1.,0.,0.));
#1671 = DIRECTION('',(0.,0.994521895368,0.104528463268));
#1672 = DEFINITIONAL_REPRESENTATION('',(#1673),#1677);
#1673 = LINE('',#1674,#1675);
#1674 = CARTESIAN_POINT('',(3.141592653591,0.));
#1675 = VECTOR('',#1676,1.);
#1676 = DIRECTION('',(0.,1.));
#1677 = ( GEOMETRIC_REPRESENTATION_CONTEXT(2) 
PARAMETRIC_REPRESENTATION_CONTEXT() REPRESENTATION_CONTEXT('2D SPACE',''
  ) );
#1678 = ORIENTED_EDGE('',*,*,#1679,.T.);
#1679 = EDGE_CURVE('',#1650,#687,#1680,.T.);
#1680 = SURFACE_CURVE('',#1681,(#1686,#1715),.PCURVE_S1.);
#1681 = B_SPLINE_CURVE_WITH_KNOTS('',3,(#1682,#1683,#1684,#1685),
  .UNSPECIFIED.,.F.,.F.,(4,4),(0.,2.56027488853),
  .PIECEWISE_BEZIER_KNOTS.);
#1682 = CARTESIAN_POINT('',(424.261101849,747.580650692,74.5100617752));
#1683 = CARTESIAN_POINT('',(424.233689293,747.517667027,75.1093113203));
#1684 = CARTESIAN_POINT('',(424.219816228,747.486,75.7127489187));
#1685 = CARTESIAN_POINT('',(424.219816228,747.486,76.3161045635));
#1686 = PCURVE('',#702,#1687);
#1687 = DEFINITIONAL_REPRESENTATION('',(#1688),#1714);
#1688 = B_SPLINE_CURVE_WITH_KNOTS('',3,(#1689,#1690,#1691,#1692,#1693,
    #1694,#1695,#1696,#1697,#1698,#1699,#1700,#1701,#1702,#1703,#1704,
    #1705,#1706,#1707,#1708,#1709,#1710,#1711,#1712,#1713),
  .UNSPECIFIED.,.F.,.F.,(4,1,1,1,1,1,1,1,1,1,1,1,1,1,1,1,1,1,1,1,1,1,4),
  (0.,0.116376131297,0.232752262594,0.34912839389,0.465504525187,
    0.581880656484,0.698256787781,0.814632919078,0.931009050375,
    1.047385181671,1.163761312968,1.280137444265,1.396513575562,
    1.512889706859,1.629265838155,1.745641969452,1.862018100749,
    1.978394232046,2.094770363343,2.21114649464,2.327522625936,
    2.443898757233,2.56027488853),.UNSPECIFIED.);
#1689 = CARTESIAN_POINT('',(0.,-7.872623408));
#1690 = CARTESIAN_POINT('',(1.585174987226E-03,-7.871377382727));
#1691 = CARTESIAN_POINT('',(4.755738245019E-03,-7.868941280492));
#1692 = CARTESIAN_POINT('',(9.51219127357E-03,-7.865455160033));
#1693 = CARTESIAN_POINT('',(1.426922078254E-02,-7.862137260432));
#1694 = CARTESIAN_POINT('',(1.902679494695E-02,-7.858987769653));
#1695 = CARTESIAN_POINT('',(2.378488185854E-02,-7.856006875662));
#1696 = CARTESIAN_POINT('',(2.854344952575E-02,-7.853194766422));
#1697 = CARTESIAN_POINT('',(3.330246589526E-02,-7.850551629898));
#1698 = CARTESIAN_POINT('',(3.806189886771E-02,-7.848077654054));
#1699 = CARTESIAN_POINT('',(4.282171631501E-02,-7.845773026854));
#1700 = CARTESIAN_POINT('',(4.758188609731E-02,-7.843637936262));
#1701 = CARTESIAN_POINT('',(5.234237607998E-02,-7.841672570244));
#1702 = CARTESIAN_POINT('',(5.710315415063E-02,-7.839877116762));
#1703 = CARTESIAN_POINT('',(6.186418823615E-02,-7.838251763782));
#1704 = CARTESIAN_POINT('',(6.662544631967E-02,-7.836796699268));
#1705 = CARTESIAN_POINT('',(7.138689645763E-02,-7.835512111185));
#1706 = CARTESIAN_POINT('',(7.614850679673E-02,-7.834398187495));
#1707 = CARTESIAN_POINT('',(8.091024559087E-02,-7.833455116164));
#1708 = CARTESIAN_POINT('',(8.567208121857E-02,-7.832683085157));
#1709 = CARTESIAN_POINT('',(9.043398219807E-02,-7.832082282436));
#1710 = CARTESIAN_POINT('',(9.519591721125E-02,-7.831652895968));
#1711 = CARTESIAN_POINT('',(9.995785509455E-02,-7.831395113715));
#1712 = CARTESIAN_POINT('',(0.103132461667,-7.831337787));
#1713 = CARTESIAN_POINT('',(0.10471975512,-7.831337787));
#1714 = ( GEOMETRIC_REPRESENTATION_CONTEXT(2) 
PARAMETRIC_REPRESENTATION_CONTEXT() REPRESENTATION_CONTEXT('2D SPACE',''
  ) );
#1715 = PCURVE('',#1716,#1753);
#1716 = B_SPLINE_SURFACE_WITH_KNOTS('',5,5,(
    (#1717,#1718,#1719,#1720,#1721,#1722)
    ,(#1723,#1724,#1725,#1726,#1727,#1728)
    ,(#1729,#1730,#1731,#1732,#1733,#1734)
    ,(#1735,#1736,#1737,#1738,#1739,#1740)
    ,(#1741,#1742,#1743,#1744,#1745,#1746)
    ,(#1747,#1748,#1749,#1750,#1751,#1752
    )),.UNSPECIFIED.,.F.,.F.,.F.,(6,6),(6,6),(57.1769928853,
    59.9463593151),(0.,7.60922405271),.PIECEWISE_BEZIER_KNOTS.);
#1717 = CARTESIAN_POINT('',(424.384146021,747.863556827,72.7238364652));
#1718 = CARTESIAN_POINT('',(425.878817039,747.806393461,72.9927626672));
#1719 = CARTESIAN_POINT('',(427.373488056,748.070938583,73.3300695151));
#1720 = CARTESIAN_POINT('',(428.774640673,748.661231141,73.7190291419));
#1721 = CARTESIAN_POINT('',(429.989724087,749.538280342,74.1339494671));
#1722 = CARTESIAN_POINT('',(430.958479353,750.633262275,74.5488698039));
#1723 = CARTESIAN_POINT('',(424.31901641,747.713917915,73.4278354207));
#1724 = CARTESIAN_POINT('',(425.810262458,747.679289973,73.6458233108));
#1725 = CARTESIAN_POINT('',(427.301508507,747.963617925,73.9176003414));
#1726 = CARTESIAN_POINT('',(428.701084819,748.569448836,74.2298955595));
#1727 = CARTESIAN_POINT('',(429.918237027,749.457478509,74.5625506108));
#1728 = CARTESIAN_POINT('',(430.893349738,750.559646637,74.8952056734));
#1729 = CARTESIAN_POINT('',(424.26958398,747.600344169,74.1424137714));
#1730 = CARTESIAN_POINT('',(425.758254078,747.582939552,74.3073720661));
#1731 = CARTESIAN_POINT('',(427.246924175,747.882293436,74.5122001856));
#1732 = CARTESIAN_POINT('',(428.645311812,748.499875407,74.7470074929));
#1733 = CARTESIAN_POINT('',(429.864012829,749.396189753,74.9968768246));
#1734 = CARTESIAN_POINT('',(430.843917302,750.503773432,75.2467461652));
#1735 = CARTESIAN_POINT('',(424.236406109,747.524116181,74.8644060584));
#1736 = CARTESIAN_POINT('',(425.723354997,747.518315232,74.9748739286));
#1737 = CARTESIAN_POINT('',(427.210303884,747.827758538,75.1117650825));
#1738 = CARTESIAN_POINT('',(428.607896198,748.453212525,75.2685064812));
#1739 = CARTESIAN_POINT('',(429.82762961,749.355069159,75.4352202471));
#1740 = CARTESIAN_POINT('',(430.810739426,750.466272666,75.6019340177));
#1741 = CARTESIAN_POINT('',(424.219816229,747.486,75.5902553392));
#1742 = CARTESIAN_POINT('',(425.705904746,747.486,75.6454892832));
#1743 = CARTESIAN_POINT('',(427.191993262,747.800487793,75.7139348676));
#1744 = CARTESIAN_POINT('',(428.589188024,748.429878141,75.7923055725));
#1745 = CARTESIAN_POINT('',(429.809437501,749.33450672,75.8756624587));
#1746 = CARTESIAN_POINT('',(430.794149546,750.447521217,75.9590193449));
#1747 = CARTESIAN_POINT('',(424.219816229,747.486,76.3161045635));
#1748 = CARTESIAN_POINT('',(425.705904746,747.486,76.3161045635));
#1749 = CARTESIAN_POINT('',(427.191993262,747.800487793,76.3161045635));
#1750 = CARTESIAN_POINT('',(428.589188024,748.429878141,76.3161045635));
#1751 = CARTESIAN_POINT('',(429.809437501,749.33450672,76.3161045635));
#1752 = CARTESIAN_POINT('',(430.794149546,750.447521217,76.3161045635));
#1753 = DEFINITIONAL_REPRESENTATION('',(#1754),#1757);
#1754 = B_SPLINE_CURVE_WITH_KNOTS('',1,(#1755,#1756),.UNSPECIFIED.,.F.,
  .F.,(2,2),(0.,2.56027488853),.PIECEWISE_BEZIER_KNOTS.);
#1755 = CARTESIAN_POINT('',(58.564634765756,9.173986405332E-05));
#1756 = CARTESIAN_POINT('',(59.9463593151,-1.02403466084E-09));
#1757 = ( GEOMETRIC_REPRESENTATION_CONTEXT(2) 
PARAMETRIC_REPRESENTATION_CONTEXT() REPRESENTATION_CONTEXT('2D SPACE',''
  ) );
#1758 = ORIENTED_EDGE('',*,*,#684,.F.);
#1759 = ORIENTED_EDGE('',*,*,#1760,.F.);
#1760 = EDGE_CURVE('',#1652,#685,#1761,.T.);
#1761 = SURFACE_CURVE('',#1762,(#1768,#1797),.PCURVE_S1.);
#1762 = B_SPLINE_CURVE_WITH_KNOTS('',4,(#1763,#1764,#1765,#1766,#1767),
  .UNSPECIFIED.,.F.,.F.,(5,5),(0.,2.71806425633),
  .PIECEWISE_BEZIER_KNOTS.);
#1763 = CARTESIAN_POINT('',(404.627869323,747.580650692,74.5100617752));
#1764 = CARTESIAN_POINT('',(404.427712894,747.534345469,74.9506265433));
#1765 = CARTESIAN_POINT('',(404.256357337,747.502242562,75.3973378806));
#1766 = CARTESIAN_POINT('',(404.087888346,747.486,75.8622127098));
#1767 = CARTESIAN_POINT('',(404.01101537,747.486,76.3161045635));
#1768 = PCURVE('',#702,#1769);
#1769 = DEFINITIONAL_REPRESENTATION('',(#1770),#1796);
#1770 = B_SPLINE_CURVE_WITH_KNOTS('',3,(#1771,#1772,#1773,#1774,#1775,
    #1776,#1777,#1778,#1779,#1780,#1781,#1782,#1783,#1784,#1785,#1786,
    #1787,#1788,#1789,#1790,#1791,#1792,#1793,#1794,#1795),
  .UNSPECIFIED.,.F.,.F.,(4,1,1,1,1,1,1,1,1,1,1,1,1,1,1,1,1,1,1,1,1,1,4),
  (0.,0.123548375288,0.247096750575,0.370645125863,0.494193501151,
    0.617741876439,0.741290251726,0.864838627014,0.988387002302,
    1.11193537759,1.235483752877,1.359032128165,1.482580503453,
    1.60612887874,1.729677254028,1.853225629316,1.976774004604,
    2.100322379891,2.223870755179,2.347419130467,2.470967505755,
    2.594515881042,2.71806425633),.UNSPECIFIED.);
#1771 = CARTESIAN_POINT('',(0.,11.760609118));
#1772 = CARTESIAN_POINT('',(1.553862122564E-03,11.772738832047));
#1773 = CARTESIAN_POINT('',(4.663875196228E-03,11.79676395265));
#1774 = CARTESIAN_POINT('',(9.337013172921E-03,11.832138353581));
#1775 = CARTESIAN_POINT('',(1.401961461679E-02,11.866893724046));
#1776 = CARTESIAN_POINT('',(1.871269835745E-02,11.90105818903));
#1777 = CARTESIAN_POINT('',(2.341706818305E-02,11.934649303991));
#1778 = CARTESIAN_POINT('',(2.813328195566E-02,11.967672566405));
#1779 = CARTESIAN_POINT('',(3.286165889966E-02,12.000121814594));
#1780 = CARTESIAN_POINT('',(3.760227675516E-02,12.031979120864));
#1781 = CARTESIAN_POINT('',(4.235497174158E-02,12.063214820135));
#1782 = CARTESIAN_POINT('',(4.711933786447E-02,12.093787502272));
#1783 = CARTESIAN_POINT('',(5.189472649709E-02,12.12364401414));
#1784 = CARTESIAN_POINT('',(5.668024598929E-02,12.152719459045));
#1785 = CARTESIAN_POINT('',(6.147476137416E-02,12.180937196919));
#1786 = CARTESIAN_POINT('',(6.627689415159E-02,12.208208844137));
#1787 = CARTESIAN_POINT('',(7.10850221735E-02,12.234434274074));
#1788 = CARTESIAN_POINT('',(7.589727956276E-02,12.259501615046));
#1789 = CARTESIAN_POINT('',(8.071155692041E-02,12.28328725799));
#1790 = CARTESIAN_POINT('',(8.552550087326E-02,12.305655827818));
#1791 = CARTESIAN_POINT('',(9.033651649699E-02,12.326460290297));
#1792 = CARTESIAN_POINT('',(9.514175941367E-02,12.345541553206));
#1793 = CARTESIAN_POINT('',(9.993816681623E-02,12.362729954799));
#1794 = CARTESIAN_POINT('',(0.103127617997,12.372803124138));
#1795 = CARTESIAN_POINT('',(0.10471975512,12.377463071));
#1796 = ( GEOMETRIC_REPRESENTATION_CONTEXT(2) 
PARAMETRIC_REPRESENTATION_CONTEXT() REPRESENTATION_CONTEXT('2D SPACE',''
  ) );
#1797 = PCURVE('',#1798,#1817);
#1798 = B_SPLINE_SURFACE_WITH_KNOTS('',5,1,(
    (#1799,#1800)
    ,(#1801,#1802)
    ,(#1803,#1804)
    ,(#1805,#1806)
    ,(#1807,#1808)
    ,(#1809,#1810)
    ,(#1811,#1812)
    ,(#1813,#1814)
    ,(#1815,#1816
    )),.UNSPECIFIED.,.F.,.F.,.F.,(6,3,6),(2,2),(0.,2.28676718041,
    3.81056003206),(-3.95766739727E-14,2.27865226337),.UNSPECIFIED.);
#1799 = CARTESIAN_POINT('',(404.011015371,749.764,76.3161045635));
#1800 = CARTESIAN_POINT('',(404.011015371,747.486,76.3161045635));
#1801 = CARTESIAN_POINT('',(404.072507581,749.764,76.0008970321));
#1802 = CARTESIAN_POINT('',(404.072507581,747.486,75.953027515));
#1803 = CARTESIAN_POINT('',(404.20996115,749.772279649,75.6038006129));
#1804 = CARTESIAN_POINT('',(404.20996115,747.495537052,75.4956253863));
#1805 = CARTESIAN_POINT('',(404.402364187,749.79785937,75.1640628188));
#1806 = CARTESIAN_POINT('',(404.402364187,747.52500148,74.9891060792));
#1807 = CARTESIAN_POINT('',(404.781870526,749.873863017,74.4228695686));
#1808 = CARTESIAN_POINT('',(404.781870526,747.612547547,74.1353502807));
#1809 = CARTESIAN_POINT('',(405.201409043,749.977426265,73.7751628635));
#1810 = CARTESIAN_POINT('',(405.201409043,747.7318386,73.3892785173));
#1811 = CARTESIAN_POINT('',(405.369505781,750.020455969,73.5422830706));
#1812 = CARTESIAN_POINT('',(405.369505781,747.781403082,73.1210320465));
#1813 = CARTESIAN_POINT('',(405.531858595,750.060162654,73.3462052942));
#1814 = CARTESIAN_POINT('',(405.531858595,747.827139889,72.8951765918));
#1815 = CARTESIAN_POINT('',(405.682394762,750.091785989,73.1974292012));
#1816 = CARTESIAN_POINT('',(405.682394762,747.863565755,72.7238063695));
#1817 = DEFINITIONAL_REPRESENTATION('',(#1818),#1844);
#1818 = B_SPLINE_CURVE_WITH_KNOTS('',3,(#1819,#1820,#1821,#1822,#1823,
    #1824,#1825,#1826,#1827,#1828,#1829,#1830,#1831,#1832,#1833,#1834,
    #1835,#1836,#1837,#1838,#1839,#1840,#1841,#1842,#1843),
  .UNSPECIFIED.,.F.,.F.,(4,1,1,1,1,1,1,1,1,1,1,1,1,1,1,1,1,1,1,1,1,1,4),
  (0.,0.123548375288,0.247096750575,0.370645125863,0.494193501151,
    0.617741876439,0.741290251726,0.864838627014,0.988387002302,
    1.11193537759,1.235483752877,1.359032128165,1.482580503453,
    1.60612887874,1.729677254028,1.853225629316,1.976774004604,
    2.100322379891,2.223870755179,2.347419130467,2.470967505755,
    2.594515881042,2.71806425633),.QUASI_UNIFORM_KNOTS.);
#1819 = CARTESIAN_POINT('',(1.809668378689,2.278673058821));
#1820 = CARTESIAN_POINT('',(1.784967178458,2.278675521072));
#1821 = CARTESIAN_POINT('',(1.735598391758,2.278683537328));
#1822 = CARTESIAN_POINT('',(1.661532151236,2.278701102334));
#1823 = CARTESIAN_POINT('',(1.587336536801,2.278720116551));
#1824 = CARTESIAN_POINT('',(1.512903675898,2.278737737269));
#1825 = CARTESIAN_POINT('',(1.438129563447,2.278751844594));
#1826 = CARTESIAN_POINT('',(1.362913663594,2.278761083143));
#1827 = CARTESIAN_POINT('',(1.287157379401,2.278764748907));
#1828 = CARTESIAN_POINT('',(1.210762755413,2.27876271526));
#1829 = CARTESIAN_POINT('',(1.133630984004,2.2787553463));
#1830 = CARTESIAN_POINT('',(1.055660756031,2.278743411303));
#1831 = CARTESIAN_POINT('',(0.976746353283,2.278727996294));
#1832 = CARTESIAN_POINT('',(0.896775392574,2.278710413197));
#1833 = CARTESIAN_POINT('',(0.815626091701,2.278692105575));
#1834 = CARTESIAN_POINT('',(0.733163879521,2.278674549855));
#1835 = CARTESIAN_POINT('',(0.649237121264,2.278659150537));
#1836 = CARTESIAN_POINT('',(0.563671568165,2.278647126368));
#1837 = CARTESIAN_POINT('',(0.47626322558,2.278639385866));
#1838 = CARTESIAN_POINT('',(0.386768233838,2.278636378118));
#1839 = CARTESIAN_POINT('',(0.294891269505,2.278637939282));
#1840 = CARTESIAN_POINT('',(0.200261266436,2.278643005046));
#1841 = CARTESIAN_POINT('',(0.102427841554,2.278649580877));
#1842 = CARTESIAN_POINT('',(3.463664665585E-02,2.278652088458));
#1843 = CARTESIAN_POINT('',(0.,2.27865226337));
#1844 = ( GEOMETRIC_REPRESENTATION_CONTEXT(2) 
PARAMETRIC_REPRESENTATION_CONTEXT() REPRESENTATION_CONTEXT('2D SPACE',''
  ) );
#1845 = ADVANCED_FACE('',(#1846),#730,.T.);
#1846 = FACE_BOUND('',#1847,.T.);
#1847 = EDGE_LOOP('',(#1848,#1878,#1921,#1922));
#1848 = ORIENTED_EDGE('',*,*,#1849,.T.);
#1849 = EDGE_CURVE('',#1850,#1852,#1854,.T.);
#1850 = VERTEX_POINT('',#1851);
#1851 = CARTESIAN_POINT('',(427.825106317,748.260552781,76.3161045641));
#1852 = VERTEX_POINT('',#1853);
#1853 = CARTESIAN_POINT('',(427.825106317,748.260552781,102.198738397));
#1854 = SURFACE_CURVE('',#1855,(#1859,#1866),.PCURVE_S1.);
#1855 = LINE('',#1856,#1857);
#1856 = CARTESIAN_POINT('',(427.825106317,748.260552781,121.936333299));
#1857 = VECTOR('',#1858,1.);
#1858 = DIRECTION('',(0.,0.,1.));
#1859 = PCURVE('',#730,#1860);
#1860 = DEFINITIONAL_REPRESENTATION('',(#1861),#1865);
#1861 = LINE('',#1862,#1863);
#1862 = CARTESIAN_POINT('',(3.141592653543,1.000003635454E-09));
#1863 = VECTOR('',#1864,1.);
#1864 = DIRECTION('',(0.,1.));
#1865 = ( GEOMETRIC_REPRESENTATION_CONTEXT(2) 
PARAMETRIC_REPRESENTATION_CONTEXT() REPRESENTATION_CONTEXT('2D SPACE',''
  ) );
#1866 = PCURVE('',#1867,#1872);
#1867 = CYLINDRICAL_SURFACE('',#1868,8.778);
#1868 = AXIS2_PLACEMENT_3D('',#1869,#1870,#1871);
#1869 = CARTESIAN_POINT('',(424.219816229,756.264,121.936333298));
#1870 = DIRECTION('',(0.,0.,1.));
#1871 = DIRECTION('',(0.410718852613,-0.911762043577,0.));
#1872 = DEFINITIONAL_REPRESENTATION('',(#1873),#1877);
#1873 = LINE('',#1874,#1875);
#1874 = CARTESIAN_POINT('',(0.,1.000003635454E-09));
#1875 = VECTOR('',#1876,1.);
#1876 = DIRECTION('',(0.,1.));
#1877 = ( GEOMETRIC_REPRESENTATION_CONTEXT(2) 
PARAMETRIC_REPRESENTATION_CONTEXT() REPRESENTATION_CONTEXT('2D SPACE',''
  ) );
#1878 = ORIENTED_EDGE('',*,*,#1879,.T.);
#1879 = EDGE_CURVE('',#1852,#715,#1880,.T.);
#1880 = SURFACE_CURVE('',#1881,(#1886,#1915),.PCURVE_S1.);
#1881 = B_SPLINE_CURVE_WITH_KNOTS('',3,(#1882,#1883,#1884,#1885),
  .UNSPECIFIED.,.F.,.F.,(4,4),(0.,5.27398195394),
  .PIECEWISE_BEZIER_KNOTS.);
#1882 = CARTESIAN_POINT('',(427.825106317,748.260552781,102.198738397));
#1883 = CARTESIAN_POINT('',(426.696061071,747.751954983,102.214403481));
#1884 = CARTESIAN_POINT('',(425.458295783,747.486,102.228546537));
#1885 = CARTESIAN_POINT('',(424.21981623,747.486,102.239932453));
#1886 = PCURVE('',#730,#1887);
#1887 = DEFINITIONAL_REPRESENTATION('',(#1888),#1914);
#1888 = B_SPLINE_CURVE_WITH_KNOTS('',3,(#1889,#1890,#1891,#1892,#1893,
    #1894,#1895,#1896,#1897,#1898,#1899,#1900,#1901,#1902,#1903,#1904,
    #1905,#1906,#1907,#1908,#1909,#1910,#1911,#1912,#1913),
  .UNSPECIFIED.,.F.,.F.,(4,1,1,1,1,1,1,1,1,1,1,1,1,1,1,1,1,1,1,1,1,1,4),
  (0.,0.23972645181,0.479452903621,0.719179355431,0.958905807242,
    1.198632259052,1.438358710862,1.678085162673,1.917811614483,
    2.157538066294,2.397264518104,2.636990969914,2.876717421725,
    3.116443873535,3.356170325346,3.595896777156,3.835623228966,
    4.075349680777,4.315076132587,4.554802584398,4.794529036208,
    5.034255488018,5.273981939829),.QUASI_UNIFORM_KNOTS.);
#1889 = CARTESIAN_POINT('',(3.141592653543,-19.737594901));
#1890 = CARTESIAN_POINT('',(3.135180395225,-19.73688285172));
#1891 = CARTESIAN_POINT('',(3.12235609644,-19.73546504255));
#1892 = CARTESIAN_POINT('',(3.103119971214,-19.73335789288));
#1893 = CARTESIAN_POINT('',(3.083883801004,-19.73127100327));
#1894 = CARTESIAN_POINT('',(3.06464734855,-19.72920506967));
#1895 = CARTESIAN_POINT('',(3.045410449691,-19.72716078806));
#1896 = CARTESIAN_POINT('',(3.026173016041,-19.72513885441));
#1897 = CARTESIAN_POINT('',(3.006935021353,-19.72313996469));
#1898 = CARTESIAN_POINT('',(2.987696492091,-19.72116481486));
#1899 = CARTESIAN_POINT('',(2.968457496756,-19.71921410089));
#1900 = CARTESIAN_POINT('',(2.949218135428,-19.71728851876));
#1901 = CARTESIAN_POINT('',(2.929978529178,-19.71538876442));
#1902 = CARTESIAN_POINT('',(2.910738809447,-19.71351553386));
#1903 = CARTESIAN_POINT('',(2.891499107412,-19.71166952303));
#1904 = CARTESIAN_POINT('',(2.872259543346,-19.7098514279));
#1905 = CARTESIAN_POINT('',(2.853020216002,-19.70806194445));
#1906 = CARTESIAN_POINT('',(2.833781192027,-19.70630176865));
#1907 = CARTESIAN_POINT('',(2.814542495508,-19.70457159645));
#1908 = CARTESIAN_POINT('',(2.795304097298,-19.70287212383));
#1909 = CARTESIAN_POINT('',(2.776065905605,-19.70120404676));
#1910 = CARTESIAN_POINT('',(2.756827752339,-19.6995680612));
#1911 = CARTESIAN_POINT('',(2.737589395858,-19.69796486313));
#1912 = CARTESIAN_POINT('',(2.724763440734,-19.69691838672));
#1913 = CARTESIAN_POINT('',(2.718350311228,-19.69640084509));
#1914 = ( GEOMETRIC_REPRESENTATION_CONTEXT(2) 
PARAMETRIC_REPRESENTATION_CONTEXT() REPRESENTATION_CONTEXT('2D SPACE',''
  ) );
#1915 = PCURVE('',#1204,#1916);
#1916 = DEFINITIONAL_REPRESENTATION('',(#1917),#1920);
#1917 = B_SPLINE_CURVE_WITH_KNOTS('',1,(#1918,#1919),.UNSPECIFIED.,.F.,
  .F.,(2,2),(0.,5.273981939829),.PIECEWISE_BEZIER_KNOTS.);
#1918 = CARTESIAN_POINT('',(3.761282623615,1.569382374339));
#1919 = CARTESIAN_POINT('',(7.52321681621,1.569382326535));
#1920 = ( GEOMETRIC_REPRESENTATION_CONTEXT(2) 
PARAMETRIC_REPRESENTATION_CONTEXT() REPRESENTATION_CONTEXT('2D SPACE',''
  ) );
#1921 = ORIENTED_EDGE('',*,*,#714,.T.);
#1922 = ORIENTED_EDGE('',*,*,#1923,.T.);
#1923 = EDGE_CURVE('',#687,#1850,#1924,.T.);
#1924 = SURFACE_CURVE('',#1925,(#1930,#1937),.PCURVE_S1.);
#1925 = CIRCLE('',#1926,8.778);
#1926 = AXIS2_PLACEMENT_3D('',#1927,#1928,#1929);
#1927 = CARTESIAN_POINT('',(424.219816229,756.264,76.3161045641));
#1928 = DIRECTION('',(0.,0.,1.));
#1929 = DIRECTION('',(1.,0.,-0.));
#1930 = PCURVE('',#730,#1931);
#1931 = DEFINITIONAL_REPRESENTATION('',(#1932),#1936);
#1932 = LINE('',#1933,#1934);
#1933 = CARTESIAN_POINT('',(-1.994038670403,-45.6202287339));
#1934 = VECTOR('',#1935,1.);
#1935 = DIRECTION('',(1.,0.));
#1936 = ( GEOMETRIC_REPRESENTATION_CONTEXT(2) 
PARAMETRIC_REPRESENTATION_CONTEXT() REPRESENTATION_CONTEXT('2D SPACE',''
  ) );
#1937 = PCURVE('',#1716,#1938);
#1938 = DEFINITIONAL_REPRESENTATION('',(#1939),#1942);
#1939 = B_SPLINE_CURVE_WITH_KNOTS('',1,(#1940,#1941),.UNSPECIFIED.,.F.,
  .F.,(2,2),(4.712388980499,5.135631323946),.PIECEWISE_BEZIER_KNOTS.);
#1940 = CARTESIAN_POINT('',(59.946359315558,1.024086151173E-09));
#1941 = CARTESIAN_POINT('',(59.946359315694,3.804612026463));
#1942 = ( GEOMETRIC_REPRESENTATION_CONTEXT(2) 
PARAMETRIC_REPRESENTATION_CONTEXT() REPRESENTATION_CONTEXT('2D SPACE',''
  ) );
#1943 = ADVANCED_FACE('',(#1944),#815,.F.);
#1944 = FACE_BOUND('',#1945,.T.);
#1945 = EDGE_LOOP('',(#1946,#1967,#1968,#1969));
#1946 = ORIENTED_EDGE('',*,*,#1947,.F.);
#1947 = EDGE_CURVE('',#800,#1027,#1948,.T.);
#1948 = SURFACE_CURVE('',#1949,(#1953,#1960),.PCURVE_S1.);
#1949 = LINE('',#1950,#1951);
#1950 = CARTESIAN_POINT('',(406.373288486,748.625,88.3673290465));
#1951 = VECTOR('',#1952,1.);
#1952 = DIRECTION('',(0.,1.,0.));
#1953 = PCURVE('',#815,#1954);
#1954 = DEFINITIONAL_REPRESENTATION('',(#1955),#1959);
#1955 = LINE('',#1956,#1957);
#1956 = CARTESIAN_POINT('',(-0.287779971982,1.139));
#1957 = VECTOR('',#1958,1.);
#1958 = DIRECTION('',(0.,-1.));
#1959 = ( GEOMETRIC_REPRESENTATION_CONTEXT(2) 
PARAMETRIC_REPRESENTATION_CONTEXT() REPRESENTATION_CONTEXT('2D SPACE',''
  ) );
#1960 = PCURVE('',#849,#1961);
#1961 = DEFINITIONAL_REPRESENTATION('',(#1962),#1966);
#1962 = LINE('',#1963,#1964);
#1963 = CARTESIAN_POINT('',(0.471238897992,-1.139));
#1964 = VECTOR('',#1965,1.);
#1965 = DIRECTION('',(0.,1.));
#1966 = ( GEOMETRIC_REPRESENTATION_CONTEXT(2) 
PARAMETRIC_REPRESENTATION_CONTEXT() REPRESENTATION_CONTEXT('2D SPACE',''
  ) );
#1967 = ORIENTED_EDGE('',*,*,#799,.F.);
#1968 = ORIENTED_EDGE('',*,*,#1624,.T.);
#1969 = ORIENTED_EDGE('',*,*,#1049,.T.);
#1970 = ADVANCED_FACE('',(#1971),#849,.T.);
#1971 = FACE_BOUND('',#1972,.T.);
#1972 = EDGE_LOOP('',(#1973,#1994,#1995,#1996));
#1973 = ORIENTED_EDGE('',*,*,#1974,.F.);
#1974 = EDGE_CURVE('',#828,#1004,#1975,.T.);
#1975 = SURFACE_CURVE('',#1976,(#1980,#1987),.PCURVE_S1.);
#1976 = LINE('',#1977,#1978);
#1977 = CARTESIAN_POINT('',(404.553960855,749.764,86.2371700788));
#1978 = VECTOR('',#1979,1.);
#1979 = DIRECTION('',(0.,1.,0.));
#1980 = PCURVE('',#849,#1981);
#1981 = DEFINITIONAL_REPRESENTATION('',(#1982),#1986);
#1982 = LINE('',#1983,#1984);
#1983 = CARTESIAN_POINT('',(0.,0.));
#1984 = VECTOR('',#1985,1.);
#1985 = DIRECTION('',(0.,1.));
#1986 = ( GEOMETRIC_REPRESENTATION_CONTEXT(2) 
PARAMETRIC_REPRESENTATION_CONTEXT() REPRESENTATION_CONTEXT('2D SPACE',''
  ) );
#1987 = PCURVE('',#882,#1988);
#1988 = DEFINITIONAL_REPRESENTATION('',(#1989),#1993);
#1989 = LINE('',#1990,#1991);
#1990 = CARTESIAN_POINT('',(3.141592653595,0.));
#1991 = VECTOR('',#1992,1.);
#1992 = DIRECTION('',(0.,1.));
#1993 = ( GEOMETRIC_REPRESENTATION_CONTEXT(2) 
PARAMETRIC_REPRESENTATION_CONTEXT() REPRESENTATION_CONTEXT('2D SPACE',''
  ) );
#1994 = ORIENTED_EDGE('',*,*,#827,.T.);
#1995 = ORIENTED_EDGE('',*,*,#1947,.T.);
#1996 = ORIENTED_EDGE('',*,*,#1026,.F.);
#1997 = ADVANCED_FACE('',(#1998),#882,.T.);
#1998 = FACE_BOUND('',#1999,.T.);
#1999 = EDGE_LOOP('',(#2000,#2001,#2002,#2023));
#2000 = ORIENTED_EDGE('',*,*,#1974,.T.);
#2001 = ORIENTED_EDGE('',*,*,#1003,.F.);
#2002 = ORIENTED_EDGE('',*,*,#2003,.F.);
#2003 = EDGE_CURVE('',#861,#981,#2004,.T.);
#2004 = SURFACE_CURVE('',#2005,(#2009,#2016),.PCURVE_S1.);
#2005 = LINE('',#2006,#2007);
#2006 = CARTESIAN_POINT('',(403.9,749.764,83.5132270809));
#2007 = VECTOR('',#2008,1.);
#2008 = DIRECTION('',(0.,1.,0.));
#2009 = PCURVE('',#882,#2010);
#2010 = DEFINITIONAL_REPRESENTATION('',(#2011),#2015);
#2011 = LINE('',#2012,#2013);
#2012 = CARTESIAN_POINT('',(2.670353755635,0.));
#2013 = VECTOR('',#2014,1.);
#2014 = DIRECTION('',(0.,1.));
#2015 = ( GEOMETRIC_REPRESENTATION_CONTEXT(2) 
PARAMETRIC_REPRESENTATION_CONTEXT() REPRESENTATION_CONTEXT('2D SPACE',''
  ) );
#2016 = PCURVE('',#909,#2017);
#2017 = DEFINITIONAL_REPRESENTATION('',(#2018),#2022);
#2018 = LINE('',#2019,#2020);
#2019 = CARTESIAN_POINT('',(0.,-3.0241354506));
#2020 = VECTOR('',#2021,1.);
#2021 = DIRECTION('',(1.,0.));
#2022 = ( GEOMETRIC_REPRESENTATION_CONTEXT(2) 
PARAMETRIC_REPRESENTATION_CONTEXT() REPRESENTATION_CONTEXT('2D SPACE',''
  ) );
#2023 = ORIENTED_EDGE('',*,*,#860,.T.);
#2024 = ADVANCED_FACE('',(#2025),#909,.T.);
#2025 = FACE_BOUND('',#2026,.T.);
#2026 = EDGE_LOOP('',(#2027,#2048,#2049,#2050));
#2027 = ORIENTED_EDGE('',*,*,#2028,.F.);
#2028 = EDGE_CURVE('',#894,#958,#2029,.T.);
#2029 = SURFACE_CURVE('',#2030,(#2034,#2041),.PCURVE_S1.);
#2030 = LINE('',#2031,#2032);
#2031 = CARTESIAN_POINT('',(403.9,748.625,77.4649561804));
#2032 = VECTOR('',#2033,1.);
#2033 = DIRECTION('',(0.,1.,0.));
#2034 = PCURVE('',#909,#2035);
#2035 = DEFINITIONAL_REPRESENTATION('',(#2036),#2040);
#2036 = LINE('',#2037,#2038);
#2037 = CARTESIAN_POINT('',(-1.139,3.0241354499));
#2038 = VECTOR('',#2039,1.);
#2039 = DIRECTION('',(1.,0.));
#2040 = ( GEOMETRIC_REPRESENTATION_CONTEXT(2) 
PARAMETRIC_REPRESENTATION_CONTEXT() REPRESENTATION_CONTEXT('2D SPACE',''
  ) );
#2041 = PCURVE('',#941,#2042);
#2042 = DEFINITIONAL_REPRESENTATION('',(#2043),#2047);
#2043 = LINE('',#2044,#2045);
#2044 = CARTESIAN_POINT('',(0.334946761375,-1.139));
#2045 = VECTOR('',#2046,1.);
#2046 = DIRECTION('',(0.,1.));
#2047 = ( GEOMETRIC_REPRESENTATION_CONTEXT(2) 
PARAMETRIC_REPRESENTATION_CONTEXT() REPRESENTATION_CONTEXT('2D SPACE',''
  ) );
#2048 = ORIENTED_EDGE('',*,*,#893,.F.);
#2049 = ORIENTED_EDGE('',*,*,#2003,.T.);
#2050 = ORIENTED_EDGE('',*,*,#980,.T.);
#2051 = ADVANCED_FACE('',(#2052),#941,.T.);
#2052 = FACE_BOUND('',#2053,.T.);
#2053 = EDGE_LOOP('',(#2054,#2055,#2075,#2076));
#2054 = ORIENTED_EDGE('',*,*,#955,.F.);
#2055 = ORIENTED_EDGE('',*,*,#2056,.F.);
#2056 = EDGE_CURVE('',#685,#956,#2057,.T.);
#2057 = SURFACE_CURVE('',#2058,(#2062,#2069),.PCURVE_S1.);
#2058 = LINE('',#2059,#2060);
#2059 = CARTESIAN_POINT('',(404.011015371,749.764,76.3161045628));
#2060 = VECTOR('',#2061,1.);
#2061 = DIRECTION('',(0.,1.,0.));
#2062 = PCURVE('',#941,#2063);
#2063 = DEFINITIONAL_REPRESENTATION('',(#2064),#2068);
#2064 = LINE('',#2065,#2066);
#2065 = CARTESIAN_POINT('',(0.142281754146,0.));
#2066 = VECTOR('',#2067,1.);
#2067 = DIRECTION('',(0.,1.));
#2068 = ( GEOMETRIC_REPRESENTATION_CONTEXT(2) 
PARAMETRIC_REPRESENTATION_CONTEXT() REPRESENTATION_CONTEXT('2D SPACE',''
  ) );
#2069 = PCURVE('',#1798,#2070);
#2070 = DEFINITIONAL_REPRESENTATION('',(#2071),#2074);
#2071 = B_SPLINE_CURVE_WITH_KNOTS('',1,(#2072,#2073),.UNSPECIFIED.,.F.,
  .F.,(2,2),(-2.278,0.),.PIECEWISE_BEZIER_KNOTS.);
#2072 = CARTESIAN_POINT('',(8.571630000756E-10,2.27865226337));
#2073 = CARTESIAN_POINT('',(9.784466495911E-10,-4.51622461918E-14));
#2074 = ( GEOMETRIC_REPRESENTATION_CONTEXT(2) 
PARAMETRIC_REPRESENTATION_CONTEXT() REPRESENTATION_CONTEXT('2D SPACE',''
  ) );
#2075 = ORIENTED_EDGE('',*,*,#921,.T.);
#2076 = ORIENTED_EDGE('',*,*,#2028,.T.);
#2077 = ADVANCED_FACE('',(#2078),#1141,.F.);
#2078 = FACE_BOUND('',#2079,.F.);
#2079 = EDGE_LOOP('',(#2080,#2081,#2141,#2169));
#2080 = ORIENTED_EDGE('',*,*,#1125,.T.);
#2081 = ORIENTED_EDGE('',*,*,#2082,.T.);
#2082 = EDGE_CURVE('',#1126,#2083,#2085,.T.);
#2083 = VERTEX_POINT('',#2084);
#2084 = CARTESIAN_POINT('',(429.088028414,751.956969687,76.3161045623));
#2085 = SURFACE_CURVE('',#2086,(#2091,#2098),.PCURVE_S1.);
#2086 = CIRCLE('',#2087,6.5);
#2087 = AXIS2_PLACEMENT_3D('',#2088,#2089,#2090);
#2088 = CARTESIAN_POINT('',(424.219816229,756.264,76.3161045623));
#2089 = DIRECTION('',(-0.,0.,1.));
#2090 = DIRECTION('',(1.,0.,0.));
#2091 = PCURVE('',#1141,#2092);
#2092 = DEFINITIONAL_REPRESENTATION('',(#2093),#2097);
#2093 = LINE('',#2094,#2095);
#2094 = CARTESIAN_POINT('',(-4.712388980539,-45.6202287357));
#2095 = VECTOR('',#2096,1.);
#2096 = DIRECTION('',(1.,0.));
#2097 = ( GEOMETRIC_REPRESENTATION_CONTEXT(2) 
PARAMETRIC_REPRESENTATION_CONTEXT() REPRESENTATION_CONTEXT('2D SPACE',''
  ) );
#2098 = PCURVE('',#2099,#2136);
#2099 = B_SPLINE_SURFACE_WITH_KNOTS('',5,5,(
    (#2100,#2101,#2102,#2103,#2104,#2105)
    ,(#2106,#2107,#2108,#2109,#2110,#2111)
    ,(#2112,#2113,#2114,#2115,#2116,#2117)
    ,(#2118,#2119,#2120,#2121,#2122,#2123)
    ,(#2124,#2125,#2126,#2127,#2128,#2129)
    ,(#2130,#2131,#2132,#2133,#2134,#2135
    )),.UNSPECIFIED.,.F.,.F.,.F.,(6,6),(6,6),(57.1769928853,
    59.6927259018),(0.,5.63453592125),.PIECEWISE_BEZIER_KNOTS.);
#2100 = CARTESIAN_POINT('',(424.384146021,750.091778232,73.1974553613));
#2101 = CARTESIAN_POINT('',(425.490931347,750.049449471,73.3965918742));
#2102 = CARTESIAN_POINT('',(426.597716673,750.24534185,73.6463634062));
#2103 = CARTESIAN_POINT('',(427.635252785,750.68244616,73.9343831794));
#2104 = CARTESIAN_POINT('',(428.535006963,751.331890203,74.2416265275));
#2105 = CARTESIAN_POINT('',(429.252358206,752.142710729,74.5488698841));
#2106 = CARTESIAN_POINT('',(424.31901641,749.961868309,73.8086363034));
#2107 = CARTESIAN_POINT('',(425.42326559,749.936226749,73.970053629));
#2108 = CARTESIAN_POINT('',(426.527514769,750.146768068,74.171301145));
#2109 = CARTESIAN_POINT('',(427.563883647,750.595378335,74.4025518758));
#2110 = CARTESIAN_POINT('',(428.465169742,751.252953282,74.6488788102));
#2111 = CARTESIAN_POINT('',(429.187228595,752.069095095,74.8952057529));
#2112 = CARTESIAN_POINT('',(424.26958398,749.863268578,74.4290018056));
#2113 = CARTESIAN_POINT('',(425.371925701,749.850380676,74.5511513744));
#2114 = CARTESIAN_POINT('',(426.474267422,750.072048508,74.7028240529));
#2115 = CARTESIAN_POINT('',(427.509756102,750.529360292,74.8766959485));
#2116 = CARTESIAN_POINT('',(428.412189071,751.193069935,75.0617210857));
#2117 = CARTESIAN_POINT('',(429.137796165,752.013221896,75.2467462295));
#2118 = CARTESIAN_POINT('',(424.236406109,749.797090792,75.0558037556));
#2119 = CARTESIAN_POINT('',(425.337473296,749.792795262,75.1376038418));
#2120 = CARTESIAN_POINT('',(426.438540484,750.021934187,75.2389700415));
#2121 = CARTESIAN_POINT('',(427.473440237,750.485075098,75.3550351009));
#2122 = CARTESIAN_POINT('',(428.376637683,751.152888737,75.4784845744));
#2123 = CARTESIAN_POINT('',(429.104618294,751.975721136,75.6019340513));
#2124 = CARTESIAN_POINT('',(424.219816229,749.764,75.6859541778));
#2125 = CARTESIAN_POINT('',(425.320246322,749.764,75.7268542275));
#2126 = CARTESIAN_POINT('',(426.420676415,749.996874306,75.7775373328));
#2127 = CARTESIAN_POINT('',(427.455281787,750.462930043,75.8355698666));
#2128 = CARTESIAN_POINT('',(428.358861372,751.132796273,75.8972946058));
#2129 = CARTESIAN_POINT('',(429.088028414,751.956969687,75.9590193449));
#2130 = CARTESIAN_POINT('',(424.219816229,749.764,76.3161045635));
#2131 = CARTESIAN_POINT('',(425.320246322,749.764,76.3161045635));
#2132 = CARTESIAN_POINT('',(426.420676415,749.996874306,76.3161045635));
#2133 = CARTESIAN_POINT('',(427.455281787,750.462930043,76.3161045635));
#2134 = CARTESIAN_POINT('',(428.358861372,751.132796273,76.3161045635));
#2135 = CARTESIAN_POINT('',(429.088028414,751.956969687,76.3161045635));
#2136 = DEFINITIONAL_REPRESENTATION('',(#2137),#2140);
#2137 = B_SPLINE_CURVE_WITH_KNOTS('',1,(#2138,#2139),.UNSPECIFIED.,.F.,
  .F.,(2,2),(4.712388980539,5.558873667635),.PIECEWISE_BEZIER_KNOTS.);
#2138 = CARTESIAN_POINT('',(59.692725900842,1.024087160809E-09));
#2139 = CARTESIAN_POINT('',(59.692725900109,5.63453592125));
#2140 = ( GEOMETRIC_REPRESENTATION_CONTEXT(2) 
PARAMETRIC_REPRESENTATION_CONTEXT() REPRESENTATION_CONTEXT('2D SPACE',''
  ) );
#2141 = ORIENTED_EDGE('',*,*,#2142,.T.);
#2142 = EDGE_CURVE('',#2083,#2143,#2145,.T.);
#2143 = VERTEX_POINT('',#2144);
#2144 = CARTESIAN_POINT('',(429.088028414,751.956969687,102.148717049));
#2145 = SURFACE_CURVE('',#2146,(#2150,#2157),.PCURVE_S1.);
#2146 = LINE('',#2147,#2148);
#2147 = CARTESIAN_POINT('',(429.088028414,751.956969687,121.936333299));
#2148 = VECTOR('',#2149,1.);
#2149 = DIRECTION('',(0.,0.,1.));
#2150 = PCURVE('',#1141,#2151);
#2151 = DEFINITIONAL_REPRESENTATION('',(#2152),#2156);
#2152 = LINE('',#2153,#2154);
#2153 = CARTESIAN_POINT('',(0.84648468725,1.000003635454E-09));
#2154 = VECTOR('',#2155,1.);
#2155 = DIRECTION('',(0.,1.));
#2156 = ( GEOMETRIC_REPRESENTATION_CONTEXT(2) 
PARAMETRIC_REPRESENTATION_CONTEXT() REPRESENTATION_CONTEXT('2D SPACE',''
  ) );
#2157 = PCURVE('',#2158,#2163);
#2158 = PLANE('',#2159);
#2159 = AXIS2_PLACEMENT_3D('',#2160,#2161,#2162);
#2160 = CARTESIAN_POINT('',(411.468322308,732.041514786,260.2));
#2161 = DIRECTION('',(0.748955720789,-0.662620048216,0.));
#2162 = DIRECTION('',(0.662620048216,0.748955720789,0.));
#2163 = DEFINITIONAL_REPRESENTATION('',(#2164),#2168);
#2164 = LINE('',#2165,#2166);
#2165 = CARTESIAN_POINT('',(26.590964389724,-138.263666701));
#2166 = VECTOR('',#2167,1.);
#2167 = DIRECTION('',(0.,1.));
#2168 = ( GEOMETRIC_REPRESENTATION_CONTEXT(2) 
PARAMETRIC_REPRESENTATION_CONTEXT() REPRESENTATION_CONTEXT('2D SPACE',''
  ) );
#2169 = ORIENTED_EDGE('',*,*,#2170,.T.);
#2170 = EDGE_CURVE('',#2143,#1098,#2171,.T.);
#2171 = SURFACE_CURVE('',#2172,(#2185,#2214),.PCURVE_S1.);
#2172 = B_SPLINE_CURVE_WITH_KNOTS('',5,(#2173,#2174,#2175,#2176,#2177,
    #2178,#2179,#2180,#2181,#2182,#2183,#2184),.UNSPECIFIED.,.F.,.F.,(6,
    3,3,6),(0.,2.77137078,5.54274156001,8.04864885264),.UNSPECIFIED.);
#2173 = CARTESIAN_POINT('',(429.088028414,751.956969687,102.148717049));
#2174 = CARTESIAN_POINT('',(428.829843114,751.665144291,102.156017764));
#2175 = CARTESIAN_POINT('',(428.550040192,751.392946798,102.163313732));
#2176 = CARTESIAN_POINT('',(428.263626673,751.155785475,102.170221802));
#2177 = CARTESIAN_POINT('',(427.677759781,750.730559305,102.183499791));
#2178 = CARTESIAN_POINT('',(427.039258742,750.390619795,102.196180014));
#2179 = CARTESIAN_POINT('',(426.701083019,750.237356611,102.202490317));
#2180 = CARTESIAN_POINT('',(426.003051358,749.985924192,102.214679057));
#2181 = CARTESIAN_POINT('',(425.275195518,749.835716113,102.225818855));
#2182 = CARTESIAN_POINT('',(424.9248521,749.787873039,102.230839178));
#2183 = CARTESIAN_POINT('',(424.572151015,749.764,102.235557977));
#2184 = CARTESIAN_POINT('',(424.219816229,749.764,102.239932384));
#2185 = PCURVE('',#1141,#2186);
#2186 = DEFINITIONAL_REPRESENTATION('',(#2187),#2213);
#2187 = B_SPLINE_CURVE_WITH_KNOTS('',3,(#2188,#2189,#2190,#2191,#2192,
    #2193,#2194,#2195,#2196,#2197,#2198,#2199,#2200,#2201,#2202,#2203,
    #2204,#2205,#2206,#2207,#2208,#2209,#2210,#2211,#2212),
  .UNSPECIFIED.,.F.,.F.,(4,1,1,1,1,1,1,1,1,1,1,1,1,1,1,1,1,1,1,1,1,1,4),
  (0.,0.365847674857,0.731695349714,1.097543024571,1.463390699428,
    1.829238374286,2.195086049143,2.560933724,2.926781398857,
    3.292629073714,3.658476748571,4.024324423428,4.390172098285,
    4.756019773142,5.121867447999,5.487715122857,5.853562797714,
    6.219410472571,6.585258147428,6.951105822285,7.316953497142,
    7.682801171999,8.048648846856),.UNSPECIFIED.);
#2188 = CARTESIAN_POINT('',(0.84648468725,-19.787616249));
#2189 = CARTESIAN_POINT('',(0.833284690227,-19.78600869101));
#2190 = CARTESIAN_POINT('',(0.806934246588,-19.78279906475));
#2191 = CARTESIAN_POINT('',(0.767727034475,-19.77802818325));
#2192 = CARTESIAN_POINT('',(0.729055052554,-19.77333343302));
#2193 = CARTESIAN_POINT('',(0.690970666151,-19.76872819116));
#2194 = CARTESIAN_POINT('',(0.653447405994,-19.76421630867));
#2195 = CARTESIAN_POINT('',(0.616384582599,-19.75979257633));
#2196 = CARTESIAN_POINT('',(0.579631422141,-19.75544565675));
#2197 = CARTESIAN_POINT('',(0.54300283575,-19.75116035586));
#2198 = CARTESIAN_POINT('',(0.506294921286,-19.74692007068));
#2199 = CARTESIAN_POINT('',(0.469317882663,-19.74270919286));
#2200 = CARTESIAN_POINT('',(0.431913334386,-19.73851551292));
#2201 = CARTESIAN_POINT('',(0.393970633961,-19.73433266535));
#2202 = CARTESIAN_POINT('',(0.35544524438,-19.73016240966));
#2203 = CARTESIAN_POINT('',(0.316384009696,-19.72601752669));
#2204 = CARTESIAN_POINT('',(0.276932373159,-19.72192241822));
#2205 = CARTESIAN_POINT('',(0.237414788918,-19.71792227783));
#2206 = CARTESIAN_POINT('',(0.197883435251,-19.7140294485));
#2207 = CARTESIAN_POINT('',(0.158326540212,-19.71024846937));
#2208 = CARTESIAN_POINT('',(0.118751998774,-19.70658606418));
#2209 = CARTESIAN_POINT('',(7.9165482604E-02,-19.70304863727));
#2210 = CARTESIAN_POINT('',(3.95761190157E-02,-19.69964300476));
#2211 = CARTESIAN_POINT('',(1.318967638065E-02,-19.69746534969));
#2212 = CARTESIAN_POINT('',(0.,-19.69640091405));
#2213 = ( GEOMETRIC_REPRESENTATION_CONTEXT(2) 
PARAMETRIC_REPRESENTATION_CONTEXT() REPRESENTATION_CONTEXT('2D SPACE',''
  ) );
#2214 = PCURVE('',#1536,#2215);
#2215 = DEFINITIONAL_REPRESENTATION('',(#2216),#2242);
#2216 = B_SPLINE_CURVE_WITH_KNOTS('',3,(#2217,#2218,#2219,#2220,#2221,
    #2222,#2223,#2224,#2225,#2226,#2227,#2228,#2229,#2230,#2231,#2232,
    #2233,#2234,#2235,#2236,#2237,#2238,#2239,#2240,#2241),
  .UNSPECIFIED.,.F.,.F.,(4,1,1,1,1,1,1,1,1,1,1,1,1,1,1,1,1,1,1,1,1,1,4),
  (0.,0.365847674857,0.731695349714,1.097543024571,1.463390699428,
    1.829238374286,2.195086049143,2.560933724,2.926781398857,
    3.292629073714,3.658476748571,4.024324423428,4.390172098285,
    4.756019773142,5.121867447999,5.487715122857,5.853562797714,
    6.219410472571,6.585258147428,6.951105822285,7.316953497142,
    7.682801171999,8.048648846856),.UNSPECIFIED.);
#2217 = CARTESIAN_POINT('',(0.,1.137500070483));
#2218 = CARTESIAN_POINT('',(8.692564072664E-02,1.13750343601));
#2219 = CARTESIAN_POINT('',(0.260427481155,1.137502366213));
#2220 = CARTESIAN_POINT('',(0.518536010271,1.137486987137));
#2221 = CARTESIAN_POINT('',(0.773097320452,1.137470737661));
#2222 = CARTESIAN_POINT('',(1.023783200642,1.137455056459));
#2223 = CARTESIAN_POINT('',(1.270779558,1.137443089321));
#2224 = CARTESIAN_POINT('',(1.514756420311,1.13743599407));
#2225 = CARTESIAN_POINT('',(1.756710294442,1.137434282067));
#2226 = CARTESIAN_POINT('',(1.997861171651,1.137438119331));
#2227 = CARTESIAN_POINT('',(2.239551088261,1.137447680675));
#2228 = CARTESIAN_POINT('',(2.483028197337,1.137461155099));
#2229 = CARTESIAN_POINT('',(2.72933293433,1.13747594146));
#2230 = CARTESIAN_POINT('',(2.979190441333,1.137489492974));
#2231 = CARTESIAN_POINT('',(3.232889693742,1.137499771255));
#2232 = CARTESIAN_POINT('',(3.490117228965,1.137505757181));
#2233 = CARTESIAN_POINT('',(3.749910095264,1.137507761622));
#2234 = CARTESIAN_POINT('',(4.010126819807,1.137508969509));
#2235 = CARTESIAN_POINT('',(4.270421547573,1.13750994281));
#2236 = CARTESIAN_POINT('',(4.530872288183,1.1375103691));
#2237 = CARTESIAN_POINT('',(4.791430486496,1.137510245347));
#2238 = CARTESIAN_POINT('',(5.05206584995,1.137509644895));
#2239 = CARTESIAN_POINT('',(5.312728769368,1.137508806532));
#2240 = CARTESIAN_POINT('',(5.486478129968,1.137508441376));
#2241 = CARTESIAN_POINT('',(5.573336059307,1.13750838153));
#2242 = ( GEOMETRIC_REPRESENTATION_CONTEXT(2) 
PARAMETRIC_REPRESENTATION_CONTEXT() REPRESENTATION_CONTEXT('2D SPACE',''
  ) );
#2243 = ADVANCED_FACE('',(#2244),#1167,.F.);
#2244 = FACE_BOUND('',#2245,.F.);
#2245 = EDGE_LOOP('',(#2246,#2247,#2370,#2398));
#2246 = ORIENTED_EDGE('',*,*,#1153,.F.);
#2247 = ORIENTED_EDGE('',*,*,#2248,.F.);
#2248 = EDGE_CURVE('',#2249,#956,#2251,.T.);
#2249 = VERTEX_POINT('',#2250);
#2250 = CARTESIAN_POINT('',(405.682358768,750.091778427,73.1974647757));
#2251 = SURFACE_CURVE('',#2252,(#2268,#2319),.PCURVE_S1.);
#2252 = B_SPLINE_CURVE_WITH_KNOTS('',5,(#2253,#2254,#2255,#2256,#2257,
    #2258,#2259,#2260,#2261,#2262,#2263,#2264,#2265,#2266,#2267),
  .UNSPECIFIED.,.F.,.F.,(6,3,3,3,6),(0.,1.32911272206,2.28390374811,
    4.1191904397,5.10074486643),.UNSPECIFIED.);
#2253 = CARTESIAN_POINT('',(405.682358768,750.091778427,73.1974647757));
#2254 = CARTESIAN_POINT('',(405.556208191,750.065276909,73.3221461051));
#2255 = CARTESIAN_POINT('',(405.438378572,750.036591415,73.46361471));
#2256 = CARTESIAN_POINT('',(405.331835026,750.010344111,73.6023034647));
#2257 = CARTESIAN_POINT('',(405.146835509,749.964279829,73.8634452484));
#2258 = CARTESIAN_POINT('',(404.97358981,749.922410865,74.1372124274));
#2259 = CARTESIAN_POINT('',(404.903718991,749.905945169,74.2523306825));
#2260 = CARTESIAN_POINT('',(404.703309019,749.860268808,74.5958229759));
#2261 = CARTESIAN_POINT('',(404.519462603,749.823540658,74.9501054781));
#2262 = CARTESIAN_POINT('',(404.409395226,749.804121327,75.1812457045));
#2263 = CARTESIAN_POINT('',(404.247176477,749.780561695,75.5490717523));
#2264 = CARTESIAN_POINT('',(404.114148557,749.76828766,75.9233610452));
#2265 = CARTESIAN_POINT('',(404.072197394,749.765408104,76.0547737151));
#2266 = CARTESIAN_POINT('',(404.036374339,749.764,76.1861151263));
#2267 = CARTESIAN_POINT('',(404.01101537,749.764,76.3161045635));
#2268 = PCURVE('',#1167,#2269);
#2269 = DEFINITIONAL_REPRESENTATION('',(#2270),#2318);
#2270 = B_SPLINE_CURVE_WITH_KNOTS('',3,(#2271,#2272,#2273,#2274,#2275,
    #2276,#2277,#2278,#2279,#2280,#2281,#2282,#2283,#2284,#2285,#2286,
    #2287,#2288,#2289,#2290,#2291,#2292,#2293,#2294,#2295,#2296,#2297,
    #2298,#2299,#2300,#2301,#2302,#2303,#2304,#2305,#2306,#2307,#2308,
    #2309,#2310,#2311,#2312,#2313,#2314,#2315,#2316,#2317),
  .UNSPECIFIED.,.F.,.F.,(4,1,1,1,1,1,1,1,1,1,1,1,1,1,1,1,1,1,1,1,1,1,1,1
    ,1,1,1,1,1,1,1,1,1,1,1,1,1,1,1,1,1,1,1,1,4),(0.,0.115926019692,
    0.231852039383,0.347778059075,0.463704078766,0.579630098458,
    0.69555611815,0.811482137841,0.927408157533,1.043334177224,
    1.159260196916,1.275186216608,1.391112236299,1.507038255991,
    1.622964275682,1.738890295374,1.854816315065,1.970742334757,
    2.086668354449,2.20259437414,2.318520393832,2.434446413523,
    2.550372433215,2.666298452907,2.782224472598,2.89815049229,
    3.014076511981,3.130002531673,3.245928551365,3.361854571056,
    3.477780590748,3.593706610439,3.709632630131,3.825558649823,
    3.941484669514,4.057410689206,4.173336708897,4.289262728589,
    4.40518874828,4.521114767972,4.637040787664,4.752966807355,
    4.868892827047,4.984818846738,5.10074486643),.UNSPECIFIED.);
#2271 = CARTESIAN_POINT('',(2.424620572514E-06,10.706119673));
#2272 = CARTESIAN_POINT('',(1.238883519767E-03,10.724464792598));
#2273 = CARTESIAN_POINT('',(3.764397722934E-03,10.760706274986));
#2274 = CARTESIAN_POINT('',(7.68056202195E-03,10.81374635894));
#2275 = CARTESIAN_POINT('',(1.168985780358E-02,10.865460535476));
#2276 = CARTESIAN_POINT('',(1.57745520767E-02,10.915942681832));
#2277 = CARTESIAN_POINT('',(1.992490107229E-02,10.965325440469));
#2278 = CARTESIAN_POINT('',(2.413839576057E-02,11.013770742718));
#2279 = CARTESIAN_POINT('',(2.841679010348E-02,11.061447142081));
#2280 = CARTESIAN_POINT('',(3.276370675853E-02,11.108510505428));
#2281 = CARTESIAN_POINT('',(3.71821484003E-02,11.155084462973));
#2282 = CARTESIAN_POINT('',(4.167181259863E-02,11.201238465247));
#2283 = CARTESIAN_POINT('',(4.622729625962E-02,11.246975653271));
#2284 = CARTESIAN_POINT('',(5.083295455086E-02,11.292183868977));
#2285 = CARTESIAN_POINT('',(5.547266213924E-02,11.336750553669));
#2286 = CARTESIAN_POINT('',(6.014176043707E-02,11.380676666636));
#2287 = CARTESIAN_POINT('',(6.483795011696E-02,11.423975101744));
#2288 = CARTESIAN_POINT('',(6.956174681378E-02,11.466679611582));
#2289 = CARTESIAN_POINT('',(7.431467755559E-02,11.508827639158));
#2290 = CARTESIAN_POINT('',(7.909807224127E-02,11.550450072146));
#2291 = CARTESIAN_POINT('',(8.391173252994E-02,11.591559399382));
#2292 = CARTESIAN_POINT('',(8.875249806909E-02,11.632137335797));
#2293 = CARTESIAN_POINT('',(9.361341385784E-02,11.672126683262));
#2294 = CARTESIAN_POINT('',(9.848950951453E-02,11.711485358468));
#2295 = CARTESIAN_POINT('',(0.103377716551,11.750187984649));
#2296 = CARTESIAN_POINT('',(0.108276504785,11.788221499038));
#2297 = CARTESIAN_POINT('',(0.113185641584,11.825582551835));
#2298 = CARTESIAN_POINT('',(0.118105917395,11.862274425138));
#2299 = CARTESIAN_POINT('',(0.123038879683,11.898304080534));
#2300 = CARTESIAN_POINT('',(0.12798656413,11.933679172049));
#2301 = CARTESIAN_POINT('',(0.132951226388,11.968405069044));
#2302 = CARTESIAN_POINT('',(0.137935073083,12.002481873944));
#2303 = CARTESIAN_POINT('',(0.142939994855,12.035901450687));
#2304 = CARTESIAN_POINT('',(0.147967292346,12.068644415468));
#2305 = CARTESIAN_POINT('',(0.153017429527,12.100677267584));
#2306 = CARTESIAN_POINT('',(0.158089686778,12.131948997588));
#2307 = CARTESIAN_POINT('',(0.163182190578,12.162389646076));
#2308 = CARTESIAN_POINT('',(0.168290540917,12.191901582662));
#2309 = CARTESIAN_POINT('',(0.173412408694,12.220381738812));
#2310 = CARTESIAN_POINT('',(0.178548181212,12.247727257732));
#2311 = CARTESIAN_POINT('',(0.183695624352,12.273803399986));
#2312 = CARTESIAN_POINT('',(0.188851264102,12.298444482804));
#2313 = CARTESIAN_POINT('',(0.194010264185,12.321447988199));
#2314 = CARTESIAN_POINT('',(0.199166683033,12.342568299605));
#2315 = CARTESIAN_POINT('',(0.204313715024,12.361518755619));
#2316 = CARTESIAN_POINT('',(0.207733646628,12.372466789743));
#2317 = CARTESIAN_POINT('',(0.20943951024,12.377463071));
#2318 = ( GEOMETRIC_REPRESENTATION_CONTEXT(2) 
PARAMETRIC_REPRESENTATION_CONTEXT() REPRESENTATION_CONTEXT('2D SPACE',''
  ) );
#2319 = PCURVE('',#1798,#2320);
#2320 = DEFINITIONAL_REPRESENTATION('',(#2321),#2369);
#2321 = B_SPLINE_CURVE_WITH_KNOTS('',3,(#2322,#2323,#2324,#2325,#2326,
    #2327,#2328,#2329,#2330,#2331,#2332,#2333,#2334,#2335,#2336,#2337,
    #2338,#2339,#2340,#2341,#2342,#2343,#2344,#2345,#2346,#2347,#2348,
    #2349,#2350,#2351,#2352,#2353,#2354,#2355,#2356,#2357,#2358,#2359,
    #2360,#2361,#2362,#2363,#2364,#2365,#2366,#2367,#2368),
  .UNSPECIFIED.,.F.,.F.,(4,1,1,1,1,1,1,1,1,1,1,1,1,1,1,1,1,1,1,1,1,1,1,1
    ,1,1,1,1,1,1,1,1,1,1,1,1,1,1,1,1,1,1,1,1,4),(0.,0.115926019692,
    0.231852039383,0.347778059075,0.463704078766,0.579630098458,
    0.69555611815,0.811482137841,0.927408157533,1.043334177224,
    1.159260196916,1.275186216608,1.391112236299,1.507038255991,
    1.622964275682,1.738890295374,1.854816315065,1.970742334757,
    2.086668354449,2.20259437414,2.318520393832,2.434446413523,
    2.550372433215,2.666298452907,2.782224472598,2.89815049229,
    3.014076511981,3.130002531673,3.245928551365,3.361854571056,
    3.477780590748,3.593706610439,3.709632630131,3.825558649823,
    3.941484669514,4.057410689206,4.173336708897,4.289262728589,
    4.40518874828,4.521114767972,4.637040787664,4.752966807355,
    4.868892827047,4.984818846738,5.10074486643),.QUASI_UNIFORM_KNOTS.);
#2322 = CARTESIAN_POINT('',(3.810487162566,-3.95766739727E-14));
#2323 = CARTESIAN_POINT('',(3.773356303025,-5.4272946812E-07));
#2324 = CARTESIAN_POINT('',(3.700824590733,5.400833452762E-07));
#2325 = CARTESIAN_POINT('',(3.596713555571,7.802393803491E-06));
#2326 = CARTESIAN_POINT('',(3.496805595596,2.154598603639E-05));
#2327 = CARTESIAN_POINT('',(3.4005471512,3.662935049592E-05));
#2328 = CARTESIAN_POINT('',(3.307376571136,4.789598698523E-05));
#2329 = CARTESIAN_POINT('',(3.216741801266,5.148139296209E-05));
#2330 = CARTESIAN_POINT('',(3.128128345171,4.628970456489E-05));
#2331 = CARTESIAN_POINT('',(3.041084350919,3.427465096778E-05));
#2332 = CARTESIAN_POINT('',(2.955245490192,1.991940347592E-05));
#2333 = CARTESIAN_POINT('',(2.870364491282,8.476880372099E-06));
#2334 = CARTESIAN_POINT('',(2.786324588061,4.05252967287E-06));
#2335 = CARTESIAN_POINT('',(2.703216233981,3.313779265886E-06));
#2336 = CARTESIAN_POINT('',(2.621137843071,2.726911021419E-06));
#2337 = CARTESIAN_POINT('',(2.539991159834,3.471406689808E-06));
#2338 = CARTESIAN_POINT('',(2.459656099754,4.152982495299E-06));
#2339 = CARTESIAN_POINT('',(2.3799790772,3.952008670864E-06));
#2340 = CARTESIAN_POINT('',(2.300803013984,2.716391380254E-06));
#2341 = CARTESIAN_POINT('',(2.221985154642,9.253687687642E-07));
#2342 = CARTESIAN_POINT('',(2.143414229669,5.747270883398E-07));
#2343 = CARTESIAN_POINT('',(2.065033803397,2.345557483028E-06));
#2344 = CARTESIAN_POINT('',(1.986854615743,6.265933824723E-06));
#2345 = CARTESIAN_POINT('',(1.908857697429,1.477430797477E-05));
#2346 = CARTESIAN_POINT('',(1.830994802311,2.74796015109E-05));
#2347 = CARTESIAN_POINT('',(1.75319433831,4.296709931562E-05));
#2348 = CARTESIAN_POINT('',(1.675364589999,5.916191717995E-05));
#2349 = CARTESIAN_POINT('',(1.597397232546,7.392395883123E-05));
#2350 = CARTESIAN_POINT('',(1.519170424144,8.542562647374E-05));
#2351 = CARTESIAN_POINT('',(1.440551740323,9.243349636711E-05));
#2352 = CARTESIAN_POINT('',(1.361400933142,9.446282801146E-05));
#2353 = CARTESIAN_POINT('',(1.281572575227,9.181382802823E-05));
#2354 = CARTESIAN_POINT('',(1.200918571623,8.548864101168E-05));
#2355 = CARTESIAN_POINT('',(1.11929072162,7.698388093983E-05));
#2356 = CARTESIAN_POINT('',(1.036542778355,6.79752236189E-05));
#2357 = CARTESIAN_POINT('',(0.952534194559,5.982309463989E-05));
#2358 = CARTESIAN_POINT('',(0.867127534641,5.315224035269E-05));
#2359 = CARTESIAN_POINT('',(0.780209662372,4.654738659937E-05));
#2360 = CARTESIAN_POINT('',(0.691612130189,3.832990676194E-05));
#2361 = CARTESIAN_POINT('',(0.601086916353,2.934774305062E-05));
#2362 = CARTESIAN_POINT('',(0.508389363271,2.036383924805E-05));
#2363 = CARTESIAN_POINT('',(0.413246577094,1.230974429353E-05));
#2364 = CARTESIAN_POINT('',(0.315348618036,5.973030642733E-06));
#2365 = CARTESIAN_POINT('',(0.21431710943,1.845669425122E-06));
#2366 = CARTESIAN_POINT('',(0.109698316178,8.075108229573E-08));
#2367 = CARTESIAN_POINT('',(3.710839331977E-02,-8.053945772683E-08));
#2368 = CARTESIAN_POINT('',(0.,-3.95766739727E-14));
#2369 = ( GEOMETRIC_REPRESENTATION_CONTEXT(2) 
PARAMETRIC_REPRESENTATION_CONTEXT() REPRESENTATION_CONTEXT('2D SPACE',''
  ) );
#2370 = ORIENTED_EDGE('',*,*,#2371,.F.);
#2371 = EDGE_CURVE('',#2372,#2249,#2374,.T.);
#2372 = VERTEX_POINT('',#2373);
#2373 = CARTESIAN_POINT('',(424.384146022,750.091785989,73.1974292012));
#2374 = SURFACE_CURVE('',#2375,(#2379,#2386),.PCURVE_S1.);
#2375 = LINE('',#2376,#2377);
#2376 = CARTESIAN_POINT('',(416.388478441,750.091785989,73.1974292012));
#2377 = VECTOR('',#2378,1.);
#2378 = DIRECTION('',(-1.,0.,0.));
#2379 = PCURVE('',#1167,#2380);
#2380 = DEFINITIONAL_REPRESENTATION('',(#2381),#2385);
#2381 = LINE('',#2382,#2383);
#2382 = CARTESIAN_POINT('',(0.,0.));
#2383 = VECTOR('',#2384,1.);
#2384 = DIRECTION('',(0.,1.));
#2385 = ( GEOMETRIC_REPRESENTATION_CONTEXT(2) 
PARAMETRIC_REPRESENTATION_CONTEXT() REPRESENTATION_CONTEXT('2D SPACE',''
  ) );
#2386 = PCURVE('',#2387,#2392);
#2387 = PLANE('',#2388);
#2388 = AXIS2_PLACEMENT_3D('',#2389,#2390,#2391);
#2389 = CARTESIAN_POINT('',(374.235180664,751.382268606,67.1261858265));
#2390 = DIRECTION('',(-0.,0.978147600734,0.207911690818));
#2391 = DIRECTION('',(1.,0.,0.));
#2392 = DEFINITIONAL_REPRESENTATION('',(#2393),#2397);
#2393 = LINE('',#2394,#2395);
#2394 = CARTESIAN_POINT('',(42.153297777,-6.206878563305));
#2395 = VECTOR('',#2396,1.);
#2396 = DIRECTION('',(-1.,0.));
#2397 = ( GEOMETRIC_REPRESENTATION_CONTEXT(2) 
PARAMETRIC_REPRESENTATION_CONTEXT() REPRESENTATION_CONTEXT('2D SPACE',''
  ) );
#2398 = ORIENTED_EDGE('',*,*,#2399,.T.);
#2399 = EDGE_CURVE('',#2372,#1126,#2400,.T.);
#2400 = SURFACE_CURVE('',#2401,(#2406,#2435),.PCURVE_S1.);
#2401 = B_SPLINE_CURVE_WITH_KNOTS('',3,(#2402,#2403,#2404,#2405),
  .UNSPECIFIED.,.F.,.F.,(4,4),(0.,4.4549991874),
  .PIECEWISE_BEZIER_KNOTS.);
#2402 = CARTESIAN_POINT('',(424.384146022,750.091785989,73.1974292012));
#2403 = CARTESIAN_POINT('',(424.275473104,749.875021488,74.2172260013));
#2404 = CARTESIAN_POINT('',(424.219816228,749.764,75.2670685131));
#2405 = CARTESIAN_POINT('',(424.219816228,749.764,76.3161045635));
#2406 = PCURVE('',#1167,#2407);
#2407 = DEFINITIONAL_REPRESENTATION('',(#2408),#2434);
#2408 = B_SPLINE_CURVE_WITH_KNOTS('',3,(#2409,#2410,#2411,#2412,#2413,
    #2414,#2415,#2416,#2417,#2418,#2419,#2420,#2421,#2422,#2423,#2424,
    #2425,#2426,#2427,#2428,#2429,#2430,#2431,#2432,#2433),
  .UNSPECIFIED.,.F.,.F.,(4,1,1,1,1,1,1,1,1,1,1,1,1,1,1,1,1,1,1,1,1,1,4),
  (0.,0.202499963064,0.404999926127,0.607499889191,0.809999852255,
    1.012499815318,1.214999778382,1.417499741445,1.619999704509,
    1.822499667573,2.024999630636,2.2274995937,2.429999556764,
    2.632499519827,2.834999482891,3.037499445955,3.239999409018,
    3.442499372082,3.644999335145,3.847499298209,4.049999261273,
    4.252499224336,4.4549991874),.UNSPECIFIED.);
#2409 = CARTESIAN_POINT('',(0.,-7.995667581));
#2410 = CARTESIAN_POINT('',(3.159331960262E-03,-7.990727902909));
#2411 = CARTESIAN_POINT('',(9.48003692771E-03,-7.981067621281));
#2412 = CARTESIAN_POINT('',(1.896690988869E-02,-7.967235910573));
#2413 = CARTESIAN_POINT('',(2.84592923034E-02,-7.954064399673));
#2414 = CARTESIAN_POINT('',(3.795687260366E-02,-7.941554576654));
#2415 = CARTESIAN_POINT('',(4.745933634419E-02,-7.929707929589));
#2416 = CARTESIAN_POINT('',(5.69663662405E-02,-7.918525946552));
#2417 = CARTESIAN_POINT('',(6.64776429065E-02,-7.908010115614));
#2418 = CARTESIAN_POINT('',(7.599284540803E-02,-7.898161924852));
#2419 = CARTESIAN_POINT('',(8.551165186857E-02,-7.888982862336));
#2420 = CARTESIAN_POINT('',(9.503374006315E-02,-7.880474416141));
#2421 = CARTESIAN_POINT('',(0.104558788017,-7.872638074339));
#2422 = CARTESIAN_POINT('',(0.114086474604,-7.865475325004));
#2423 = CARTESIAN_POINT('',(0.123616480146,-7.858987656209));
#2424 = CARTESIAN_POINT('',(0.133148487012,-7.853176556029));
#2425 = CARTESIAN_POINT('',(0.142682180214,-7.848043512534));
#2426 = CARTESIAN_POINT('',(0.152217248007,-7.8435900138));
#2427 = CARTESIAN_POINT('',(0.16175338248,-7.839817547899));
#2428 = CARTESIAN_POINT('',(0.171290280167,-7.836727602904));
#2429 = CARTESIAN_POINT('',(0.180827642568,-7.834321666889));
#2430 = CARTESIAN_POINT('',(0.19036517699,-7.832601227927));
#2431 = CARTESIAN_POINT('',(0.19990259621,-7.831567774091));
#2432 = CARTESIAN_POINT('',(0.20626061372,-7.831337787));
#2433 = CARTESIAN_POINT('',(0.20943951024,-7.831337787));
#2434 = ( GEOMETRIC_REPRESENTATION_CONTEXT(2) 
PARAMETRIC_REPRESENTATION_CONTEXT() REPRESENTATION_CONTEXT('2D SPACE',''
  ) );
#2435 = PCURVE('',#2099,#2436);
#2436 = DEFINITIONAL_REPRESENTATION('',(#2437),#2463);
#2437 = B_SPLINE_CURVE_WITH_KNOTS('',3,(#2438,#2439,#2440,#2441,#2442,
    #2443,#2444,#2445,#2446,#2447,#2448,#2449,#2450,#2451,#2452,#2453,
    #2454,#2455,#2456,#2457,#2458,#2459,#2460,#2461,#2462),
  .UNSPECIFIED.,.F.,.F.,(4,1,1,1,1,1,1,1,1,1,1,1,1,1,1,1,1,1,1,1,1,1,4),
  (0.,0.202499963064,0.404999926127,0.607499889191,0.809999852255,
    1.012499815318,1.214999778382,1.417499741445,1.619999704509,
    1.822499667573,2.024999630636,2.2274995937,2.429999556764,
    2.632499519827,2.834999482891,3.037499445955,3.239999409018,
    3.442499372082,3.644999335145,3.847499298209,4.049999261273,
    4.252499224336,4.4549991874),.UNSPECIFIED.);
#2438 = CARTESIAN_POINT('',(57.176971393524,-2.831568634613E-06));
#2439 = CARTESIAN_POINT('',(57.215132038519,-2.768537092436E-06));
#2440 = CARTESIAN_POINT('',(57.291450187349,-6.867337136205E-07));
#2441 = CARTESIAN_POINT('',(57.405917643227,6.937728867041E-06));
#2442 = CARTESIAN_POINT('',(57.520375005021,1.765008677465E-05));
#2443 = CARTESIAN_POINT('',(57.634821885916,3.020587367463E-05));
#2444 = CARTESIAN_POINT('',(57.749257874705,4.347881058378E-05));
#2445 = CARTESIAN_POINT('',(57.863682541674,5.648116994318E-05));
#2446 = CARTESIAN_POINT('',(57.978095452934,6.836441573733E-05));
#2447 = CARTESIAN_POINT('',(58.092496182905,7.842454910135E-05));
#2448 = CARTESIAN_POINT('',(58.206884327694,8.61055706636E-05));
#2449 = CARTESIAN_POINT('',(58.321259518605,9.100279840846E-05));
#2450 = CARTESIAN_POINT('',(58.435621435955,9.286554377532E-05));
#2451 = CARTESIAN_POINT('',(58.549969823121,9.159925119416E-05));
#2452 = CARTESIAN_POINT('',(58.664304500812,8.726705319862E-05));
#2453 = CARTESIAN_POINT('',(58.778625381533,8.009073333889E-05));
#2454 = CARTESIAN_POINT('',(58.892932484207,7.045107586873E-05));
#2455 = CARTESIAN_POINT('',(59.007225948998,5.888763744709E-05));
#2456 = CARTESIAN_POINT('',(59.121506052066,4.609777647161E-05));
#2457 = CARTESIAN_POINT('',(59.235773221112,3.293551619687E-05));
#2458 = CARTESIAN_POINT('',(59.350028048425,2.040811145299E-05));
#2459 = CARTESIAN_POINT('',(59.464271313604,9.678270495831E-06));
#2460 = CARTESIAN_POINT('',(59.578503970403,2.042379564918E-06));
#2461 = CARTESIAN_POINT('',(59.654652835228,1.109987053103E-08));
#2462 = CARTESIAN_POINT('',(59.6927259018,0.));
#2463 = ( GEOMETRIC_REPRESENTATION_CONTEXT(2) 
PARAMETRIC_REPRESENTATION_CONTEXT() REPRESENTATION_CONTEXT('2D SPACE',''
  ) );
#2464 = ADVANCED_FACE('',(#2465),#1204,.T.);
#2465 = FACE_BOUND('',#2466,.T.);
#2466 = EDGE_LOOP('',(#2467,#2468,#2469,#2538,#2612));
#2467 = ORIENTED_EDGE('',*,*,#1185,.T.);
#2468 = ORIENTED_EDGE('',*,*,#1879,.F.);
#2469 = ORIENTED_EDGE('',*,*,#2470,.F.);
#2470 = EDGE_CURVE('',#2471,#1852,#2473,.T.);
#2471 = VERTEX_POINT('',#2472);
#2472 = CARTESIAN_POINT('',(430.794149546,750.447521217,102.148717049));
#2473 = SURFACE_CURVE('',#2474,(#2480,#2509),.PCURVE_S1.);
#2474 = B_SPLINE_CURVE_WITH_KNOTS('',4,(#2475,#2476,#2477,#2478,#2479),
  .UNSPECIFIED.,.F.,.F.,(5,5),(0.,3.76128261924),
  .PIECEWISE_BEZIER_KNOTS.);
#2475 = CARTESIAN_POINT('',(430.794149546,750.447521217,102.148717049));
#2476 = CARTESIAN_POINT('',(430.178987534,749.7519725,102.161600268));
#2477 = CARTESIAN_POINT('',(429.464680665,749.142823163,102.174497063));
#2478 = CARTESIAN_POINT('',(428.671744563,748.641948221,102.186991626));
#2479 = CARTESIAN_POINT('',(427.825106277,748.260552869,102.198738376));
#2480 = PCURVE('',#1204,#2481);
#2481 = DEFINITIONAL_REPRESENTATION('',(#2482),#2508);
#2482 = B_SPLINE_CURVE_WITH_KNOTS('',3,(#2483,#2484,#2485,#2486,#2487,
    #2488,#2489,#2490,#2491,#2492,#2493,#2494,#2495,#2496,#2497,#2498,
    #2499,#2500,#2501,#2502,#2503,#2504,#2505,#2506,#2507),
  .UNSPECIFIED.,.F.,.F.,(4,1,1,1,1,1,1,1,1,1,1,1,1,1,1,1,1,1,1,1,1,1,4),
  (0.,0.170967391784,0.341934783567,0.512902175351,0.683869567135,
    0.854836958918,1.025804350702,1.196771742485,1.367739134269,
    1.538706526053,1.709673917836,1.88064130962,2.051608701404,
    2.222576093187,2.393543484971,2.564510876755,2.735478268538,
    2.906445660322,3.077413052105,3.248380443889,3.419347835673,
    3.590315227456,3.76128261924),.UNSPECIFIED.);
#2483 = CARTESIAN_POINT('',(0.,1.56938239547));
#2484 = CARTESIAN_POINT('',(5.698913056869E-02,1.56938239547));
#2485 = CARTESIAN_POINT('',(0.17096739171,1.56938239547));
#2486 = CARTESIAN_POINT('',(0.341934783434,1.56938239547));
#2487 = CARTESIAN_POINT('',(0.51290217517,1.56938239547));
#2488 = CARTESIAN_POINT('',(0.683869566918,1.56938239547));
#2489 = CARTESIAN_POINT('',(0.854836958677,1.56938239547));
#2490 = CARTESIAN_POINT('',(1.025804350448,1.56938239547));
#2491 = CARTESIAN_POINT('',(1.196771742229,1.56938239547));
#2492 = CARTESIAN_POINT('',(1.367739134019,1.56938239547));
#2493 = CARTESIAN_POINT('',(1.538706525818,1.56938239547));
#2494 = CARTESIAN_POINT('',(1.709673917623,1.56938239547));
#2495 = CARTESIAN_POINT('',(1.880641309435,1.56938239547));
#2496 = CARTESIAN_POINT('',(2.05160870125,1.56938239547));
#2497 = CARTESIAN_POINT('',(2.222576093068,1.56938239547));
#2498 = CARTESIAN_POINT('',(2.393543484885,1.56938239547));
#2499 = CARTESIAN_POINT('',(2.564510876701,1.56938239547));
#2500 = CARTESIAN_POINT('',(2.735478268514,1.56938239547));
#2501 = CARTESIAN_POINT('',(2.906445660321,1.56938239547));
#2502 = CARTESIAN_POINT('',(3.077413052119,1.56938239547));
#2503 = CARTESIAN_POINT('',(3.248380443907,1.56938239547));
#2504 = CARTESIAN_POINT('',(3.419347835683,1.56938239547));
#2505 = CARTESIAN_POINT('',(3.590315227444,1.56938239547));
#2506 = CARTESIAN_POINT('',(3.704293488606,1.56938239547));
#2507 = CARTESIAN_POINT('',(3.761282619184,1.56938239547));
#2508 = ( GEOMETRIC_REPRESENTATION_CONTEXT(2) 
PARAMETRIC_REPRESENTATION_CONTEXT() REPRESENTATION_CONTEXT('2D SPACE',''
  ) );
#2509 = PCURVE('',#1867,#2510);
#2510 = DEFINITIONAL_REPRESENTATION('',(#2511),#2537);
#2511 = B_SPLINE_CURVE_WITH_KNOTS('',3,(#2512,#2513,#2514,#2515,#2516,
    #2517,#2518,#2519,#2520,#2521,#2522,#2523,#2524,#2525,#2526,#2527,
    #2528,#2529,#2530,#2531,#2532,#2533,#2534,#2535,#2536),
  .UNSPECIFIED.,.F.,.F.,(4,1,1,1,1,1,1,1,1,1,1,1,1,1,1,1,1,1,1,1,1,1,4),
  (0.,0.170967391784,0.341934783567,0.512902175351,0.683869567135,
    0.854836958918,1.025804350702,1.196771742485,1.367739134269,
    1.538706526053,1.709673917836,1.88064130962,2.051608701404,
    2.222576093187,2.393543484971,2.564510876755,2.735478268538,
    2.906445660322,3.077413052105,3.248380443889,3.419347835673,
    3.590315227456,3.76128261924),.UNSPECIFIED.);
#2512 = CARTESIAN_POINT('',(0.423242343623,-19.787616249));
#2513 = CARTESIAN_POINT('',(0.416831313869,-19.78683544724));
#2514 = CARTESIAN_POINT('',(0.40400837888,-19.78527373382));
#2515 = CARTESIAN_POINT('',(0.384771786494,-19.78293175963));
#2516 = CARTESIAN_POINT('',(0.36553345529,-19.78059130992));
#2517 = CARTESIAN_POINT('',(0.346293785465,-19.77825330334));
#2518 = CARTESIAN_POINT('',(0.327053143507,-19.77591865207));
#2519 = CARTESIAN_POINT('',(0.307811857561,-19.7735882609));
#2520 = CARTESIAN_POINT('',(0.288570218978,-19.77126302748));
#2521 = CARTESIAN_POINT('',(0.269328482505,-19.76894384224));
#2522 = CARTESIAN_POINT('',(0.250086867146,-19.76663158844));
#2523 = CARTESIAN_POINT('',(0.230845557125,-19.76432714212));
#2524 = CARTESIAN_POINT('',(0.211604703095,-19.76203137214));
#2525 = CARTESIAN_POINT('',(0.192364423531,-19.75974514016));
#2526 = CARTESIAN_POINT('',(0.173124806326,-19.75746930066));
#2527 = CARTESIAN_POINT('',(0.153885910553,-19.75520470089));
#2528 = CARTESIAN_POINT('',(0.134647768388,-19.75295218095));
#2529 = CARTESIAN_POINT('',(0.11541038719,-19.7507125737));
#2530 = CARTESIAN_POINT('',(9.617375171518E-02,-19.74848670484));
#2531 = CARTESIAN_POINT('',(7.693782643726E-02,-19.74627539285));
#2532 = CARTESIAN_POINT('',(5.770255805621E-02,-19.74407944907));
#2533 = CARTESIAN_POINT('',(3.84678777858E-02,-19.74189967746));
#2534 = CARTESIAN_POINT('',(1.923370491814E-02,-19.73973687547));
#2535 = CARTESIAN_POINT('',(6.411198960806E-03,-19.73830684564));
#2536 = CARTESIAN_POINT('',(0.,-19.737594922));
#2537 = ( GEOMETRIC_REPRESENTATION_CONTEXT(2) 
PARAMETRIC_REPRESENTATION_CONTEXT() REPRESENTATION_CONTEXT('2D SPACE',''
  ) );
#2538 = ORIENTED_EDGE('',*,*,#2539,.T.);
#2539 = EDGE_CURVE('',#2471,#2540,#2542,.T.);
#2540 = VERTEX_POINT('',#2541);
#2541 = CARTESIAN_POINT('',(427.858509729,748.46230694,103.8661734));
#2542 = SURFACE_CURVE('',#2543,(#2549,#2578),.PCURVE_S1.);
#2543 = B_SPLINE_CURVE_WITH_KNOTS('',4,(#2544,#2545,#2546,#2547,#2548),
  .UNSPECIFIED.,.F.,.F.,(5,5),(0.,4.02084302713),
  .PIECEWISE_BEZIER_KNOTS.);
#2544 = CARTESIAN_POINT('',(430.794149546,750.447521217,102.148717049));
#2545 = CARTESIAN_POINT('',(430.206016859,749.78250741,102.592974316));
#2546 = CARTESIAN_POINT('',(429.504662394,749.216318184,103.037735905));
#2547 = CARTESIAN_POINT('',(428.712585456,748.772779535,103.466611599));
#2548 = CARTESIAN_POINT('',(427.858509729,748.46230694,103.8661734));
#2549 = PCURVE('',#1204,#2550);
#2550 = DEFINITIONAL_REPRESENTATION('',(#2551),#2577);
#2551 = B_SPLINE_CURVE_WITH_KNOTS('',3,(#2552,#2553,#2554,#2555,#2556,
    #2557,#2558,#2559,#2560,#2561,#2562,#2563,#2564,#2565,#2566,#2567,
    #2568,#2569,#2570,#2571,#2572,#2573,#2574,#2575,#2576),
  .UNSPECIFIED.,.F.,.F.,(4,1,1,1,1,1,1,1,1,1,1,1,1,1,1,1,1,1,1,1,1,1,4),
  (0.,0.182765592142,0.365531184285,0.548296776427,0.731062368569,
    0.913827960711,1.096593552854,1.279359144996,1.462124737138,
    1.64489032928,1.827655921423,2.010421513565,2.193187105707,
    2.37595269785,2.558718289992,2.741483882134,2.924249474276,
    3.107015066419,3.289780658561,3.472546250703,3.655311842845,
    3.838077434988,4.02084302713),.UNSPECIFIED.);
#2552 = CARTESIAN_POINT('',(0.,0.));
#2553 = CARTESIAN_POINT('',(6.092186408107E-02,0.));
#2554 = CARTESIAN_POINT('',(0.182765592231,0.));
#2555 = CARTESIAN_POINT('',(0.365531184426,0.));
#2556 = CARTESIAN_POINT('',(0.548296776594,0.));
#2557 = CARTESIAN_POINT('',(0.731062368742,0.));
#2558 = CARTESIAN_POINT('',(0.913827960872,0.));
#2559 = CARTESIAN_POINT('',(1.096593552989,0.));
#2560 = CARTESIAN_POINT('',(1.279359145097,0.));
#2561 = CARTESIAN_POINT('',(1.462124737199,0.));
#2562 = CARTESIAN_POINT('',(1.644890329298,0.));
#2563 = CARTESIAN_POINT('',(1.827655921397,0.));
#2564 = CARTESIAN_POINT('',(2.010421513497,0.));
#2565 = CARTESIAN_POINT('',(2.193187105602,0.));
#2566 = CARTESIAN_POINT('',(2.375952697712,0.));
#2567 = CARTESIAN_POINT('',(2.55871828983,0.));
#2568 = CARTESIAN_POINT('',(2.741483881956,0.));
#2569 = CARTESIAN_POINT('',(2.924249474093,0.));
#2570 = CARTESIAN_POINT('',(3.107015066239,0.));
#2571 = CARTESIAN_POINT('',(3.289780658396,0.));
#2572 = CARTESIAN_POINT('',(3.472546250564,0.));
#2573 = CARTESIAN_POINT('',(3.655311842743,0.));
#2574 = CARTESIAN_POINT('',(3.838077434933,0.));
#2575 = CARTESIAN_POINT('',(3.959921163067,-0.));
#2576 = CARTESIAN_POINT('',(4.020843027135,0.));
#2577 = ( GEOMETRIC_REPRESENTATION_CONTEXT(2) 
PARAMETRIC_REPRESENTATION_CONTEXT() REPRESENTATION_CONTEXT('2D SPACE',''
  ) );
#2578 = PCURVE('',#2579,#2584);
#2579 = CYLINDRICAL_SURFACE('',#2580,8.778);
#2580 = AXIS2_PLACEMENT_3D('',#2581,#2582,#2583);
#2581 = CARTESIAN_POINT('',(437.746669562,771.553326388,141.566953738));
#2582 = DIRECTION('',(0.304722500368,0.344426131564,0.887983579615));
#2583 = DIRECTION('',(0.416372359065,-0.88668864491,0.201040557087));
#2584 = DEFINITIONAL_REPRESENTATION('',(#2585),#2611);
#2585 = B_SPLINE_CURVE_WITH_KNOTS('',3,(#2586,#2587,#2588,#2589,#2590,
    #2591,#2592,#2593,#2594,#2595,#2596,#2597,#2598,#2599,#2600,#2601,
    #2602,#2603,#2604,#2605,#2606,#2607,#2608,#2609,#2610),
  .UNSPECIFIED.,.F.,.F.,(4,1,1,1,1,1,1,1,1,1,1,1,1,1,1,1,1,1,1,1,1,1,4),
  (0.,0.182765592142,0.365531184285,0.548296776427,0.731062368569,
    0.913827960711,1.096593552854,1.279359144996,1.462124737138,
    1.64489032928,1.827655921423,2.010421513565,2.193187105707,
    2.37595269785,2.558718289992,2.741483882134,2.924249474276,
    3.107015066419,3.289780658561,3.472546250703,3.655311842845,
    3.838077434988,4.02084302713),.UNSPECIFIED.);
#2586 = CARTESIAN_POINT('',(0.452442228295,-44.39072702892));
#2587 = CARTESIAN_POINT('',(0.445588782316,-44.39156171077));
#2588 = CARTESIAN_POINT('',(0.431880891813,-44.39323120065));
#2589 = CARTESIAN_POINT('',(0.41131658872,-44.39573468374));
#2590 = CARTESIAN_POINT('',(0.390750365599,-44.39823628125));
#2591 = CARTESIAN_POINT('',(0.370182703222,-44.40073487222));
#2592 = CARTESIAN_POINT('',(0.349614038326,-44.40322934413));
#2593 = CARTESIAN_POINT('',(0.329044757648,-44.40571859418));
#2594 = CARTESIAN_POINT('',(0.308475200075,-44.40820152884));
#2595 = CARTESIAN_POINT('',(0.287905657074,-44.41067706407));
#2596 = CARTESIAN_POINT('',(0.267336374022,-44.41314412519));
#2597 = CARTESIAN_POINT('',(0.246767551704,-44.41560164695));
#2598 = CARTESIAN_POINT('',(0.226199348171,-44.41804857349));
#2599 = CARTESIAN_POINT('',(0.205631880864,-44.42048385837));
#2600 = CARTESIAN_POINT('',(0.185065229007,-44.42290646455));
#2601 = CARTESIAN_POINT('',(0.164499436259,-44.42531536442));
#2602 = CARTESIAN_POINT('',(0.143934513578,-44.42770953973));
#2603 = CARTESIAN_POINT('',(0.123370442303,-44.4300879817));
#2604 = CARTESIAN_POINT('',(0.102807177412,-44.43244969089));
#2605 = CARTESIAN_POINT('',(8.224465093365E-02,-44.43479367734));
#2606 = CARTESIAN_POINT('',(6.168277555949E-02,-44.43711896039));
#2607 = CARTESIAN_POINT('',(4.112144813215E-02,-44.43942456907));
#2608 = CARTESIAN_POINT('',(2.056055411765E-02,-44.44170954084));
#2609 = CARTESIAN_POINT('',(6.85349726601E-03,-44.44321846437));
#2610 = CARTESIAN_POINT('',(0.,-44.44396916949));
#2611 = ( GEOMETRIC_REPRESENTATION_CONTEXT(2) 
PARAMETRIC_REPRESENTATION_CONTEXT() REPRESENTATION_CONTEXT('2D SPACE',''
  ) );
#2612 = ORIENTED_EDGE('',*,*,#2613,.T.);
#2613 = EDGE_CURVE('',#2540,#1186,#2614,.T.);
#2614 = SURFACE_CURVE('',#2615,(#2621,#2628),.PCURVE_S1.);
#2615 = B_SPLINE_CURVE_WITH_KNOTS('',4,(#2616,#2617,#2618,#2619,#2620),
  .UNSPECIFIED.,.F.,.F.,(5,5),(4.02084302714,7.52321547139),
  .PIECEWISE_BEZIER_KNOTS.);
#2616 = CARTESIAN_POINT('',(427.858509729,748.46230694,103.8661734));
#2617 = CARTESIAN_POINT('',(427.114563429,748.191868464,104.214213408));
#2618 = CARTESIAN_POINT('',(426.323576447,748.022391931,104.540011925));
#2619 = CARTESIAN_POINT('',(425.504532258,747.960760926,104.834694389));
#2620 = CARTESIAN_POINT('',(424.67999759,748.006138873,105.091091529));
#2621 = PCURVE('',#1204,#2622);
#2622 = DEFINITIONAL_REPRESENTATION('',(#2623),#2627);
#2623 = LINE('',#2624,#2625);
#2624 = CARTESIAN_POINT('',(8.116529670588E-11,-5.15511784852E-11));
#2625 = VECTOR('',#2626,1.);
#2626 = DIRECTION('',(1.,1.282098757331E-11));
#2627 = ( GEOMETRIC_REPRESENTATION_CONTEXT(2) 
PARAMETRIC_REPRESENTATION_CONTEXT() REPRESENTATION_CONTEXT('2D SPACE',''
  ) );
#2628 = PCURVE('',#1258,#2629);
#2629 = DEFINITIONAL_REPRESENTATION('',(#2630),#2656);
#2630 = B_SPLINE_CURVE_WITH_KNOTS('',3,(#2631,#2632,#2633,#2634,#2635,
    #2636,#2637,#2638,#2639,#2640,#2641,#2642,#2643,#2644,#2645,#2646,
    #2647,#2648,#2649,#2650,#2651,#2652,#2653,#2654,#2655),
  .UNSPECIFIED.,.F.,.F.,(4,1,1,1,1,1,1,1,1,1,1,1,1,1,1,1,1,1,1,1,1,1,4),
  (4.02084302714,4.180041774606,4.339240522072,4.498439269538,
    4.657638017004,4.81683676447,4.976035511935,5.135234259401,
    5.294433006867,5.453631754333,5.612830501799,5.772029249265,
    5.931227996731,6.090426744197,6.249625491663,6.408824239129,
    6.568022986595,6.72722173406,6.886420481526,7.045619228992,
    7.204817976458,7.364016723924,7.52321547139),.UNSPECIFIED.);
#2631 = CARTESIAN_POINT('',(3.141592653687,-44.44396916949));
#2632 = CARTESIAN_POINT('',(3.135622885578,-44.44462307556));
#2633 = CARTESIAN_POINT('',(3.123683394936,-44.44592518764));
#2634 = CARTESIAN_POINT('',(3.105774213843,-44.44786064419));
#2635 = CARTESIAN_POINT('',(3.087865004442,-44.4497777756));
#2636 = CARTESIAN_POINT('',(3.069955688151,-44.45167597574));
#2637 = CARTESIAN_POINT('',(3.052046191868,-44.45355464337));
#2638 = CARTESIAN_POINT('',(3.034136450163,-44.45541318279));
#2639 = CARTESIAN_POINT('',(3.016226407082,-44.45725100369));
#2640 = CARTESIAN_POINT('',(2.998316018008,-44.45906752119));
#2641 = CARTESIAN_POINT('',(2.980405251437,-44.4608621558));
#2642 = CARTESIAN_POINT('',(2.9624940907,-44.46263433347));
#2643 = CARTESIAN_POINT('',(2.944582535623,-44.46438348556));
#2644 = CARTESIAN_POINT('',(2.926670604101,-44.46610904883));
#2645 = CARTESIAN_POINT('',(2.90875833359,-44.46781046547));
#2646 = CARTESIAN_POINT('',(2.890845782506,-44.46948718308));
#2647 = CARTESIAN_POINT('',(2.872933031519,-44.47113865467));
#2648 = CARTESIAN_POINT('',(2.855020184746,-44.47276433869));
#2649 = CARTESIAN_POINT('',(2.837107370798,-44.47436369898));
#2650 = CARTESIAN_POINT('',(2.819194743796,-44.4759362048));
#2651 = CARTESIAN_POINT('',(2.801282483929,-44.47748133081));
#2652 = CARTESIAN_POINT('',(2.783370799073,-44.47899855721));
#2653 = CARTESIAN_POINT('',(2.765459921773,-44.48048736908));
#2654 = CARTESIAN_POINT('',(2.753520055838,-44.48146062899));
#2655 = CARTESIAN_POINT('',(2.74755034592,-44.48194235367));
#2656 = ( GEOMETRIC_REPRESENTATION_CONTEXT(2) 
PARAMETRIC_REPRESENTATION_CONTEXT() REPRESENTATION_CONTEXT('2D SPACE',''
  ) );
#2657 = ADVANCED_FACE('',(#2658),#1258,.T.);
#2658 = FACE_BOUND('',#2659,.T.);
#2659 = EDGE_LOOP('',(#2660,#2683,#2740,#2741,#2742));
#2660 = ORIENTED_EDGE('',*,*,#2661,.T.);
#2661 = EDGE_CURVE('',#2540,#2662,#2664,.T.);
#2662 = VERTEX_POINT('',#2663);
#2663 = CARTESIAN_POINT('',(431.215087782,752.256231563,113.64748899));
#2664 = SURFACE_CURVE('',#2665,(#2669,#2676),.PCURVE_S1.);
#2665 = LINE('',#2666,#2667);
#2666 = CARTESIAN_POINT('',(441.40158613,763.769973463,143.331687747));
#2667 = VECTOR('',#2668,1.);
#2668 = DIRECTION('',(0.304722500368,0.344426131564,0.887983579615));
#2669 = PCURVE('',#1258,#2670);
#2670 = DEFINITIONAL_REPRESENTATION('',(#2671),#2675);
#2671 = LINE('',#2672,#2673);
#2672 = CARTESIAN_POINT('',(3.141592653655,-9.375540344081E-10));
#2673 = VECTOR('',#2674,1.);
#2674 = DIRECTION('',(0.,1.));
#2675 = ( GEOMETRIC_REPRESENTATION_CONTEXT(2) 
PARAMETRIC_REPRESENTATION_CONTEXT() REPRESENTATION_CONTEXT('2D SPACE',''
  ) );
#2676 = PCURVE('',#2579,#2677);
#2677 = DEFINITIONAL_REPRESENTATION('',(#2678),#2682);
#2678 = LINE('',#2679,#2680);
#2679 = CARTESIAN_POINT('',(0.,-9.375540344081E-10));
#2680 = VECTOR('',#2681,1.);
#2681 = DIRECTION('',(0.,1.));
#2682 = ( GEOMETRIC_REPRESENTATION_CONTEXT(2) 
PARAMETRIC_REPRESENTATION_CONTEXT() REPRESENTATION_CONTEXT('2D SPACE',''
  ) );
#2683 = ORIENTED_EDGE('',*,*,#2684,.F.);
#2684 = EDGE_CURVE('',#1298,#2662,#2685,.T.);
#2685 = SURFACE_CURVE('',#2686,(#2691,#2697),.PCURVE_S1.);
#2686 = B_SPLINE_CURVE_WITH_KNOTS('',3,(#2687,#2688,#2689,#2690),
  .UNSPECIFIED.,.F.,.F.,(4,4),(0.,5.64045868469),
  .PIECEWISE_BEZIER_KNOTS.);
#2687 = CARTESIAN_POINT('',(427.560170836,751.855645506,115.057093766));
#2688 = CARTESIAN_POINT('',(428.821056249,751.709764325,114.680989547));
#2689 = CARTESIAN_POINT('',(430.081170625,751.847900564,114.19498698));
#2690 = CARTESIAN_POINT('',(431.215087782,752.256231563,113.64748899));
#2691 = PCURVE('',#1258,#2692);
#2692 = DEFINITIONAL_REPRESENTATION('',(#2693),#2696);
#2693 = B_SPLINE_CURVE_WITH_KNOTS('',1,(#2694,#2695),.UNSPECIFIED.,.F.,
  .F.,(2,2),(0.,5.64045868469),.PIECEWISE_BEZIER_KNOTS.);
#2694 = CARTESIAN_POINT('',(2.689150447267,-33.42877174177));
#2695 = CARTESIAN_POINT('',(3.141592653613,-33.42876990021));
#2696 = ( GEOMETRIC_REPRESENTATION_CONTEXT(2) 
PARAMETRIC_REPRESENTATION_CONTEXT() REPRESENTATION_CONTEXT('2D SPACE',''
  ) );
#2697 = PCURVE('',#2698,#2735);
#2698 = B_SPLINE_SURFACE_WITH_KNOTS('',5,5,(
    (#2699,#2700,#2701,#2702,#2703,#2704)
    ,(#2705,#2706,#2707,#2708,#2709,#2710)
    ,(#2711,#2712,#2713,#2714,#2715,#2716)
    ,(#2717,#2718,#2719,#2720,#2721,#2722)
    ,(#2723,#2724,#2725,#2726,#2727,#2728)
    ,(#2729,#2730,#2731,#2732,#2733,#2734
    )),.UNSPECIFIED.,.F.,.F.,.F.,(6,6),(6,6),(60.5732663326,
    68.8988803065),(0.,7.75015946191),.PIECEWISE_BEZIER_KNOTS.);
#2699 = CARTESIAN_POINT('',(429.146851227,753.055,121.465796403));
#2700 = CARTESIAN_POINT('',(430.632939744,753.055,121.465796403));
#2701 = CARTESIAN_POINT('',(432.119028261,753.369487793,121.465796403));
#2702 = CARTESIAN_POINT('',(433.516223023,753.998878141,121.465796403));
#2703 = CARTESIAN_POINT('',(434.736472499,754.90350672,121.465796403));
#2704 = CARTESIAN_POINT('',(435.721184544,756.016521217,121.465796403));
#2705 = CARTESIAN_POINT('',(429.146851221,753.054999996,120.125723265));
#2706 = CARTESIAN_POINT('',(430.632939737,753.054999998,120.026304381));
#2707 = CARTESIAN_POINT('',(432.119028254,753.369487792,119.903105074));
#2708 = CARTESIAN_POINT('',(433.516223015,753.998878139,119.762040948));
#2709 = CARTESIAN_POINT('',(434.736472492,754.903506717,119.612001896));
#2710 = CARTESIAN_POINT('',(435.721184538,756.01652121,119.461962845));
#2711 = CARTESIAN_POINT('',(428.979281801,752.928335998,118.785615086));
#2712 = CARTESIAN_POINT('',(430.46815785,752.909541599,118.586774794));
#2713 = CARTESIAN_POINT('',(431.957033899,753.207685916,118.340373039));
#2714 = CARTESIAN_POINT('',(433.355516694,753.82432307,118.058241178));
#2715 = CARTESIAN_POINT('',(434.574094164,754.719971082,117.758159225));
#2716 = CARTESIAN_POINT('',(435.553615118,755.827118435,117.458077263));
#2717 = CARTESIAN_POINT('',(428.643837482,752.674777156,117.478930527));
#2718 = CARTESIAN_POINT('',(430.13829179,752.618347097,117.185828151));
#2719 = CARTESIAN_POINT('',(431.632746098,752.883773969,116.820156245));
#2720 = CARTESIAN_POINT('',(433.033806651,753.474885691,116.399809786));
#2721 = CARTESIAN_POINT('',(434.249038787,754.352561134,115.951989752));
#2722 = CARTESIAN_POINT('',(435.218170788,755.447967592,115.504169716));
#2723 = CARTESIAN_POINT('',(428.163288028,752.311534725,116.232443666));
#2724 = CARTESIAN_POINT('',(429.665872161,752.20189925,115.854564415));
#2725 = CARTESIAN_POINT('',(431.168456294,752.420513467,115.376785964));
#2726 = CARTESIAN_POINT('',(432.57325578,752.974806144,114.823316885));
#2727 = CARTESIAN_POINT('',(433.783570275,753.826444332,114.231797137));
#2728 = CARTESIAN_POINT('',(434.737621342,754.904805251,113.64027739));
#2729 = CARTESIAN_POINT('',(427.560170836,751.855644592,115.05709412));
#2730 = CARTESIAN_POINT('',(429.073232879,751.680588501,114.605768698));
#2731 = CARTESIAN_POINT('',(430.586294922,751.840588706,114.024483691));
#2732 = CARTESIAN_POINT('',(431.995875918,752.348188099,113.343884783));
#2733 = CARTESIAN_POINT('',(433.199768978,753.166581306,112.613321317));
#2734 = CARTESIAN_POINT('',(434.134504159,754.223105285,111.882757849));
#2735 = DEFINITIONAL_REPRESENTATION('',(#2736),#2739);
#2736 = B_SPLINE_CURVE_WITH_KNOTS('',1,(#2737,#2738),.UNSPECIFIED.,.F.,
  .F.,(2,2),(0.,5.64045868469),.PIECEWISE_BEZIER_KNOTS.);
#2737 = CARTESIAN_POINT('',(68.898880305946,-2.042150983662E-10));
#2738 = CARTESIAN_POINT('',(68.898880305162,3.875080577718));
#2739 = ( GEOMETRIC_REPRESENTATION_CONTEXT(2) 
PARAMETRIC_REPRESENTATION_CONTEXT() REPRESENTATION_CONTEXT('2D SPACE',''
  ) );
#2740 = ORIENTED_EDGE('',*,*,#1297,.T.);
#2741 = ORIENTED_EDGE('',*,*,#1241,.F.);
#2742 = ORIENTED_EDGE('',*,*,#2613,.F.);
#2743 = ADVANCED_FACE('',(#2744),#1334,.F.);
#2744 = FACE_BOUND('',#2745,.F.);
#2745 = EDGE_LOOP('',(#2746,#2769,#2835,#2836));
#2746 = ORIENTED_EDGE('',*,*,#2747,.F.);
#2747 = EDGE_CURVE('',#2748,#1434,#2750,.T.);
#2748 = VERTEX_POINT('',#2749);
#2749 = CARTESIAN_POINT('',(428.74675387,752.752580258,118.205810567));
#2750 = SURFACE_CURVE('',#2751,(#2755,#2762),.PCURVE_S1.);
#2751 = LINE('',#2752,#2753);
#2752 = CARTESIAN_POINT('',(420.487443862,752.752580258,118.205810567));
#2753 = VECTOR('',#2754,1.);
#2754 = DIRECTION('',(-1.,0.,0.));
#2755 = PCURVE('',#1334,#2756);
#2756 = DEFINITIONAL_REPRESENTATION('',(#2757),#2761);
#2757 = LINE('',#2758,#2759);
#2758 = CARTESIAN_POINT('',(0.,9.999894245993E-10));
#2759 = VECTOR('',#2760,1.);
#2760 = DIRECTION('',(0.,1.));
#2761 = ( GEOMETRIC_REPRESENTATION_CONTEXT(2) 
PARAMETRIC_REPRESENTATION_CONTEXT() REPRESENTATION_CONTEXT('2D SPACE',''
  ) );
#2762 = PCURVE('',#1474,#2763);
#2763 = DEFINITIONAL_REPRESENTATION('',(#2764),#2768);
#2764 = LINE('',#2765,#2766);
#2765 = CARTESIAN_POINT('',(3.14159265361,9.999894245993E-10));
#2766 = VECTOR('',#2767,1.);
#2767 = DIRECTION('',(0.,1.));
#2768 = ( GEOMETRIC_REPRESENTATION_CONTEXT(2) 
PARAMETRIC_REPRESENTATION_CONTEXT() REPRESENTATION_CONTEXT('2D SPACE',''
  ) );
#2769 = ORIENTED_EDGE('',*,*,#2770,.T.);
#2770 = EDGE_CURVE('',#2748,#1298,#2771,.T.);
#2771 = SURFACE_CURVE('',#2772,(#2777,#2806),.PCURVE_S1.);
#2772 = B_SPLINE_CURVE_WITH_KNOTS('',3,(#2773,#2774,#2775,#2776),
  .UNSPECIFIED.,.F.,.F.,(4,4),(0.,4.94729761613),
  .PIECEWISE_BEZIER_KNOTS.);
#2773 = CARTESIAN_POINT('',(428.74675387,752.752580258,118.205810567));
#2774 = CARTESIAN_POINT('',(428.472645053,752.545224309,117.097813853));
#2775 = CARTESIAN_POINT('',(428.064609723,752.236947187,116.040148005));
#2776 = CARTESIAN_POINT('',(427.560170835,751.855642005,115.057084741));
#2777 = PCURVE('',#1334,#2778);
#2778 = DEFINITIONAL_REPRESENTATION('',(#2779),#2805);
#2779 = B_SPLINE_CURVE_WITH_KNOTS('',3,(#2780,#2781,#2782,#2783,#2784,
    #2785,#2786,#2787,#2788,#2789,#2790,#2791,#2792,#2793,#2794,#2795,
    #2796,#2797,#2798,#2799,#2800,#2801,#2802,#2803,#2804),
  .UNSPECIFIED.,.F.,.F.,(4,1,1,1,1,1,1,1,1,1,1,1,1,1,1,1,1,1,1,1,1,1,4),
  (0.,0.22487716437,0.449754328739,0.674631493109,0.899508657478,
    1.124385821848,1.349262986217,1.574140150587,1.799017314956,
    2.023894479326,2.248771643695,2.473648808065,2.698525972435,
    2.923403136804,3.148280301174,3.373157465543,3.598034629913,
    3.822911794282,4.047788958652,4.272666123021,4.497543287391,
    4.72242045176,4.94729761613),.UNSPECIFIED.);
#2780 = CARTESIAN_POINT('',(0.,-8.259310007));
#2781 = CARTESIAN_POINT('',(2.891198554545E-03,-8.246850515318));
#2782 = CARTESIAN_POINT('',(8.666393782254E-03,-8.221378116612));
#2783 = CARTESIAN_POINT('',(1.730730396484E-02,-8.181530416186));
#2784 = CARTESIAN_POINT('',(2.592606031693E-02,-8.140064757059));
#2785 = CARTESIAN_POINT('',(3.452237121536E-02,-8.097002282894));
#2786 = CARTESIAN_POINT('',(4.309593221843E-02,-8.052364137355));
#2787 = CARTESIAN_POINT('',(5.16464245788E-02,-8.006171464104));
#2788 = CARTESIAN_POINT('',(6.017351620352E-02,-7.958445406806));
#2789 = CARTESIAN_POINT('',(6.867686196095E-02,-7.909207109125));
#2790 = CARTESIAN_POINT('',(7.715610416508E-02,-7.858477714723));
#2791 = CARTESIAN_POINT('',(8.561087301386E-02,-7.806278367265));
#2792 = CARTESIAN_POINT('',(9.404078704104E-02,-7.752630210413));
#2793 = CARTESIAN_POINT('',(0.102445453565,-7.697554387833));
#2794 = CARTESIAN_POINT('',(0.110824469138,-7.641072043186));
#2795 = CARTESIAN_POINT('',(0.119177419995,-7.583204320138));
#2796 = CARTESIAN_POINT('',(0.127503882501,-7.523972362351));
#2797 = CARTESIAN_POINT('',(0.135803423598,-7.463397313489));
#2798 = CARTESIAN_POINT('',(0.144075601248,-7.401500317216));
#2799 = CARTESIAN_POINT('',(0.152319964865,-7.338302517195));
#2800 = CARTESIAN_POINT('',(0.160536055805,-7.273825057089));
#2801 = CARTESIAN_POINT('',(0.168723407586,-7.208089080564));
#2802 = CARTESIAN_POINT('',(0.176881547136,-7.141115731281));
#2803 = CARTESIAN_POINT('',(0.182300510478,-7.095656012364));
#2804 = CARTESIAN_POINT('',(0.185004963116,-7.072726972));
#2805 = ( GEOMETRIC_REPRESENTATION_CONTEXT(2) 
PARAMETRIC_REPRESENTATION_CONTEXT() REPRESENTATION_CONTEXT('2D SPACE',''
  ) );
#2806 = PCURVE('',#2698,#2807);
#2807 = DEFINITIONAL_REPRESENTATION('',(#2808),#2834);
#2808 = B_SPLINE_CURVE_WITH_KNOTS('',3,(#2809,#2810,#2811,#2812,#2813,
    #2814,#2815,#2816,#2817,#2818,#2819,#2820,#2821,#2822,#2823,#2824,
    #2825,#2826,#2827,#2828,#2829,#2830,#2831,#2832,#2833),
  .UNSPECIFIED.,.F.,.F.,(4,1,1,1,1,1,1,1,1,1,1,1,1,1,1,1,1,1,1,1,1,1,4),
  (0.,0.22487716437,0.449754328739,0.674631493109,0.899508657478,
    1.124385821848,1.349262986217,1.574140150587,1.799017314956,
    2.023894479326,2.248771643695,2.473648808065,2.698525972435,
    2.923403136804,3.148280301174,3.373157465543,3.598034629913,
    3.822911794282,4.047788958652,4.272666123021,4.497543287391,
    4.72242045176,4.94729761613),.UNSPECIFIED.);
#2809 = CARTESIAN_POINT('',(64.670669458298,3.575940730475E-05));
#2810 = CARTESIAN_POINT('',(64.73541290571,4.539640132304E-05));
#2811 = CARTESIAN_POINT('',(64.864837299139,5.791021375316E-05));
#2812 = CARTESIAN_POINT('',(65.0587893417,6.030856513766E-05));
#2813 = CARTESIAN_POINT('',(65.252560081542,5.038835911287E-05));
#2814 = CARTESIAN_POINT('',(65.446151754582,3.169362950567E-05));
#2815 = CARTESIAN_POINT('',(65.639565963171,7.427153797191E-06));
#2816 = CARTESIAN_POINT('',(65.832803602184,-1.959978559386E-05));
#2817 = CARTESIAN_POINT('',(66.025864904345,-4.695707874017E-05));
#2818 = CARTESIAN_POINT('',(66.218749452416,-7.259983728063E-05));
#2819 = CARTESIAN_POINT('',(66.411456199048,-9.486682601939E-05));
#2820 = CARTESIAN_POINT('',(66.603983483356,-1.124787294739E-04));
#2821 = CARTESIAN_POINT('',(66.796329047112,-1.245348916953E-04));
#2822 = CARTESIAN_POINT('',(66.988490049789,-1.305089935001E-04));
#2823 = CARTESIAN_POINT('',(67.180463082651,-1.302436474402E-04));
#2824 = CARTESIAN_POINT('',(67.372244181831,-1.239440199405E-04));
#2825 = CARTESIAN_POINT('',(67.563828840455,-1.12170533709E-04));
#2826 = CARTESIAN_POINT('',(67.755212019692,-9.583081412176E-05));
#2827 = CARTESIAN_POINT('',(67.946388159241,-7.617065183333E-05));
#2828 = CARTESIAN_POINT('',(68.137351185414,-5.476515728596E-05));
#2829 = CARTESIAN_POINT('',(68.328094523848,-3.35061208146E-05));
#2830 = CARTESIAN_POINT('',(68.518611090674,-1.460073138574E-05));
#2831 = CARTESIAN_POINT('',(68.708893360021,-5.254564453014E-07));
#2832 = CARTESIAN_POINT('',(68.83558654849,3.728113280042E-06));
#2833 = CARTESIAN_POINT('',(68.898891395009,4.113436078933E-06));
#2834 = ( GEOMETRIC_REPRESENTATION_CONTEXT(2) 
PARAMETRIC_REPRESENTATION_CONTEXT() REPRESENTATION_CONTEXT('2D SPACE',''
  ) );
#2835 = ORIENTED_EDGE('',*,*,#1320,.F.);
#2836 = ORIENTED_EDGE('',*,*,#1433,.F.);
#2837 = ADVANCED_FACE('',(#2838),#1365,.T.);
#2838 = FACE_BOUND('',#2839,.T.);
#2839 = EDGE_LOOP('',(#2840,#2868,#2972,#2973));
#2840 = ORIENTED_EDGE('',*,*,#2841,.F.);
#2841 = EDGE_CURVE('',#2842,#1409,#2844,.T.);
#2842 = VERTEX_POINT('',#2843);
#2843 = CARTESIAN_POINT('',(429.146851227,755.333,121.465796403));
#2844 = SURFACE_CURVE('',#2845,(#2849,#2856),.PCURVE_S1.);
#2845 = LINE('',#2846,#2847);
#2846 = CARTESIAN_POINT('',(420.487443862,755.333,121.465796403));
#2847 = VECTOR('',#2848,1.);
#2848 = DIRECTION('',(-1.,0.,0.));
#2849 = PCURVE('',#1365,#2850);
#2850 = DEFINITIONAL_REPRESENTATION('',(#2851),#2855);
#2851 = LINE('',#2852,#2853);
#2852 = CARTESIAN_POINT('',(0.,9.999894245993E-10));
#2853 = VECTOR('',#2854,1.);
#2854 = DIRECTION('',(0.,1.));
#2855 = ( GEOMETRIC_REPRESENTATION_CONTEXT(2) 
PARAMETRIC_REPRESENTATION_CONTEXT() REPRESENTATION_CONTEXT('2D SPACE',''
  ) );
#2856 = PCURVE('',#2857,#2862);
#2857 = PLANE('',#2858);
#2858 = AXIS2_PLACEMENT_3D('',#2859,#2860,#2861);
#2859 = CARTESIAN_POINT('',(312.637390137,755.333,360.));
#2860 = DIRECTION('',(0.,-1.,0.));
#2861 = DIRECTION('',(1.,0.,0.));
#2862 = DEFINITIONAL_REPRESENTATION('',(#2863),#2867);
#2863 = LINE('',#2864,#2865);
#2864 = CARTESIAN_POINT('',(107.850053725,-238.534203597));
#2865 = VECTOR('',#2866,1.);
#2866 = DIRECTION('',(-1.,0.));
#2867 = ( GEOMETRIC_REPRESENTATION_CONTEXT(2) 
PARAMETRIC_REPRESENTATION_CONTEXT() REPRESENTATION_CONTEXT('2D SPACE',''
  ) );
#2868 = ORIENTED_EDGE('',*,*,#2869,.T.);
#2869 = EDGE_CURVE('',#2842,#1350,#2870,.T.);
#2870 = SURFACE_CURVE('',#2871,(#2877,#2906),.PCURVE_S1.);
#2871 = B_SPLINE_CURVE_WITH_KNOTS('',4,(#2872,#2873,#2874,#2875,#2876),
  .UNSPECIFIED.,.F.,.F.,(5,5),(0.,10.8243677055),
  .PIECEWISE_BEZIER_KNOTS.);
#2872 = CARTESIAN_POINT('',(429.146851227,755.333,121.465796403));
#2873 = CARTESIAN_POINT('',(429.14685122,755.333,119.563658183));
#2874 = CARTESIAN_POINT('',(428.861508492,755.089632681,117.661706591));
#2875 = CARTESIAN_POINT('',(428.306621263,754.616245262,115.874993801));
#2876 = CARTESIAN_POINT('',(427.560170835,753.979475573,114.233303838));
#2877 = PCURVE('',#1365,#2878);
#2878 = DEFINITIONAL_REPRESENTATION('',(#2879),#2905);
#2879 = B_SPLINE_CURVE_WITH_KNOTS('',3,(#2880,#2881,#2882,#2883,#2884,
    #2885,#2886,#2887,#2888,#2889,#2890,#2891,#2892,#2893,#2894,#2895,
    #2896,#2897,#2898,#2899,#2900,#2901,#2902,#2903,#2904),
  .UNSPECIFIED.,.F.,.F.,(4,1,1,1,1,1,1,1,1,1,1,1,1,1,1,1,1,1,1,1,1,1,4),
  (0.,0.492016713886,0.984033427773,1.476050141659,1.968066855545,
    2.460083569432,2.952100283318,3.444116997205,3.936133711091,
    4.428150424977,4.920167138864,5.41218385275,5.904200566636,
    6.396217280523,6.888233994409,7.380250708295,7.872267422182,
    8.364284136068,8.856300849955,9.348317563841,9.840334277727,
    10.332350991614,10.8243677055),.UNSPECIFIED.);
#2880 = CARTESIAN_POINT('',(0.,-8.659407364));
#2881 = CARTESIAN_POINT('',(5.764083419278E-03,-8.659407894474));
#2882 = CARTESIAN_POINT('',(1.729206613471E-02,-8.657048735065));
#2883 = CARTESIAN_POINT('',(3.457637015078E-02,-8.64647512418));
#2884 = CARTESIAN_POINT('',(5.184575289259E-02,-8.628909931541));
#2885 = CARTESIAN_POINT('',(6.909343049615E-02,-8.604405194676));
#2886 = CARTESIAN_POINT('',(8.631292768527E-02,-8.573018685051));
#2887 = CARTESIAN_POINT('',(0.103498120355,-8.534814715556));
#2888 = CARTESIAN_POINT('',(0.120643221982,-8.489863924142));
#2889 = CARTESIAN_POINT('',(0.137742782852,-8.438243331791));
#2890 = CARTESIAN_POINT('',(0.15479168366,-8.380036326986));
#2891 = CARTESIAN_POINT('',(0.171785128441,-8.315332669871));
#2892 = CARTESIAN_POINT('',(0.188718635579,-8.244228491138));
#2893 = CARTESIAN_POINT('',(0.2055880273,-8.166826292326));
#2894 = CARTESIAN_POINT('',(0.22238941762,-8.083234945724));
#2895 = CARTESIAN_POINT('',(0.239119198865,-7.993569694469));
#2896 = CARTESIAN_POINT('',(0.255774026824,-7.897952152247));
#2897 = CARTESIAN_POINT('',(0.272350804659,-7.796510304403));
#2898 = CARTESIAN_POINT('',(0.288846665554,-7.689378503783));
#2899 = CARTESIAN_POINT('',(0.305258954632,-7.576697486265));
#2900 = CARTESIAN_POINT('',(0.321585208594,-7.458614312788));
#2901 = CARTESIAN_POINT('',(0.337823139304,-7.335282585715));
#2902 = CARTESIAN_POINT('',(0.353970598578,-7.206861641345));
#2903 = CARTESIAN_POINT('',(0.3646739392,-7.117966922777));
#2904 = CARTESIAN_POINT('',(0.370009863814,-7.072726972));
#2905 = ( GEOMETRIC_REPRESENTATION_CONTEXT(2) 
PARAMETRIC_REPRESENTATION_CONTEXT() REPRESENTATION_CONTEXT('2D SPACE',''
  ) );
#2906 = PCURVE('',#2907,#2944);
#2907 = B_SPLINE_SURFACE_WITH_KNOTS('',5,5,(
    (#2908,#2909,#2910,#2911,#2912,#2913)
    ,(#2914,#2915,#2916,#2917,#2918,#2919)
    ,(#2920,#2921,#2922,#2923,#2924,#2925)
    ,(#2926,#2927,#2928,#2929,#2930,#2931)
    ,(#2932,#2933,#2934,#2935,#2936,#2937)
    ,(#2938,#2939,#2940,#2941,#2942,#2943
    )),.UNSPECIFIED.,.F.,.F.,.F.,(6,6),(6,6),(60.5732663326,
    69.3366168134),(0.,5.73889684556),.PIECEWISE_BEZIER_KNOTS.);
#2908 = CARTESIAN_POINT('',(429.146851227,755.333,121.465796403));
#2909 = CARTESIAN_POINT('',(430.24728132,755.333,121.465796403));
#2910 = CARTESIAN_POINT('',(431.347711414,755.565874306,121.465796403));
#2911 = CARTESIAN_POINT('',(432.382316786,756.031930043,121.465796403));
#2912 = CARTESIAN_POINT('',(433.285896371,756.701796273,121.465796403));
#2913 = CARTESIAN_POINT('',(434.015063412,757.525969687,121.465796403));
#2914 = CARTESIAN_POINT('',(429.146851221,755.332999995,119.953469196));
#2915 = CARTESIAN_POINT('',(430.247281314,755.332999997,119.879850746));
#2916 = CARTESIAN_POINT('',(431.347711407,755.565874303,119.788623189));
#2917 = CARTESIAN_POINT('',(432.382316778,756.03193004,119.684166956));
#2918 = CARTESIAN_POINT('',(433.285896364,756.701796268,119.573064901));
#2919 = CARTESIAN_POINT('',(434.015063406,757.52596968,119.461962846));
#2920 = CARTESIAN_POINT('',(428.979281801,755.190054507,118.441102469));
#2921 = CARTESIAN_POINT('',(430.081776027,755.176137487,118.293863702));
#2922 = CARTESIAN_POINT('',(431.184270253,755.396909641,118.111406262));
#2923 = CARTESIAN_POINT('',(432.219829406,755.853521808,117.902491122));
#2924 = CARTESIAN_POINT('',(433.122170883,756.516738038,117.680284162));
#2925 = CARTESIAN_POINT('',(433.847493986,757.336566905,117.458077195));
#2926 = CARTESIAN_POINT('',(428.643837482,754.903903005,116.9664556));
#2927 = CARTESIAN_POINT('',(429.750462342,754.862117245,116.74941693));
#2928 = CARTESIAN_POINT('',(430.857087202,755.058662545,116.478641424));
#2929 = CARTESIAN_POINT('',(431.89455515,755.496373429,116.16738009));
#2930 = CARTESIAN_POINT('',(432.794419453,756.146281197,115.835774918));
#2931 = CARTESIAN_POINT('',(433.512049667,756.957416075,115.504169742));
#2932 = CARTESIAN_POINT('',(428.163288028,754.493969105,115.559744333));
#2933 = CARTESIAN_POINT('',(429.275932921,754.412785396,115.27992944));
#2934 = CARTESIAN_POINT('',(430.388577814,754.574666509,114.92614043));
#2935 = CARTESIAN_POINT('',(431.42881439,754.985113352,114.51630345));
#2936 = CARTESIAN_POINT('',(432.325037245,755.615740855,114.078290422));
#2937 = CARTESIAN_POINT('',(433.031500213,756.414253724,113.640277394));
#2938 = CARTESIAN_POINT('',(427.560170836,753.979478494,114.233314428));
#2939 = CARTESIAN_POINT('',(428.680574489,753.849851634,113.899113557));
#2940 = CARTESIAN_POINT('',(429.800978142,753.968329801,113.468679228));
#2941 = CARTESIAN_POINT('',(430.844755366,754.34420085,112.964704187));
#2942 = CARTESIAN_POINT('',(431.736223226,754.950210858,112.423731012));
#2943 = CARTESIAN_POINT('',(432.428383021,755.732553747,111.882757836));
#2944 = DEFINITIONAL_REPRESENTATION('',(#2945),#2971);
#2945 = B_SPLINE_CURVE_WITH_KNOTS('',3,(#2946,#2947,#2948,#2949,#2950,
    #2951,#2952,#2953,#2954,#2955,#2956,#2957,#2958,#2959,#2960,#2961,
    #2962,#2963,#2964,#2965,#2966,#2967,#2968,#2969,#2970),
  .UNSPECIFIED.,.F.,.F.,(4,1,1,1,1,1,1,1,1,1,1,1,1,1,1,1,1,1,1,1,1,1,4),
  (0.,0.492016713886,0.984033427773,1.476050141659,1.968066855545,
    2.460083569432,2.952100283318,3.444116997205,3.936133711091,
    4.428150424977,4.920167138864,5.41218385275,5.904200566636,
    6.396217280523,6.888233994409,7.380250708295,7.872267422182,
    8.364284136068,8.856300849955,9.348317563841,9.840334277727,
    10.332350991614,10.8243677055),.UNSPECIFIED.);
#2946 = CARTESIAN_POINT('',(60.5732663326,0.));
#2947 = CARTESIAN_POINT('',(60.70686832321,-6.883703847191E-07));
#2948 = CARTESIAN_POINT('',(60.974069446156,-2.170574170908E-05));
#2949 = CARTESIAN_POINT('',(61.374821723414,-8.712821489264E-05));
#2950 = CARTESIAN_POINT('',(61.775483015536,-1.583594083925E-04));
#2951 = CARTESIAN_POINT('',(62.176014354284,-2.180293977732E-04));
#2952 = CARTESIAN_POINT('',(62.57637932821,-2.5470248857E-04));
#2953 = CARTESIAN_POINT('',(62.976544754484,-2.629662183401E-04));
#2954 = CARTESIAN_POINT('',(63.376480959416,-2.421484115429E-04));
#2955 = CARTESIAN_POINT('',(63.776161962815,-1.953706112644E-04));
#2956 = CARTESIAN_POINT('',(64.175565487786,-1.285140001196E-04));
#2957 = CARTESIAN_POINT('',(64.57467282182,-4.92429029113E-05));
#2958 = CARTESIAN_POINT('',(64.973468530763,3.392472632559E-05));
#2959 = CARTESIAN_POINT('',(65.371940036759,1.124726139157E-04));
#2960 = CARTESIAN_POINT('',(65.77007707109,1.786545381963E-04));
#2961 = CARTESIAN_POINT('',(66.167871014354,2.261638024089E-04));
#2962 = CARTESIAN_POINT('',(66.565314137663,2.506960351239E-04));
#2963 = CARTESIAN_POINT('',(66.962398756336,2.504018506082E-04));
#2964 = CARTESIAN_POINT('',(67.359116316785,2.262255129282E-04));
#2965 = CARTESIAN_POINT('',(67.75545640235,1.821427154979E-04));
#2966 = CARTESIAN_POINT('',(68.151405772524,1.252609512396E-04));
#2967 = CARTESIAN_POINT('',(68.546947067537,6.59433086834E-05));
#2968 = CARTESIAN_POINT('',(68.942058608446,1.739024842738E-05));
#2969 = CARTESIAN_POINT('',(69.205159542613,3.68532238733E-06));
#2970 = CARTESIAN_POINT('',(69.336628670095,4.178718035081E-06));
#2971 = ( GEOMETRIC_REPRESENTATION_CONTEXT(2) 
PARAMETRIC_REPRESENTATION_CONTEXT() REPRESENTATION_CONTEXT('2D SPACE',''
  ) );
#2972 = ORIENTED_EDGE('',*,*,#1349,.F.);
#2973 = ORIENTED_EDGE('',*,*,#1408,.F.);
#2974 = ADVANCED_FACE('',(#2975),#1391,.F.);
#2975 = FACE_BOUND('',#2976,.F.);
#2976 = EDGE_LOOP('',(#2977,#3000,#3001,#3002,#3076));
#2977 = ORIENTED_EDGE('',*,*,#2978,.F.);
#2978 = EDGE_CURVE('',#1350,#2979,#2981,.T.);
#2979 = VERTEX_POINT('',#2980);
#2980 = CARTESIAN_POINT('',(432.428383159,755.732553904,111.882754281));
#2981 = SURFACE_CURVE('',#2982,(#2988,#2994),.PCURVE_S1.);
#2982 = B_SPLINE_CURVE_WITH_KNOTS('',4,(#2983,#2984,#2985,#2986,#2987),
  .UNSPECIFIED.,.F.,.F.,(5,5),(0.,8.31804658368),
  .PIECEWISE_BEZIER_KNOTS.);
#2983 = CARTESIAN_POINT('',(427.560167892,753.979476024,114.233305001));
#2984 = CARTESIAN_POINT('',(428.960672437,753.817441032,113.815553852));
#2985 = CARTESIAN_POINT('',(430.363565628,754.069582395,113.23633319));
#2986 = CARTESIAN_POINT('',(431.563179433,754.75461961,112.558961887));
#2987 = CARTESIAN_POINT('',(432.428379005,755.732549208,111.882746133));
#2988 = PCURVE('',#1391,#2989);
#2989 = DEFINITIONAL_REPRESENTATION('',(#2990),#2993);
#2990 = B_SPLINE_CURVE_WITH_KNOTS('',1,(#2991,#2992),.UNSPECIFIED.,.F.,
  .F.,(2,2),(0.,8.31804658368),.PIECEWISE_BEZIER_KNOTS.);
#2991 = CARTESIAN_POINT('',(0.,-33.42878080585));
#2992 = CARTESIAN_POINT('',(0.904884176483,-33.42878080577));
#2993 = ( GEOMETRIC_REPRESENTATION_CONTEXT(2) 
PARAMETRIC_REPRESENTATION_CONTEXT() REPRESENTATION_CONTEXT('2D SPACE',''
  ) );
#2994 = PCURVE('',#2907,#2995);
#2995 = DEFINITIONAL_REPRESENTATION('',(#2996),#2999);
#2996 = B_SPLINE_CURVE_WITH_KNOTS('',1,(#2997,#2998),.UNSPECIFIED.,.F.,
  .F.,(2,2),(0.,8.31804658368),.PIECEWISE_BEZIER_KNOTS.);
#2997 = CARTESIAN_POINT('',(69.336628338359,1.046864677462E-06));
#2998 = CARTESIAN_POINT('',(69.336628484,5.738896845795));
#2999 = ( GEOMETRIC_REPRESENTATION_CONTEXT(2) 
PARAMETRIC_REPRESENTATION_CONTEXT() REPRESENTATION_CONTEXT('2D SPACE',''
  ) );
#3000 = ORIENTED_EDGE('',*,*,#1377,.T.);
#3001 = ORIENTED_EDGE('',*,*,#1573,.F.);
#3002 = ORIENTED_EDGE('',*,*,#3003,.F.);
#3003 = EDGE_CURVE('',#2143,#1518,#3004,.T.);
#3004 = SURFACE_CURVE('',#3005,(#3018,#3047),.PCURVE_S1.);
#3005 = B_SPLINE_CURVE_WITH_KNOTS('',5,(#3006,#3007,#3008,#3009,#3010,
    #3011,#3012,#3013,#3014,#3015,#3016,#3017),.UNSPECIFIED.,.F.,.F.,(6,
    3,3,6),(0.,4.02014637322,7.31223509955,8.04029274643),
  .UNSPECIFIED.);
#3006 = CARTESIAN_POINT('',(429.088028414,751.956969687,102.14871705));
#3007 = CARTESIAN_POINT('',(428.753872312,751.579274921,102.398016915));
#3008 = CARTESIAN_POINT('',(428.373641912,751.241315604,102.64769715));
#3009 = CARTESIAN_POINT('',(427.966806327,750.96292844,102.883986114));
#3010 = CARTESIAN_POINT('',(427.185605431,750.541753391,103.295773301));
#3011 = CARTESIAN_POINT('',(426.316353799,750.279361245,103.677707255));
#3012 = CARTESIAN_POINT('',(425.905722214,750.192944109,103.844262625));
#3013 = CARTESIAN_POINT('',(425.379083538,750.133271127,104.038869135));
#3014 = CARTESIAN_POINT('',(424.844716745,750.130963908,104.21476683));
#3015 = CARTESIAN_POINT('',(424.747736954,750.132428881,104.245992201));
#3016 = CARTESIAN_POINT('',(424.650601672,750.135776179,104.276571468));
#3017 = CARTESIAN_POINT('',(424.553360632,750.141003366,104.306489185));
#3018 = PCURVE('',#1391,#3019);
#3019 = DEFINITIONAL_REPRESENTATION('',(#3020),#3046);
#3020 = B_SPLINE_CURVE_WITH_KNOTS('',3,(#3021,#3022,#3023,#3024,#3025,
    #3026,#3027,#3028,#3029,#3030,#3031,#3032,#3033,#3034,#3035,#3036,
    #3037,#3038,#3039,#3040,#3041,#3042,#3043,#3044,#3045),
  .UNSPECIFIED.,.F.,.F.,(4,1,1,1,1,1,1,1,1,1,1,1,1,1,1,1,1,1,1,1,1,1,4),
  (0.,0.36546778877,0.73093557754,1.096403366309,1.461871155079,
    1.827338943849,2.192806732619,2.558274521388,2.923742310158,
    3.289210098928,3.654677887698,4.020145676468,4.385613465237,
    4.751081254007,5.116549042777,5.482016831547,5.847484620317,
    6.212952409086,6.578420197856,6.943887986626,7.309355775396,
    7.674823564165,8.040291352935),.UNSPECIFIED.);
#3021 = CARTESIAN_POINT('',(0.904884456508,-44.39072702799));
#3022 = CARTESIAN_POINT('',(0.891770256719,-44.39232416316));
#3023 = CARTESIAN_POINT('',(0.865547696589,-44.39551790209));
#3024 = CARTESIAN_POINT('',(0.826317339489,-44.40029011899));
#3025 = CARTESIAN_POINT('',(0.787291303695,-44.40502551358));
#3026 = CARTESIAN_POINT('',(0.748518370306,-44.40971137253));
#3027 = CARTESIAN_POINT('',(0.710019992946,-44.41433810294));
#3028 = CARTESIAN_POINT('',(0.671790418468,-44.41889930083));
#3029 = CARTESIAN_POINT('',(0.633803133255,-44.42339110547));
#3030 = CARTESIAN_POINT('',(0.59601513844,-44.42781174503));
#3031 = CARTESIAN_POINT('',(0.55837118901,-44.43216103094));
#3032 = CARTESIAN_POINT('',(0.520807159351,-44.43643986606));
#3033 = CARTESIAN_POINT('',(0.4832530584,-44.44064974909));
#3034 = CARTESIAN_POINT('',(0.445633815132,-44.44479228003));
#3035 = CARTESIAN_POINT('',(0.407879725487,-44.44886866532));
#3036 = CARTESIAN_POINT('',(0.369932745196,-44.45287922314));
#3037 = CARTESIAN_POINT('',(0.331747812507,-44.45682288822));
#3038 = CARTESIAN_POINT('',(0.29329632683,-44.46069671855));
#3039 = CARTESIAN_POINT('',(0.254570056742,-44.46449539509));
#3040 = CARTESIAN_POINT('',(0.215585542444,-44.4682107475));
#3041 = CARTESIAN_POINT('',(0.176389776264,-44.47183118306));
#3042 = CARTESIAN_POINT('',(0.137063161748,-44.47534147649));
#3043 = CARTESIAN_POINT('',(9.773404115699E-02,-44.47872121317));
#3044 = CARTESIAN_POINT('',(7.150871057005E-02,-44.48088457968));
#3045 = CARTESIAN_POINT('',(5.8399919358E-02,-44.48194235131));
#3046 = ( GEOMETRIC_REPRESENTATION_CONTEXT(2) 
PARAMETRIC_REPRESENTATION_CONTEXT() REPRESENTATION_CONTEXT('2D SPACE',''
  ) );
#3047 = PCURVE('',#1536,#3048);
#3048 = DEFINITIONAL_REPRESENTATION('',(#3049),#3075);
#3049 = B_SPLINE_CURVE_WITH_KNOTS('',3,(#3050,#3051,#3052,#3053,#3054,
    #3055,#3056,#3057,#3058,#3059,#3060,#3061,#3062,#3063,#3064,#3065,
    #3066,#3067,#3068,#3069,#3070,#3071,#3072,#3073,#3074),
  .UNSPECIFIED.,.F.,.F.,(4,1,1,1,1,1,1,1,1,1,1,1,1,1,1,1,1,1,1,1,1,1,4),
  (0.,0.36546778877,0.73093557754,1.096403366309,1.461871155079,
    1.827338943849,2.192806732619,2.558274521388,2.923742310158,
    3.289210098928,3.654677887698,4.020145676468,4.385613465237,
    4.751081254007,5.116549042777,5.482016831547,5.847484620317,
    6.212952409086,6.578420197856,6.943887986626,7.309355775396,
    7.674823564165,8.040291352935),.UNSPECIFIED.);
#3050 = CARTESIAN_POINT('',(0.,3.508598394315E-06));
#3051 = CARTESIAN_POINT('',(8.636068942684E-02,1.781977100971E-06));
#3052 = CARTESIAN_POINT('',(0.259020554166,2.19723874434E-06));
#3053 = CARTESIAN_POINT('',(0.517281359316,1.068828910925E-05));
#3054 = CARTESIAN_POINT('',(0.774172670472,2.252737233199E-05));
#3055 = CARTESIAN_POINT('',(1.029390169059,3.593405925149E-05));
#3056 = CARTESIAN_POINT('',(1.282805127678,4.880829600168E-05));
#3057 = CARTESIAN_POINT('',(1.534463524789,5.979050473972E-05));
#3058 = CARTESIAN_POINT('',(1.784544405472,6.79877181609E-05));
#3059 = CARTESIAN_POINT('',(2.033332379437,7.295261426677E-05));
#3060 = CARTESIAN_POINT('',(2.281190366598,7.455891267878E-05));
#3061 = CARTESIAN_POINT('',(2.528538002123,7.288419988253E-05));
#3062 = CARTESIAN_POINT('',(2.775832280407,6.811023646297E-05));
#3063 = CARTESIAN_POINT('',(3.0235627835,6.02850104914E-05));
#3064 = CARTESIAN_POINT('',(3.27218348679,5.005388063835E-05));
#3065 = CARTESIAN_POINT('',(3.522071771647,3.860518573985E-05));
#3066 = CARTESIAN_POINT('',(3.773520084061,2.721320582706E-05));
#3067 = CARTESIAN_POINT('',(4.026713505562,1.70572012331E-05));
#3068 = CARTESIAN_POINT('',(4.281704564204,9.060189420251E-06));
#3069 = CARTESIAN_POINT('',(4.538384870251,3.760761798609E-06));
#3070 = CARTESIAN_POINT('',(4.796448291708,1.147258038969E-06));
#3071 = CARTESIAN_POINT('',(5.055372174239,5.213557800391E-07));
#3072 = CARTESIAN_POINT('',(5.314321383662,4.294846148617E-08));
#3073 = CARTESIAN_POINT('',(5.487009809127,4.343086393523E-09));
#3074 = CARTESIAN_POINT('',(5.573335075252,0.));
#3075 = ( GEOMETRIC_REPRESENTATION_CONTEXT(2) 
PARAMETRIC_REPRESENTATION_CONTEXT() REPRESENTATION_CONTEXT('2D SPACE',''
  ) );
#3076 = ORIENTED_EDGE('',*,*,#3077,.T.);
#3077 = EDGE_CURVE('',#2143,#2979,#3078,.T.);
#3078 = SURFACE_CURVE('',#3079,(#3083,#3090),.PCURVE_S1.);
#3079 = LINE('',#3080,#3081);
#3080 = CARTESIAN_POINT('',(442.614881747,767.246296075,141.566953737));
#3081 = VECTOR('',#3082,1.);
#3082 = DIRECTION('',(0.304722500368,0.344426131564,0.887983579615));
#3083 = PCURVE('',#1391,#3084);
#3084 = DEFINITIONAL_REPRESENTATION('',(#3085),#3089);
#3085 = LINE('',#3086,#3087);
#3086 = CARTESIAN_POINT('',(0.904884456614,-7.883258490438E-10));
#3087 = VECTOR('',#3088,1.);
#3088 = DIRECTION('',(1.255867572931E-15,1.));
#3089 = ( GEOMETRIC_REPRESENTATION_CONTEXT(2) 
PARAMETRIC_REPRESENTATION_CONTEXT() REPRESENTATION_CONTEXT('2D SPACE',''
  ) );
#3090 = PCURVE('',#2158,#3091);
#3091 = DEFINITIONAL_REPRESENTATION('',(#3092),#3096);
#3092 = LINE('',#3093,#3094);
#3093 = CARTESIAN_POINT('',(47.005157062747,-118.633046263));
#3094 = VECTOR('',#3095,1.);
#3095 = DIRECTION('',(0.45987515951,0.887983579615));
#3096 = ( GEOMETRIC_REPRESENTATION_CONTEXT(2) 
PARAMETRIC_REPRESENTATION_CONTEXT() REPRESENTATION_CONTEXT('2D SPACE',''
  ) );
#3097 = ADVANCED_FACE('',(#3098),#1474,.F.);
#3098 = FACE_BOUND('',#3099,.F.);
#3099 = EDGE_LOOP('',(#3100,#3101,#3102,#3130));
#3100 = ORIENTED_EDGE('',*,*,#2747,.T.);
#3101 = ORIENTED_EDGE('',*,*,#1457,.F.);
#3102 = ORIENTED_EDGE('',*,*,#3103,.F.);
#3103 = EDGE_CURVE('',#3104,#1458,#3106,.T.);
#3104 = VERTEX_POINT('',#3105);
#3105 = CARTESIAN_POINT('',(429.146851227,753.055,121.465796404));
#3106 = SURFACE_CURVE('',#3107,(#3111,#3118),.PCURVE_S1.);
#3107 = LINE('',#3108,#3109);
#3108 = CARTESIAN_POINT('',(420.487443862,753.055,121.465796404));
#3109 = VECTOR('',#3110,1.);
#3110 = DIRECTION('',(-1.,0.,0.));
#3111 = PCURVE('',#1474,#3112);
#3112 = DEFINITIONAL_REPRESENTATION('',(#3113),#3117);
#3113 = LINE('',#3114,#3115);
#3114 = CARTESIAN_POINT('',(2.956587752822,9.999894245993E-10));
#3115 = VECTOR('',#3116,1.);
#3116 = DIRECTION('',(0.,1.));
#3117 = ( GEOMETRIC_REPRESENTATION_CONTEXT(2) 
PARAMETRIC_REPRESENTATION_CONTEXT() REPRESENTATION_CONTEXT('2D SPACE',''
  ) );
#3118 = PCURVE('',#3119,#3124);
#3119 = PLANE('',#3120);
#3120 = AXIS2_PLACEMENT_3D('',#3121,#3122,#3123);
#3121 = CARTESIAN_POINT('',(312.637390137,753.055,360.));
#3122 = DIRECTION('',(0.,-1.,0.));
#3123 = DIRECTION('',(1.,0.,0.));
#3124 = DEFINITIONAL_REPRESENTATION('',(#3125),#3129);
#3125 = LINE('',#3126,#3127);
#3126 = CARTESIAN_POINT('',(107.850053725,-238.534203596));
#3127 = VECTOR('',#3128,1.);
#3128 = DIRECTION('',(-1.,0.));
#3129 = ( GEOMETRIC_REPRESENTATION_CONTEXT(2) 
PARAMETRIC_REPRESENTATION_CONTEXT() REPRESENTATION_CONTEXT('2D SPACE',''
  ) );
#3130 = ORIENTED_EDGE('',*,*,#3131,.T.);
#3131 = EDGE_CURVE('',#3104,#2748,#3132,.T.);
#3132 = SURFACE_CURVE('',#3133,(#3138,#3167),.PCURVE_S1.);
#3133 = B_SPLINE_CURVE_WITH_KNOTS('',3,(#3134,#3135,#3136,#3137),
  .UNSPECIFIED.,.F.,.F.,(4,4),(0.,4.69092525387),
  .PIECEWISE_BEZIER_KNOTS.);
#3134 = CARTESIAN_POINT('',(429.146851227,753.055,121.465796403));
#3135 = CARTESIAN_POINT('',(429.146851223,753.055,120.36333225));
#3136 = CARTESIAN_POINT('',(429.00803431,752.950231885,119.261952697));
#3137 = CARTESIAN_POINT('',(428.74675387,752.752580258,118.205810567));
#3138 = PCURVE('',#1474,#3139);
#3139 = DEFINITIONAL_REPRESENTATION('',(#3140),#3166);
#3140 = B_SPLINE_CURVE_WITH_KNOTS('',3,(#3141,#3142,#3143,#3144,#3145,
    #3146,#3147,#3148,#3149,#3150,#3151,#3152,#3153,#3154,#3155,#3156,
    #3157,#3158,#3159,#3160,#3161,#3162,#3163,#3164,#3165),
  .UNSPECIFIED.,.F.,.F.,(4,1,1,1,1,1,1,1,1,1,1,1,1,1,1,1,1,1,1,1,1,1,4),
  (0.,0.213223875176,0.426447750352,0.639671625528,0.852895500704,
    1.06611937588,1.279343251055,1.492567126231,1.705791001407,
    1.919014876583,2.132238751759,2.345462626935,2.558686502111,
    2.771910377287,2.985134252463,3.198358127639,3.411582002815,
    3.62480587799,3.838029753166,4.051253628342,4.264477503518,
    4.477701378694,4.69092525387),.UNSPECIFIED.);
#3141 = CARTESIAN_POINT('',(2.956587752878,-8.659407364));
#3142 = CARTESIAN_POINT('',(2.959415424123,-8.659407363818));
#3143 = CARTESIAN_POINT('',(2.965070517413,-8.658833739864));
#3144 = CARTESIAN_POINT('',(2.973551631106,-8.656261648062));
#3145 = CARTESIAN_POINT('',(2.982030444302,-8.651987115296));
#3146 = CARTESIAN_POINT('',(2.990506167397,-8.646019356466));
#3147 = CARTESIAN_POINT('',(2.998978001677,-8.638367586478));
#3148 = CARTESIAN_POINT('',(3.007445138609,-8.629041020235));
#3149 = CARTESIAN_POINT('',(3.015906760994,-8.618048872639));
#3150 = CARTESIAN_POINT('',(3.024362043634,-8.605400358595));
#3151 = CARTESIAN_POINT('',(3.032810154131,-8.591104693006));
#3152 = CARTESIAN_POINT('',(3.041250253651,-8.575171090775));
#3153 = CARTESIAN_POINT('',(3.049681497705,-8.557608766806));
#3154 = CARTESIAN_POINT('',(3.058103036919,-8.538426936002));
#3155 = CARTESIAN_POINT('',(3.06651401781,-8.517634813267));
#3156 = CARTESIAN_POINT('',(3.074913583557,-8.495241613504));
#3157 = CARTESIAN_POINT('',(3.083300874766,-8.471256551617));
#3158 = CARTESIAN_POINT('',(3.091675030233,-8.445688842509));
#3159 = CARTESIAN_POINT('',(3.1000351877,-8.418547701084));
#3160 = CARTESIAN_POINT('',(3.108380484606,-8.389842342244));
#3161 = CARTESIAN_POINT('',(3.116710058802,-8.359581980894));
#3162 = CARTESIAN_POINT('',(3.125023049387,-8.327775831938));
#3163 = CARTESIAN_POINT('',(3.133318597026,-8.294433110277));
#3164 = CARTESIAN_POINT('',(3.138836763102,-8.271186390636));
#3165 = CARTESIAN_POINT('',(3.14159265361,-8.259310007));
#3166 = ( GEOMETRIC_REPRESENTATION_CONTEXT(2) 
PARAMETRIC_REPRESENTATION_CONTEXT() REPRESENTATION_CONTEXT('2D SPACE',''
  ) );
#3167 = PCURVE('',#2698,#3168);
#3168 = DEFINITIONAL_REPRESENTATION('',(#3169),#3195);
#3169 = B_SPLINE_CURVE_WITH_KNOTS('',3,(#3170,#3171,#3172,#3173,#3174,
    #3175,#3176,#3177,#3178,#3179,#3180,#3181,#3182,#3183,#3184,#3185,
    #3186,#3187,#3188,#3189,#3190,#3191,#3192,#3193,#3194),
  .UNSPECIFIED.,.F.,.F.,(4,1,1,1,1,1,1,1,1,1,1,1,1,1,1,1,1,1,1,1,1,1,4),
  (0.,0.213223875176,0.426447750352,0.639671625528,0.852895500704,
    1.06611937588,1.279343251055,1.492567126231,1.705791001407,
    1.919014876583,2.132238751759,2.345462626935,2.558686502111,
    2.771910377287,2.985134252463,3.198358127639,3.411582002815,
    3.62480587799,3.838029753166,4.051253628342,4.264477503518,
    4.477701378694,4.69092525387),.UNSPECIFIED.);
#3170 = CARTESIAN_POINT('',(60.5732663326,0.));
#3171 = CARTESIAN_POINT('',(60.635533497159,-6.626185573282E-08));
#3172 = CARTESIAN_POINT('',(60.760062387606,-1.128930677495E-05));
#3173 = CARTESIAN_POINT('',(60.94683686563,-5.675093289835E-05));
#3174 = CARTESIAN_POINT('',(61.133590916876,-1.121254326514E-04));
#3175 = CARTESIAN_POINT('',(61.320319568454,-2.079425017461E-04));
#3176 = CARTESIAN_POINT('',(61.507025895574,-1.966968731667E-04));
#3177 = CARTESIAN_POINT('',(61.69370124994,-1.997101332335E-04));
#3178 = CARTESIAN_POINT('',(61.880340615022,-1.989027215456E-04));
#3179 = CARTESIAN_POINT('',(62.066937731823,-1.991191082304E-04));
#3180 = CARTESIAN_POINT('',(62.253485918131,-1.990609731792E-04));
#3181 = CARTESIAN_POINT('',(62.439977973625,-1.990771266992E-04));
#3182 = CARTESIAN_POINT('',(62.626406340021,-1.990706476705E-04));
#3183 = CARTESIAN_POINT('',(62.812763157796,-1.990804102654E-04));
#3184 = CARTESIAN_POINT('',(62.999040420998,-1.990478389144E-04));
#3185 = CARTESIAN_POINT('',(63.185229939203,-1.991683617235E-04));
#3186 = CARTESIAN_POINT('',(63.371323717477,-1.987188418381E-04));
#3187 = CARTESIAN_POINT('',(63.557313150014,-2.003963985705E-04));
#3188 = CARTESIAN_POINT('',(63.74319222926,-1.941356915262E-04));
#3189 = CARTESIAN_POINT('',(63.928946022192,-2.175009629711E-04));
#3190 = CARTESIAN_POINT('',(64.114593894005,-1.303005842359E-04));
#3191 = CARTESIAN_POINT('',(64.300105885094,-6.086017327982E-05));
#3192 = CARTESIAN_POINT('',(64.485476157594,-4.577663636338E-07));
#3193 = CARTESIAN_POINT('',(64.608955972191,2.649675495625E-05));
#3194 = CARTESIAN_POINT('',(64.670669458298,3.575940724576E-05));
#3195 = ( GEOMETRIC_REPRESENTATION_CONTEXT(2) 
PARAMETRIC_REPRESENTATION_CONTEXT() REPRESENTATION_CONTEXT('2D SPACE',''
  ) );
#3196 = ADVANCED_FACE('',(#3197),#1500,.T.);
#3197 = FACE_BOUND('',#3198,.T.);
#3198 = EDGE_LOOP('',(#3199,#3222,#3223,#3246));
#3199 = ORIENTED_EDGE('',*,*,#3200,.F.);
#3200 = EDGE_CURVE('',#1409,#3201,#3203,.T.);
#3201 = VERTEX_POINT('',#3202);
#3202 = CARTESIAN_POINT('',(408.9,755.333,181.300000001));
#3203 = SURFACE_CURVE('',#3204,(#3208,#3215),.PCURVE_S1.);
#3204 = LINE('',#3205,#3206);
#3205 = CARTESIAN_POINT('',(408.9,755.333,151.382898202));
#3206 = VECTOR('',#3207,1.);
#3207 = DIRECTION('',(0.,0.,1.));
#3208 = PCURVE('',#1500,#3209);
#3209 = DEFINITIONAL_REPRESENTATION('',(#3210),#3214);
#3210 = LINE('',#3211,#3212);
#3211 = CARTESIAN_POINT('',(0.,0.));
#3212 = VECTOR('',#3213,1.);
#3213 = DIRECTION('',(0.,-1.));
#3214 = ( GEOMETRIC_REPRESENTATION_CONTEXT(2) 
PARAMETRIC_REPRESENTATION_CONTEXT() REPRESENTATION_CONTEXT('2D SPACE',''
  ) );
#3215 = PCURVE('',#2857,#3216);
#3216 = DEFINITIONAL_REPRESENTATION('',(#3217),#3221);
#3217 = LINE('',#3218,#3219);
#3218 = CARTESIAN_POINT('',(96.262609863,-208.617101798));
#3219 = VECTOR('',#3220,1.);
#3220 = DIRECTION('',(0.,1.));
#3221 = ( GEOMETRIC_REPRESENTATION_CONTEXT(2) 
PARAMETRIC_REPRESENTATION_CONTEXT() REPRESENTATION_CONTEXT('2D SPACE',''
  ) );
#3222 = ORIENTED_EDGE('',*,*,#1486,.F.);
#3223 = ORIENTED_EDGE('',*,*,#3224,.T.);
#3224 = EDGE_CURVE('',#1458,#3225,#3227,.T.);
#3225 = VERTEX_POINT('',#3226);
#3226 = CARTESIAN_POINT('',(408.9,753.054999999,181.300000001));
#3227 = SURFACE_CURVE('',#3228,(#3232,#3239),.PCURVE_S1.);
#3228 = LINE('',#3229,#3230);
#3229 = CARTESIAN_POINT('',(408.9,753.054999999,151.382898201));
#3230 = VECTOR('',#3231,1.);
#3231 = DIRECTION('',(0.,0.,1.));
#3232 = PCURVE('',#1500,#3233);
#3233 = DEFINITIONAL_REPRESENTATION('',(#3234),#3238);
#3234 = LINE('',#3235,#3236);
#3235 = CARTESIAN_POINT('',(-2.278000001,1.000017846309E-09));
#3236 = VECTOR('',#3237,1.);
#3237 = DIRECTION('',(0.,-1.));
#3238 = ( GEOMETRIC_REPRESENTATION_CONTEXT(2) 
PARAMETRIC_REPRESENTATION_CONTEXT() REPRESENTATION_CONTEXT('2D SPACE',''
  ) );
#3239 = PCURVE('',#3119,#3240);
#3240 = DEFINITIONAL_REPRESENTATION('',(#3241),#3245);
#3241 = LINE('',#3242,#3243);
#3242 = CARTESIAN_POINT('',(96.262609863,-208.617101799));
#3243 = VECTOR('',#3244,1.);
#3244 = DIRECTION('',(0.,1.));
#3245 = ( GEOMETRIC_REPRESENTATION_CONTEXT(2) 
PARAMETRIC_REPRESENTATION_CONTEXT() REPRESENTATION_CONTEXT('2D SPACE',''
  ) );
#3246 = ORIENTED_EDGE('',*,*,#3247,.F.);
#3247 = EDGE_CURVE('',#3201,#3225,#3248,.T.);
#3248 = SURFACE_CURVE('',#3249,(#3253,#3260),.PCURVE_S1.);
#3249 = LINE('',#3250,#3251);
#3250 = CARTESIAN_POINT('',(408.9,754.194,181.300000001));
#3251 = VECTOR('',#3252,1.);
#3252 = DIRECTION('',(0.,-1.,0.));
#3253 = PCURVE('',#1500,#3254);
#3254 = DEFINITIONAL_REPRESENTATION('',(#3255),#3259);
#3255 = LINE('',#3256,#3257);
#3256 = CARTESIAN_POINT('',(-1.139,-29.917101799));
#3257 = VECTOR('',#3258,1.);
#3258 = DIRECTION('',(-1.,0.));
#3259 = ( GEOMETRIC_REPRESENTATION_CONTEXT(2) 
PARAMETRIC_REPRESENTATION_CONTEXT() REPRESENTATION_CONTEXT('2D SPACE',''
  ) );
#3260 = PCURVE('',#3261,#3266);
#3261 = CYLINDRICAL_SURFACE('',#3262,5.);
#3262 = AXIS2_PLACEMENT_3D('',#3263,#3264,#3265);
#3263 = CARTESIAN_POINT('',(413.9,755.333,181.3));
#3264 = DIRECTION('',(0.,-1.,0.));
#3265 = DIRECTION('',(-0.707106781187,0.,0.707106781187));
#3266 = DEFINITIONAL_REPRESENTATION('',(#3267),#3271);
#3267 = LINE('',#3268,#3269);
#3268 = CARTESIAN_POINT('',(0.785398163197,1.139));
#3269 = VECTOR('',#3270,1.);
#3270 = DIRECTION('',(0.,1.));
#3271 = ( GEOMETRIC_REPRESENTATION_CONTEXT(2) 
PARAMETRIC_REPRESENTATION_CONTEXT() REPRESENTATION_CONTEXT('2D SPACE',''
  ) );
#3272 = ADVANCED_FACE('',(#3273),#1536,.F.);
#3273 = FACE_BOUND('',#3274,.F.);
#3274 = EDGE_LOOP('',(#3275,#3276,#3277));
#3275 = ORIENTED_EDGE('',*,*,#1517,.T.);
#3276 = ORIENTED_EDGE('',*,*,#2170,.F.);
#3277 = ORIENTED_EDGE('',*,*,#3003,.T.);
#3278 = ADVANCED_FACE('',(#3279),#1667,.T.);
#3279 = FACE_BOUND('',#3280,.T.);
#3280 = EDGE_LOOP('',(#3281,#3282,#3352,#3380));
#3281 = ORIENTED_EDGE('',*,*,#1649,.T.);
#3282 = ORIENTED_EDGE('',*,*,#3283,.F.);
#3283 = EDGE_CURVE('',#3284,#1652,#3286,.T.);
#3284 = VERTEX_POINT('',#3285);
#3285 = CARTESIAN_POINT('',(405.682394761,747.863565755,72.7238063693));
#3286 = SURFACE_CURVE('',#3287,(#3294,#3323),.PCURVE_S1.);
#3287 = B_SPLINE_CURVE_WITH_KNOTS('',5,(#3288,#3289,#3290,#3291,#3292,
    #3293),.UNSPECIFIED.,.F.,.F.,(6,6),(0.,2.979825687),
  .PIECEWISE_BEZIER_KNOTS.);
#3288 = CARTESIAN_POINT('',(405.682394761,747.863565755,72.7238063693));
#3289 = CARTESIAN_POINT('',(405.422840377,747.800760296,73.019282822));
#3290 = CARTESIAN_POINT('',(405.207267618,747.73156312,73.3775631451));
#3291 = CARTESIAN_POINT('',(404.997435775,747.673294706,73.7373353799));
#3292 = CARTESIAN_POINT('',(404.804309718,747.621469325,74.1216984193));
#3293 = CARTESIAN_POINT('',(404.627869323,747.580650692,74.5100617752));
#3294 = PCURVE('',#1667,#3295);
#3295 = DEFINITIONAL_REPRESENTATION('',(#3296),#3322);
#3296 = B_SPLINE_CURVE_WITH_KNOTS('',3,(#3297,#3298,#3299,#3300,#3301,
    #3302,#3303,#3304,#3305,#3306,#3307,#3308,#3309,#3310,#3311,#3312,
    #3313,#3314,#3315,#3316,#3317,#3318,#3319,#3320,#3321),
  .UNSPECIFIED.,.F.,.F.,(4,1,1,1,1,1,1,1,1,1,1,1,1,1,1,1,1,1,1,1,1,1,4),
  (0.,0.135446622136,0.270893244273,0.406339866409,0.541786488545,
    0.677233110682,0.812679732818,0.948126354955,1.083572977091,
    1.219019599227,1.354466221364,1.4899128435,1.625359465636,
    1.760806087773,1.896252709909,2.031699332045,2.167145954182,
    2.302592576318,2.438039198455,2.573485820591,2.708932442727,
    2.844379064864,2.979825687),.UNSPECIFIED.);
#3297 = CARTESIAN_POINT('',(3.036872898451,10.70608368));
#3298 = CARTESIAN_POINT('',(3.038197593903,10.725744930556));
#3299 = CARTESIAN_POINT('',(3.040896260484,10.764469106201));
#3300 = CARTESIAN_POINT('',(3.045075309763,10.820937590906));
#3301 = CARTESIAN_POINT('',(3.049367738991,10.875974399492));
#3302 = CARTESIAN_POINT('',(3.05375900014,10.929734467069));
#3303 = CARTESIAN_POINT('',(3.058236366319,10.982354075666));
#3304 = CARTESIAN_POINT('',(3.062789054949,11.033949278035));
#3305 = CARTESIAN_POINT('',(3.067407969204,11.084618097038));
#3306 = CARTESIAN_POINT('',(3.07208554141,11.134441713363));
#3307 = CARTESIAN_POINT('',(3.076815548839,11.183485924324));
#3308 = CARTESIAN_POINT('',(3.081592936688,11.231802530021));
#3309 = CARTESIAN_POINT('',(3.086413638996,11.279430738958));
#3310 = CARTESIAN_POINT('',(3.091274400069,11.326398568461));
#3311 = CARTESIAN_POINT('',(3.096172595836,11.372724246468));
#3312 = CARTESIAN_POINT('',(3.101106055379,11.418417613007));
#3313 = CARTESIAN_POINT('',(3.106072882765,11.46348152155));
#3314 = CARTESIAN_POINT('',(3.111071278974,11.507913241195));
#3315 = CARTESIAN_POINT('',(3.116099365175,11.551705855627));
#3316 = CARTESIAN_POINT('',(3.121155003169,11.59484967417));
#3317 = CARTESIAN_POINT('',(3.126235629081,11.637333597678));
#3318 = CARTESIAN_POINT('',(3.131338040802,11.679146652978));
#3319 = CARTESIAN_POINT('',(3.136458361721,11.720278898265));
#3320 = CARTESIAN_POINT('',(3.139880354422,11.747242750189));
#3321 = CARTESIAN_POINT('',(3.141592653591,11.760609118));
#3322 = ( GEOMETRIC_REPRESENTATION_CONTEXT(2) 
PARAMETRIC_REPRESENTATION_CONTEXT() REPRESENTATION_CONTEXT('2D SPACE',''
  ) );
#3323 = PCURVE('',#1798,#3324);
#3324 = DEFINITIONAL_REPRESENTATION('',(#3325),#3351);
#3325 = B_SPLINE_CURVE_WITH_KNOTS('',3,(#3326,#3327,#3328,#3329,#3330,
    #3331,#3332,#3333,#3334,#3335,#3336,#3337,#3338,#3339,#3340,#3341,
    #3342,#3343,#3344,#3345,#3346,#3347,#3348,#3349,#3350),
  .UNSPECIFIED.,.F.,.F.,(4,1,1,1,1,1,1,1,1,1,1,1,1,1,1,1,1,1,1,1,1,1,4),
  (0.,0.135446622136,0.270893244273,0.406339866409,0.541786488545,
    0.677233110682,0.812679732818,0.948126354955,1.083572977091,
    1.219019599227,1.354466221364,1.4899128435,1.625359465636,
    1.760806087773,1.896252709909,2.031699332045,2.167145954182,
    2.302592576318,2.438039198455,2.573485820591,2.708932442727,
    2.844379064864,2.979825687),.UNSPECIFIED.);
#3326 = CARTESIAN_POINT('',(3.81056003206,2.27865226337));
#3327 = CARTESIAN_POINT('',(3.770783940182,2.278652025648));
#3328 = CARTESIAN_POINT('',(3.693440834159,2.278649673429));
#3329 = CARTESIAN_POINT('',(3.583029542539,2.278644065488));
#3330 = CARTESIAN_POINT('',(3.477081618474,2.278640839611));
#3331 = CARTESIAN_POINT('',(3.37486353135,2.27864126911));
#3332 = CARTESIAN_POINT('',(3.275783217551,2.278645409156));
#3333 = CARTESIAN_POINT('',(3.179382290307,2.278652260279));
#3334 = CARTESIAN_POINT('',(3.085287189754,2.278660304446));
#3335 = CARTESIAN_POINT('',(2.993188527399,2.278667852775));
#3336 = CARTESIAN_POINT('',(2.902823773751,2.27867336012));
#3337 = CARTESIAN_POINT('',(2.813966147046,2.278675662839));
#3338 = CARTESIAN_POINT('',(2.726416583465,2.278674146589));
#3339 = CARTESIAN_POINT('',(2.639998129814,2.278668837298));
#3340 = CARTESIAN_POINT('',(2.55455196761,2.278660410015));
#3341 = CARTESIAN_POINT('',(2.469934628514,2.278650118115));
#3342 = CARTESIAN_POINT('',(2.386016121976,2.278639613899));
#3343 = CARTESIAN_POINT('',(2.302678623287,2.278630751241));
#3344 = CARTESIAN_POINT('',(2.219816108701,2.278625015245));
#3345 = CARTESIAN_POINT('',(2.137331368413,2.278624798841));
#3346 = CARTESIAN_POINT('',(2.05513881203,2.278631495516));
#3347 = CARTESIAN_POINT('',(1.973165984055,2.278644500531));
#3348 = CARTESIAN_POINT('',(1.891352110481,2.27866121305));
#3349 = CARTESIAN_POINT('',(1.836888321616,2.278670124307));
#3350 = CARTESIAN_POINT('',(1.809668378689,2.278673058821));
#3351 = ( GEOMETRIC_REPRESENTATION_CONTEXT(2) 
PARAMETRIC_REPRESENTATION_CONTEXT() REPRESENTATION_CONTEXT('2D SPACE',''
  ) );
#3352 = ORIENTED_EDGE('',*,*,#3353,.F.);
#3353 = EDGE_CURVE('',#3354,#3284,#3356,.T.);
#3354 = VERTEX_POINT('',#3355);
#3355 = CARTESIAN_POINT('',(424.384149872,747.863565754,72.7238063697));
#3356 = SURFACE_CURVE('',#3357,(#3361,#3368),.PCURVE_S1.);
#3357 = LINE('',#3358,#3359);
#3358 = CARTESIAN_POINT('',(416.388478441,747.863565754,72.7238063697));
#3359 = VECTOR('',#3360,1.);
#3360 = DIRECTION('',(-1.,0.,0.));
#3361 = PCURVE('',#1667,#3362);
#3362 = DEFINITIONAL_REPRESENTATION('',(#3363),#3367);
#3363 = LINE('',#3364,#3365);
#3364 = CARTESIAN_POINT('',(3.036872898485,0.));
#3365 = VECTOR('',#3366,1.);
#3366 = DIRECTION('',(0.,1.));
#3367 = ( GEOMETRIC_REPRESENTATION_CONTEXT(2) 
PARAMETRIC_REPRESENTATION_CONTEXT() REPRESENTATION_CONTEXT('2D SPACE',''
  ) );
#3368 = PCURVE('',#3369,#3374);
#3369 = PLANE('',#3370);
#3370 = AXIS2_PLACEMENT_3D('',#3371,#3372,#3373);
#3371 = CARTESIAN_POINT('',(374.235180664,749.154048371,66.6525629948));
#3372 = DIRECTION('',(-0.,0.978147600734,0.207911690818));
#3373 = DIRECTION('',(1.,0.,0.));
#3374 = DEFINITIONAL_REPRESENTATION('',(#3375),#3379);
#3375 = LINE('',#3376,#3377);
#3376 = CARTESIAN_POINT('',(42.153297777,-6.206878563501));
#3377 = VECTOR('',#3378,1.);
#3378 = DIRECTION('',(-1.,0.));
#3379 = ( GEOMETRIC_REPRESENTATION_CONTEXT(2) 
PARAMETRIC_REPRESENTATION_CONTEXT() REPRESENTATION_CONTEXT('2D SPACE',''
  ) );
#3380 = ORIENTED_EDGE('',*,*,#3381,.T.);
#3381 = EDGE_CURVE('',#3354,#1650,#3382,.T.);
#3382 = SURFACE_CURVE('',#3383,(#3388,#3417),.PCURVE_S1.);
#3383 = B_SPLINE_CURVE_WITH_KNOTS('',3,(#3384,#3385,#3386,#3387),
  .UNSPECIFIED.,.F.,.F.,(4,4),(0.,2.56551148322),
  .PIECEWISE_BEZIER_KNOTS.);
#3384 = CARTESIAN_POINT('',(424.384146022,747.863565755,72.7238063693));
#3385 = CARTESIAN_POINT('',(424.329688542,747.738445801,73.3124494678));
#3386 = CARTESIAN_POINT('',(424.288585417,747.643797516,73.9092598724));
#3387 = CARTESIAN_POINT('',(424.261101849,747.580650692,74.5100617752));
#3388 = PCURVE('',#1667,#3389);
#3389 = DEFINITIONAL_REPRESENTATION('',(#3390),#3416);
#3390 = B_SPLINE_CURVE_WITH_KNOTS('',3,(#3391,#3392,#3393,#3394,#3395,
    #3396,#3397,#3398,#3399,#3400,#3401,#3402,#3403,#3404,#3405,#3406,
    #3407,#3408,#3409,#3410,#3411,#3412,#3413,#3414,#3415),
  .UNSPECIFIED.,.F.,.F.,(4,1,1,1,1,1,1,1,1,1,1,1,1,1,1,1,1,1,1,1,1,1,4),
  (0.,0.116614158328,0.233228316656,0.349842474985,0.466456633313,
    0.583070791641,0.699684949969,0.816299108297,0.932913266625,
    1.049527424954,1.166141583282,1.28275574161,1.399369899938,
    1.515984058266,1.632598216595,1.749212374923,1.865826533251,
    1.982440691579,2.099054849907,2.215669008235,2.332283166564,
    2.448897324892,2.56551148322),.UNSPECIFIED.);
#3391 = CARTESIAN_POINT('',(3.036872898451,-7.995667581));
#3392 = CARTESIAN_POINT('',(3.038456082884,-7.993192241));
#3393 = CARTESIAN_POINT('',(3.0416228472,-7.988296744285));
#3394 = CARTESIAN_POINT('',(3.046374147528,-7.981119198506));
#3395 = CARTESIAN_POINT('',(3.051126569224,-7.974107501457));
#3396 = CARTESIAN_POINT('',(3.055880079749,-7.967261802577));
#3397 = CARTESIAN_POINT('',(3.06063464654,-7.960582251302));
#3398 = CARTESIAN_POINT('',(3.065390237031,-7.954068997072));
#3399 = CARTESIAN_POINT('',(3.070146818664,-7.947722189322));
#3400 = CARTESIAN_POINT('',(3.074904358911,-7.941541977491));
#3401 = CARTESIAN_POINT('',(3.079662825287,-7.935528511017));
#3402 = CARTESIAN_POINT('',(3.084422185371,-7.929681939337));
#3403 = CARTESIAN_POINT('',(3.089182406818,-7.924002411888));
#3404 = CARTESIAN_POINT('',(3.093943457381,-7.918490078109));
#3405 = CARTESIAN_POINT('',(3.098705304926,-7.913145087438));
#3406 = CARTESIAN_POINT('',(3.103467917449,-7.90796758931));
#3407 = CARTESIAN_POINT('',(3.108231263091,-7.902957733166));
#3408 = CARTESIAN_POINT('',(3.112995310161,-7.898115668441));
#3409 = CARTESIAN_POINT('',(3.117760027144,-7.893441544574));
#3410 = CARTESIAN_POINT('',(3.122525382728,-7.888935511002));
#3411 = CARTESIAN_POINT('',(3.127291345812,-7.884597717162));
#3412 = CARTESIAN_POINT('',(3.132057885533,-7.880428312494));
#3413 = CARTESIAN_POINT('',(3.136824971253,-7.876427446434));
#3414 = CARTESIAN_POINT('',(3.140003372217,-7.873872661091));
#3415 = CARTESIAN_POINT('',(3.141592653591,-7.872623408));
#3416 = ( GEOMETRIC_REPRESENTATION_CONTEXT(2) 
PARAMETRIC_REPRESENTATION_CONTEXT() REPRESENTATION_CONTEXT('2D SPACE',''
  ) );
#3417 = PCURVE('',#1716,#3418);
#3418 = DEFINITIONAL_REPRESENTATION('',(#3419),#3445);
#3419 = B_SPLINE_CURVE_WITH_KNOTS('',3,(#3420,#3421,#3422,#3423,#3424,
    #3425,#3426,#3427,#3428,#3429,#3430,#3431,#3432,#3433,#3434,#3435,
    #3436,#3437,#3438,#3439,#3440,#3441,#3442,#3443,#3444),
  .UNSPECIFIED.,.F.,.F.,(4,1,1,1,1,1,1,1,1,1,1,1,1,1,1,1,1,1,1,1,1,1,4),
  (0.,0.116614158328,0.233228316656,0.349842474985,0.466456633313,
    0.583070791641,0.699684949969,0.816299108297,0.932913266625,
    1.049527424954,1.166141583282,1.28275574161,1.399369899938,
    1.515984058266,1.632598216595,1.749212374923,1.865826533251,
    1.982440691579,2.099054849907,2.215669008235,2.332283166564,
    2.448897324892,2.56551148322),.UNSPECIFIED.);
#3420 = CARTESIAN_POINT('',(57.176969196478,-2.835192984487E-06));
#3421 = CARTESIAN_POINT('',(57.198019959813,-2.807940303021E-06));
#3422 = CARTESIAN_POINT('',(57.240119073442,-2.266009096167E-06));
#3423 = CARTESIAN_POINT('',(57.303260537484,-1.688024271429E-07));
#3424 = CARTESIAN_POINT('',(57.366394827928,3.031916591683E-06));
#3425 = CARTESIAN_POINT('',(57.429521977278,7.165254877064E-06));
#3426 = CARTESIAN_POINT('',(57.492642018306,1.206697680454E-05));
#3427 = CARTESIAN_POINT('',(57.555754984365,1.758053572315E-05));
#3428 = CARTESIAN_POINT('',(57.618860909787,2.355694837404E-05));
#3429 = CARTESIAN_POINT('',(57.681959830253,2.985497227401E-05));
#3430 = CARTESIAN_POINT('',(57.745051783184,3.634119668002E-05));
#3431 = CARTESIAN_POINT('',(57.808136808126,4.289014336677E-05));
#3432 = CARTESIAN_POINT('',(57.871214947147,4.93843621206E-05));
#3433 = CARTESIAN_POINT('',(57.934286245232,5.571451372086E-05));
#3434 = CARTESIAN_POINT('',(57.997350750685,6.177945268926E-05));
#3435 = CARTESIAN_POINT('',(58.060408515535,6.748629612676E-05));
#3436 = CARTESIAN_POINT('',(58.123459595943,7.275049102606E-05));
#3437 = CARTESIAN_POINT('',(58.186504052616,7.749587182912E-05));
#3438 = CARTESIAN_POINT('',(58.249541951218,8.165470543614E-05));
#3439 = CARTESIAN_POINT('',(58.312573362806,8.516775553228E-05));
#3440 = CARTESIAN_POINT('',(58.375598364186,8.798423819317E-05));
#3441 = CARTESIAN_POINT('',(58.438617038587,9.006214183143E-05));
#3442 = CARTESIAN_POINT('',(58.50162947515,9.136715762775E-05));
#3443 = CARTESIAN_POINT('',(58.543633673628,9.170688649374E-05));
#3444 = CARTESIAN_POINT('',(58.564634765756,9.173986406015E-05));
#3445 = ( GEOMETRIC_REPRESENTATION_CONTEXT(2) 
PARAMETRIC_REPRESENTATION_CONTEXT() REPRESENTATION_CONTEXT('2D SPACE',''
  ) );
#3446 = ADVANCED_FACE('',(#3447),#1716,.F.);
#3447 = FACE_BOUND('',#3448,.F.);
#3448 = EDGE_LOOP('',(#3449,#3450,#3475,#3509,#3539,#3567,#3568));
#3449 = ORIENTED_EDGE('',*,*,#1923,.T.);
#3450 = ORIENTED_EDGE('',*,*,#3451,.T.);
#3451 = EDGE_CURVE('',#1850,#3452,#3454,.T.);
#3452 = VERTEX_POINT('',#3453);
#3453 = CARTESIAN_POINT('',(430.794149546,750.447521217,76.3161045641));
#3454 = SURFACE_CURVE('',#3455,(#3462,#3469),.PCURVE_S1.);
#3455 = B_SPLINE_CURVE_WITH_KNOTS('',5,(#3456,#3457,#3458,#3459,#3460,
    #3461),.UNSPECIFIED.,.F.,.F.,(6,6),(3.80461202577,7.60922405271),
  .PIECEWISE_BEZIER_KNOTS.);
#3456 = CARTESIAN_POINT('',(427.825077808,748.260616067,76.3161045635));
#3457 = CARTESIAN_POINT('',(428.502556593,748.565798007,76.3161045635));
#3458 = CARTESIAN_POINT('',(429.147752423,748.942645449,76.3161045635));
#3459 = CARTESIAN_POINT('',(429.750553143,749.386603199,76.3161045635));
#3460 = CARTESIAN_POINT('',(430.301793523,749.891013968,76.3161045635));
#3461 = CARTESIAN_POINT('',(430.794149546,750.447521217,76.3161045635));
#3462 = PCURVE('',#1716,#3463);
#3463 = DEFINITIONAL_REPRESENTATION('',(#3464),#3468);
#3464 = LINE('',#3465,#3466);
#3465 = CARTESIAN_POINT('',(59.9463593151,5.860201213181E-12));
#3466 = VECTOR('',#3467,1.);
#3467 = DIRECTION('',(0.,1.));
#3468 = ( GEOMETRIC_REPRESENTATION_CONTEXT(2) 
PARAMETRIC_REPRESENTATION_CONTEXT() REPRESENTATION_CONTEXT('2D SPACE',''
  ) );
#3469 = PCURVE('',#1867,#3470);
#3470 = DEFINITIONAL_REPRESENTATION('',(#3471),#3474);
#3471 = B_SPLINE_CURVE_WITH_KNOTS('',1,(#3472,#3473),.UNSPECIFIED.,.F.,
  .F.,(2,2),(3.804612026457,7.60922405271),.PIECEWISE_BEZIER_KNOTS.);
#3472 = CARTESIAN_POINT('',(0.,-45.6202287345));
#3473 = CARTESIAN_POINT('',(0.423242343623,-45.6202287345));
#3474 = ( GEOMETRIC_REPRESENTATION_CONTEXT(2) 
PARAMETRIC_REPRESENTATION_CONTEXT() REPRESENTATION_CONTEXT('2D SPACE',''
  ) );
#3475 = ORIENTED_EDGE('',*,*,#3476,.F.);
#3476 = EDGE_CURVE('',#3477,#3452,#3479,.T.);
#3477 = VERTEX_POINT('',#3478);
#3478 = CARTESIAN_POINT('',(430.958479353,750.633262275,74.5488698039));
#3479 = SURFACE_CURVE('',#3480,(#3487,#3494),.PCURVE_S1.);
#3480 = B_SPLINE_CURVE_WITH_KNOTS('',5,(#3481,#3482,#3483,#3484,#3485,
    #3486),.UNSPECIFIED.,.F.,.F.,(6,6),(57.1769928853,59.9463593151),
  .PIECEWISE_BEZIER_KNOTS.);
#3481 = CARTESIAN_POINT('',(430.958479353,750.633262275,74.5488698039));
#3482 = CARTESIAN_POINT('',(430.893349738,750.559646637,74.8952056734));
#3483 = CARTESIAN_POINT('',(430.843917302,750.503773432,75.2467461652));
#3484 = CARTESIAN_POINT('',(430.810739426,750.466272666,75.6019340177));
#3485 = CARTESIAN_POINT('',(430.794149546,750.447521217,75.9590193449));
#3486 = CARTESIAN_POINT('',(430.794149546,750.447521217,76.3161045635));
#3487 = PCURVE('',#1716,#3488);
#3488 = DEFINITIONAL_REPRESENTATION('',(#3489),#3493);
#3489 = LINE('',#3490,#3491);
#3490 = CARTESIAN_POINT('',(-7.105427357601E-14,7.609224052709));
#3491 = VECTOR('',#3492,1.);
#3492 = DIRECTION('',(1.,1.250790000036E-14));
#3493 = ( GEOMETRIC_REPRESENTATION_CONTEXT(2) 
PARAMETRIC_REPRESENTATION_CONTEXT() REPRESENTATION_CONTEXT('2D SPACE',''
  ) );
#3494 = PCURVE('',#3495,#3500);
#3495 = PLANE('',#3496);
#3496 = AXIS2_PLACEMENT_3D('',#3497,#3498,#3499);
#3497 = CARTESIAN_POINT('',(413.17444344,730.532066316,260.2));
#3498 = DIRECTION('',(0.748955720789,-0.662620048216,0.));
#3499 = DIRECTION('',(0.662620048216,0.748955720789,0.));
#3500 = DEFINITIONAL_REPRESENTATION('',(#3501),#3508);
#3501 = B_SPLINE_CURVE_WITH_KNOTS('',5,(#3502,#3503,#3504,#3505,#3506,
    #3507),.UNSPECIFIED.,.F.,.F.,(6,6),(57.1769928853,59.9463593151),
  .PIECEWISE_BEZIER_KNOTS.);
#3502 = CARTESIAN_POINT('',(26.838964442336,-185.6511301961));
#3503 = CARTESIAN_POINT('',(26.740673400485,-185.3047943266));
#3504 = CARTESIAN_POINT('',(26.666071920836,-184.9532538348));
#3505 = CARTESIAN_POINT('',(26.616001181811,-184.5980659823));
#3506 = CARTESIAN_POINT('',(26.590964389724,-184.2409806551));
#3507 = CARTESIAN_POINT('',(26.590964389724,-183.8838954365));
#3508 = ( GEOMETRIC_REPRESENTATION_CONTEXT(2) 
PARAMETRIC_REPRESENTATION_CONTEXT() REPRESENTATION_CONTEXT('2D SPACE',''
  ) );
#3509 = ORIENTED_EDGE('',*,*,#3510,.F.);
#3510 = EDGE_CURVE('',#3511,#3477,#3513,.T.);
#3511 = VERTEX_POINT('',#3512);
#3512 = CARTESIAN_POINT('',(428.005207072,748.516934023,73.5436642417));
#3513 = SURFACE_CURVE('',#3514,(#3521,#3528),.PCURVE_S1.);
#3514 = B_SPLINE_CURVE_WITH_KNOTS('',5,(#3515,#3516,#3517,#3518,#3519,
    #3520),.UNSPECIFIED.,.F.,.F.,(6,6),(3.80461230718,7.60922405271),
  .PIECEWISE_BEZIER_KNOTS.);
#3515 = CARTESIAN_POINT('',(428.005207072,748.516934023,73.5436642417));
#3516 = CARTESIAN_POINT('',(428.683624503,748.802744999,73.7319927616));
#3517 = CARTESIAN_POINT('',(429.328132844,749.162842009,73.9297344385));
#3518 = CARTESIAN_POINT('',(429.928142131,749.592763598,74.1339495006));
#3519 = CARTESIAN_POINT('',(430.474101756,750.085771349,74.3414096508));
#3520 = CARTESIAN_POINT('',(430.958479353,750.633262275,74.5488698039));
#3521 = PCURVE('',#1716,#3522);
#3522 = DEFINITIONAL_REPRESENTATION('',(#3523),#3527);
#3523 = LINE('',#3524,#3525);
#3524 = CARTESIAN_POINT('',(57.176992885257,-1.544409045096E-11));
#3525 = VECTOR('',#3526,1.);
#3526 = DIRECTION('',(5.64943789124E-12,1.));
#3527 = ( GEOMETRIC_REPRESENTATION_CONTEXT(2) 
PARAMETRIC_REPRESENTATION_CONTEXT() REPRESENTATION_CONTEXT('2D SPACE',''
  ) );
#3528 = PCURVE('',#3529,#3534);
#3529 = CYLINDRICAL_SURFACE('',#3530,8.778);
#3530 = AXIS2_PLACEMENT_3D('',#3531,#3532,#3533);
#3531 = CARTESIAN_POINT('',(421.53038706,753.224153308,89.7240728374));
#3532 = DIRECTION('',(0.18090958821,0.204481091993,-0.962007902208));
#3533 = DIRECTION('',(-0.412519105156,0.903722320995,0.114516175345));
#3534 = DEFINITIONAL_REPRESENTATION('',(#3535),#3538);
#3535 = B_SPLINE_CURVE_WITH_KNOTS('',1,(#3536,#3537),.UNSPECIFIED.,.F.,
  .F.,(2,2),(3.80461230718,7.60922405271),.PIECEWISE_BEZIER_KNOTS.);
#3536 = CARTESIAN_POINT('',(3.141592653637,15.774500612478));
#3537 = CARTESIAN_POINT('',(2.708764513487,15.774509302511));
#3538 = ( GEOMETRIC_REPRESENTATION_CONTEXT(2) 
PARAMETRIC_REPRESENTATION_CONTEXT() REPRESENTATION_CONTEXT('2D SPACE',''
  ) );
#3539 = ORIENTED_EDGE('',*,*,#3540,.F.);
#3540 = EDGE_CURVE('',#3354,#3511,#3541,.T.);
#3541 = SURFACE_CURVE('',#3542,(#3549,#3556),.PCURVE_S1.);
#3542 = B_SPLINE_CURVE_WITH_KNOTS('',5,(#3543,#3544,#3545,#3546,#3547,
    #3548),.UNSPECIFIED.,.F.,.F.,(6,6),(0.,3.80461230719),
  .PIECEWISE_BEZIER_KNOTS.);
#3543 = CARTESIAN_POINT('',(424.384146021,747.863556827,72.7238364652));
#3544 = CARTESIAN_POINT('',(425.131481585,747.834975142,72.8582995761));
#3545 = CARTESIAN_POINT('',(425.878817149,747.886820591,73.009857851));
#3546 = CARTESIAN_POINT('',(426.61446291,748.019598042,73.1764203061));
#3547 = CARTESIAN_POINT('',(427.326789541,748.231123005,73.355335694));
#3548 = CARTESIAN_POINT('',(428.005207072,748.516934023,73.5436642417));
#3549 = PCURVE('',#1716,#3550);
#3550 = DEFINITIONAL_REPRESENTATION('',(#3551),#3555);
#3551 = LINE('',#3552,#3553);
#3552 = CARTESIAN_POINT('',(57.1769928853,-1.119972040632E-14));
#3553 = VECTOR('',#3554,1.);
#3554 = DIRECTION('',(-5.662510134785E-12,1.));
#3555 = ( GEOMETRIC_REPRESENTATION_CONTEXT(2) 
PARAMETRIC_REPRESENTATION_CONTEXT() REPRESENTATION_CONTEXT('2D SPACE',''
  ) );
#3556 = PCURVE('',#3557,#3562);
#3557 = CYLINDRICAL_SURFACE('',#3558,8.778);
#3558 = AXIS2_PLACEMENT_3D('',#3559,#3560,#3561);
#3559 = CARTESIAN_POINT('',(421.53038706,753.224153308,89.7240728374));
#3560 = DIRECTION('',(0.18090958821,0.204481091993,-0.962007902208));
#3561 = DIRECTION('',(0.412519105156,-0.903722320995,-0.114516175345));
#3562 = DEFINITIONAL_REPRESENTATION('',(#3563),#3566);
#3563 = B_SPLINE_CURVE_WITH_KNOTS('',1,(#3564,#3565),.UNSPECIFIED.,.F.,
  .F.,(2,2),(0.,3.80461230719),.PIECEWISE_BEZIER_KNOTS.);
#3564 = CARTESIAN_POINT('',(0.432828106372,15.77449346578));
#3565 = CARTESIAN_POINT('',(0.,15.774500612478));
#3566 = ( GEOMETRIC_REPRESENTATION_CONTEXT(2) 
PARAMETRIC_REPRESENTATION_CONTEXT() REPRESENTATION_CONTEXT('2D SPACE',''
  ) );
#3567 = ORIENTED_EDGE('',*,*,#3381,.T.);
#3568 = ORIENTED_EDGE('',*,*,#1679,.T.);
#3569 = ADVANCED_FACE('',(#3570),#1798,.T.);
#3570 = FACE_BOUND('',#3571,.T.);
#3571 = EDGE_LOOP('',(#3572,#3573,#3629,#3630,#3631));
#3572 = ORIENTED_EDGE('',*,*,#2248,.F.);
#3573 = ORIENTED_EDGE('',*,*,#3574,.T.);
#3574 = EDGE_CURVE('',#2249,#3284,#3575,.T.);
#3575 = SURFACE_CURVE('',#3576,(#3579,#3586),.PCURVE_S1.);
#3576 = B_SPLINE_CURVE_WITH_KNOTS('',1,(#3577,#3578),.UNSPECIFIED.,.F.,
  .F.,(2,2),(-3.95766739727E-14,2.27865226337),
  .PIECEWISE_BEZIER_KNOTS.);
#3577 = CARTESIAN_POINT('',(405.682394762,750.091785989,73.1974292012));
#3578 = CARTESIAN_POINT('',(405.682394762,747.863565755,72.7238063695));
#3579 = PCURVE('',#1798,#3580);
#3580 = DEFINITIONAL_REPRESENTATION('',(#3581),#3585);
#3581 = LINE('',#3582,#3583);
#3582 = CARTESIAN_POINT('',(3.81056003206,-2.549516137915E-14));
#3583 = VECTOR('',#3584,1.);
#3584 = DIRECTION('',(-3.508041093938E-15,1.));
#3585 = ( GEOMETRIC_REPRESENTATION_CONTEXT(2) 
PARAMETRIC_REPRESENTATION_CONTEXT() REPRESENTATION_CONTEXT('2D SPACE',''
  ) );
#3586 = PCURVE('',#3587,#3624);
#3587 = B_SPLINE_SURFACE_WITH_KNOTS('',5,5,(
    (#3588,#3589,#3590,#3591,#3592,#3593)
    ,(#3594,#3595,#3596,#3597,#3598,#3599)
    ,(#3600,#3601,#3602,#3603,#3604,#3605)
    ,(#3606,#3607,#3608,#3609,#3610,#3611)
    ,(#3612,#3613,#3614,#3615,#3616,#3617)
    ,(#3618,#3619,#3620,#3621,#3622,#3623
    )),.UNSPECIFIED.,.F.,.F.,.F.,(6,6),(6,6),(0.,0.917101220566),(-2.278
    ,2.3774976496E-05),.PIECEWISE_BEZIER_KNOTS.);
#3588 = CARTESIAN_POINT('',(406.37329901,747.988256189,72.1371839956));
#3589 = CARTESIAN_POINT('',(406.373223608,748.433899122,72.2319138047));
#3590 = CARTESIAN_POINT('',(406.373224233,748.879543047,72.3266389459));
#3591 = CARTESIAN_POINT('',(406.373247038,749.325191037,72.4213449571));
#3592 = CARTESIAN_POINT('',(406.373265256,749.770819664,72.5161420727));
#3593 = CARTESIAN_POINT('',(406.373327612,750.216472602,72.610824809));
#3594 = CARTESIAN_POINT('',(406.225988455,747.965522581,72.2441372143));
#3595 = CARTESIAN_POINT('',(406.225788551,748.411158939,72.3388979516));
#3596 = CARTESIAN_POINT('',(406.225973497,748.856793355,72.4336678286));
#3597 = CARTESIAN_POINT('',(406.225843067,749.302470285,72.528237691));
#3598 = CARTESIAN_POINT('',(406.22584646,749.748077123,72.623137312));
#3599 = CARTESIAN_POINT('',(406.226083935,750.193725087,72.7178434491));
#3600 = CARTESIAN_POINT('',(406.080541342,747.942722854,72.3514014955));
#3601 = CARTESIAN_POINT('',(406.080346157,748.387468412,72.4503531224));
#3602 = CARTESIAN_POINT('',(406.080635178,748.833657838,72.5425118812));
#3603 = CARTESIAN_POINT('',(406.082446048,749.278828217,72.6394648761));
#3604 = CARTESIAN_POINT('',(406.081929426,749.72431891,72.7349109201));
#3605 = CARTESIAN_POINT('',(406.083591954,750.169926291,72.8298079823));
#3606 = CARTESIAN_POINT('',(405.935896057,747.918679679,72.4645157401));
#3607 = CARTESIAN_POINT('',(405.935970324,748.364360172,72.5590688423));
#3608 = CARTESIAN_POINT('',(405.939315515,748.809043347,72.658313957));
#3609 = CARTESIAN_POINT('',(405.940248117,749.254609882,72.7534031845));
#3610 = CARTESIAN_POINT('',(405.943417385,749.699800726,72.8502599044));
#3611 = CARTESIAN_POINT('',(405.944822948,750.144859182,72.9477394603));
#3612 = CARTESIAN_POINT('',(405.802244171,747.892536433,72.5875100418));
#3613 = CARTESIAN_POINT('',(405.804182447,748.337903637,72.6835370524));
#3614 = CARTESIAN_POINT('',(405.805784623,748.7830582,72.7805644592));
#3615 = CARTESIAN_POINT('',(405.80768065,749.228438053,72.8765319594));
#3616 = CARTESIAN_POINT('',(405.809685885,749.673636354,72.9733535988));
#3617 = CARTESIAN_POINT('',(405.811363033,750.118898576,73.0698745081));
#3618 = CARTESIAN_POINT('',(405.682351776,747.863550984,72.7238758609));
#3619 = CARTESIAN_POINT('',(405.682460467,748.3092147,72.8185078903));
#3620 = CARTESIAN_POINT('',(405.68247189,748.754831923,72.913358653));
#3621 = CARTESIAN_POINT('',(405.682427967,749.200488701,73.0080233217));
#3622 = CARTESIAN_POINT('',(405.682415651,749.646146506,73.1026831631));
#3623 = CARTESIAN_POINT('',(405.68236469,750.091777209,73.1974705094));
#3624 = DEFINITIONAL_REPRESENTATION('',(#3625),#3628);
#3625 = B_SPLINE_CURVE_WITH_KNOTS('',1,(#3626,#3627),.UNSPECIFIED.,.F.,
  .F.,(2,2),(3.977047325429E-10,2.27865226337),
  .PIECEWISE_BEZIER_KNOTS.);
#3626 = CARTESIAN_POINT('',(0.917050058052,2.377408223114E-05));
#3627 = CARTESIAN_POINT('',(0.917019530337,-2.278000000512));
#3628 = ( GEOMETRIC_REPRESENTATION_CONTEXT(2) 
PARAMETRIC_REPRESENTATION_CONTEXT() REPRESENTATION_CONTEXT('2D SPACE',''
  ) );
#3629 = ORIENTED_EDGE('',*,*,#3283,.T.);
#3630 = ORIENTED_EDGE('',*,*,#1760,.T.);
#3631 = ORIENTED_EDGE('',*,*,#2056,.T.);
#3632 = ADVANCED_FACE('',(#3633),#1867,.T.);
#3633 = FACE_BOUND('',#3634,.T.);
#3634 = EDGE_LOOP('',(#3635,#3636,#3637,#3658));
#3635 = ORIENTED_EDGE('',*,*,#1849,.F.);
#3636 = ORIENTED_EDGE('',*,*,#3451,.T.);
#3637 = ORIENTED_EDGE('',*,*,#3638,.T.);
#3638 = EDGE_CURVE('',#3452,#2471,#3639,.T.);
#3639 = SURFACE_CURVE('',#3640,(#3644,#3651),.PCURVE_S1.);
#3640 = LINE('',#3641,#3642);
#3641 = CARTESIAN_POINT('',(430.794149546,750.447521217,121.936333299));
#3642 = VECTOR('',#3643,1.);
#3643 = DIRECTION('',(0.,0.,1.));
#3644 = PCURVE('',#1867,#3645);
#3645 = DEFINITIONAL_REPRESENTATION('',(#3646),#3650);
#3646 = LINE('',#3647,#3648);
#3647 = CARTESIAN_POINT('',(0.423242343623,1.000003635454E-09));
#3648 = VECTOR('',#3649,1.);
#3649 = DIRECTION('',(0.,1.));
#3650 = ( GEOMETRIC_REPRESENTATION_CONTEXT(2) 
PARAMETRIC_REPRESENTATION_CONTEXT() REPRESENTATION_CONTEXT('2D SPACE',''
  ) );
#3651 = PCURVE('',#3495,#3652);
#3652 = DEFINITIONAL_REPRESENTATION('',(#3653),#3657);
#3653 = LINE('',#3654,#3655);
#3654 = CARTESIAN_POINT('',(26.590964389724,-138.263666701));
#3655 = VECTOR('',#3656,1.);
#3656 = DIRECTION('',(0.,1.));
#3657 = ( GEOMETRIC_REPRESENTATION_CONTEXT(2) 
PARAMETRIC_REPRESENTATION_CONTEXT() REPRESENTATION_CONTEXT('2D SPACE',''
  ) );
#3658 = ORIENTED_EDGE('',*,*,#2470,.T.);
#3659 = ADVANCED_FACE('',(#3660),#2099,.T.);
#3660 = FACE_BOUND('',#3661,.T.);
#3661 = EDGE_LOOP('',(#3662,#3663,#3714,#3742));
#3662 = ORIENTED_EDGE('',*,*,#2082,.T.);
#3663 = ORIENTED_EDGE('',*,*,#3664,.F.);
#3664 = EDGE_CURVE('',#3665,#2083,#3667,.T.);
#3665 = VERTEX_POINT('',#3666);
#3666 = CARTESIAN_POINT('',(429.252358207,752.142710729,74.5488698844));
#3667 = SURFACE_CURVE('',#3668,(#3675,#3704),.PCURVE_S1.);
#3668 = B_SPLINE_CURVE_WITH_KNOTS('',5,(#3669,#3670,#3671,#3672,#3673,
    #3674),.UNSPECIFIED.,.F.,.F.,(6,6),(0.,2.53388275759),
  .PIECEWISE_BEZIER_KNOTS.);
#3669 = CARTESIAN_POINT('',(429.252358207,752.142710729,74.5488698844));
#3670 = CARTESIAN_POINT('',(429.187493357,752.069394354,74.8937978505));
#3671 = CARTESIAN_POINT('',(429.138001468,752.01345395,75.2449352526));
#3672 = CARTESIAN_POINT('',(429.104686434,751.975798153,75.6004691664));
#3673 = CARTESIAN_POINT('',(429.088028414,751.956969687,75.9582867762));
#3674 = CARTESIAN_POINT('',(429.088028414,751.956969687,76.3161045637));
#3675 = PCURVE('',#2099,#3676);
#3676 = DEFINITIONAL_REPRESENTATION('',(#3677),#3703);
#3677 = B_SPLINE_CURVE_WITH_KNOTS('',3,(#3678,#3679,#3680,#3681,#3682,
    #3683,#3684,#3685,#3686,#3687,#3688,#3689,#3690,#3691,#3692,#3693,
    #3694,#3695,#3696,#3697,#3698,#3699,#3700,#3701,#3702),
  .UNSPECIFIED.,.F.,.F.,(4,1,1,1,1,1,1,1,1,1,1,1,1,1,1,1,1,1,1,1,1,1,4),
  (0.,0.115176488981,0.230352977963,0.345529466944,0.460705955925,
    0.575882444907,0.691058933888,0.80623542287,0.921411911851,
    1.036588400832,1.151764889814,1.266941378795,1.382117867776,
    1.497294356758,1.612470845739,1.72764733472,1.842823823702,
    1.958000312683,2.073176801665,2.188353290646,2.303529779627,
    2.418706268609,2.53388275759),.UNSPECIFIED.);
#3678 = CARTESIAN_POINT('',(57.1769928853,5.63453592125));
#3679 = CARTESIAN_POINT('',(57.214955100074,5.634535921529));
#3680 = CARTESIAN_POINT('',(57.290900484104,5.63453592349));
#3681 = CARTESIAN_POINT('',(57.404878646797,5.634535932787));
#3682 = CARTESIAN_POINT('',(57.518914122708,5.634535951928));
#3683 = CARTESIAN_POINT('',(57.633004126629,5.634535979716));
#3684 = CARTESIAN_POINT('',(57.747145866037,5.634536013968));
#3685 = CARTESIAN_POINT('',(57.861336540057,5.634536051355));
#3686 = CARTESIAN_POINT('',(57.975573339886,5.634536088171));
#3687 = CARTESIAN_POINT('',(58.0898534488,5.634536120758));
#3688 = CARTESIAN_POINT('',(58.204174042246,5.63453614591));
#3689 = CARTESIAN_POINT('',(58.318532287865,5.634536161179));
#3690 = CARTESIAN_POINT('',(58.432925345483,5.634536165085));
#3691 = CARTESIAN_POINT('',(58.547350367051,5.634536157247));
#3692 = CARTESIAN_POINT('',(58.661804496515,5.634536138411));
#3693 = CARTESIAN_POINT('',(58.776284869623,5.634536110396));
#3694 = CARTESIAN_POINT('',(58.890788613651,5.63453607593));
#3695 = CARTESIAN_POINT('',(59.005312847033,5.634536038415));
#3696 = CARTESIAN_POINT('',(59.1198546789,5.63453600159));
#3697 = CARTESIAN_POINT('',(59.234411208464,5.634535969097));
#3698 = CARTESIAN_POINT('',(59.348979524459,5.634535943994));
#3699 = CARTESIAN_POINT('',(59.463556703768,5.634535928055));
#3700 = CARTESIAN_POINT('',(59.578139812451,5.634535921505));
#3701 = CARTESIAN_POINT('',(59.654530535557,5.634535920976));
#3702 = CARTESIAN_POINT('',(59.6927259018,5.63453592125));
#3703 = ( GEOMETRIC_REPRESENTATION_CONTEXT(2) 
PARAMETRIC_REPRESENTATION_CONTEXT() REPRESENTATION_CONTEXT('2D SPACE',''
  ) );
#3704 = PCURVE('',#2158,#3705);
#3705 = DEFINITIONAL_REPRESENTATION('',(#3706),#3713);
#3706 = B_SPLINE_CURVE_WITH_KNOTS('',5,(#3707,#3708,#3709,#3710,#3711,
    #3712),.UNSPECIFIED.,.F.,.F.,(6,6),(0.,2.53388275759),
  .PIECEWISE_BEZIER_KNOTS.);
#3707 = CARTESIAN_POINT('',(26.838964421076,-185.6511301156));
#3708 = CARTESIAN_POINT('',(26.741072952558,-185.3062021495));
#3709 = CARTESIAN_POINT('',(26.666381749084,-184.9550647474));
#3710 = CARTESIAN_POINT('',(26.616104015064,-184.5995308336));
#3711 = CARTESIAN_POINT('',(26.590964389724,-184.2417132238));
#3712 = CARTESIAN_POINT('',(26.590964389724,-183.8838954363));
#3713 = ( GEOMETRIC_REPRESENTATION_CONTEXT(2) 
PARAMETRIC_REPRESENTATION_CONTEXT() REPRESENTATION_CONTEXT('2D SPACE',''
  ) );
#3714 = ORIENTED_EDGE('',*,*,#3715,.F.);
#3715 = EDGE_CURVE('',#2372,#3665,#3716,.T.);
#3716 = SURFACE_CURVE('',#3717,(#3724,#3731),.PCURVE_S1.);
#3717 = B_SPLINE_CURVE_WITH_KNOTS('',5,(#3718,#3719,#3720,#3721,#3722,
    #3723),.UNSPECIFIED.,.F.,.F.,(6,6),(0.,5.63453592125),
  .PIECEWISE_BEZIER_KNOTS.);
#3718 = CARTESIAN_POINT('',(424.384146021,750.091778232,73.1974553613));
#3719 = CARTESIAN_POINT('',(425.490931347,750.049449471,73.3965918742));
#3720 = CARTESIAN_POINT('',(426.597716673,750.24534185,73.6463634062));
#3721 = CARTESIAN_POINT('',(427.635252785,750.68244616,73.9343831794));
#3722 = CARTESIAN_POINT('',(428.535006963,751.331890203,74.2416265275));
#3723 = CARTESIAN_POINT('',(429.252358206,752.142710729,74.5488698841));
#3724 = PCURVE('',#2099,#3725);
#3725 = DEFINITIONAL_REPRESENTATION('',(#3726),#3730);
#3726 = LINE('',#3727,#3728);
#3727 = CARTESIAN_POINT('',(57.1769928853,-2.601103896056E-15));
#3728 = VECTOR('',#3729,1.);
#3729 = DIRECTION('',(2.522098521301E-15,1.));
#3730 = ( GEOMETRIC_REPRESENTATION_CONTEXT(2) 
PARAMETRIC_REPRESENTATION_CONTEXT() REPRESENTATION_CONTEXT('2D SPACE',''
  ) );
#3731 = PCURVE('',#3732,#3737);
#3732 = CYLINDRICAL_SURFACE('',#3733,6.5);
#3733 = AXIS2_PLACEMENT_3D('',#3734,#3735,#3736);
#3734 = CARTESIAN_POINT('',(421.53038706,753.224153308,89.7240728374));
#3735 = DIRECTION('',(0.18090958821,0.204481091993,-0.962007902208));
#3736 = DIRECTION('',(0.748955720789,-0.662620048216,-2.081390615416E-13
    ));
#3737 = DEFINITIONAL_REPRESENTATION('',(#3738),#3741);
#3738 = B_SPLINE_CURVE_WITH_KNOTS('',1,(#3739,#3740),.UNSPECIFIED.,.F.,
  .F.,(2,2),(0.,5.63453592125),.PIECEWISE_BEZIER_KNOTS.);
#3739 = CARTESIAN_POINT('',(0.865656465389,15.774497491193));
#3740 = CARTESIAN_POINT('',(2.42742754193E-07,15.774509219399));
#3741 = ( GEOMETRIC_REPRESENTATION_CONTEXT(2) 
PARAMETRIC_REPRESENTATION_CONTEXT() REPRESENTATION_CONTEXT('2D SPACE',''
  ) );
#3742 = ORIENTED_EDGE('',*,*,#2399,.T.);
#3743 = ADVANCED_FACE('',(#3744),#2158,.F.);
#3744 = FACE_BOUND('',#3745,.F.);
#3745 = EDGE_LOOP('',(#3746,#3747,#3748,#3749,#3772,#3860,#3888,#3953,
    #4126,#4154,#4272,#4300,#4473,#4501,#4566,#4594,#4767,#4795));
#3746 = ORIENTED_EDGE('',*,*,#3077,.F.);
#3747 = ORIENTED_EDGE('',*,*,#2142,.F.);
#3748 = ORIENTED_EDGE('',*,*,#3664,.F.);
#3749 = ORIENTED_EDGE('',*,*,#3750,.T.);
#3750 = EDGE_CURVE('',#3665,#3751,#3753,.T.);
#3751 = VERTEX_POINT('',#3752);
#3752 = CARTESIAN_POINT('',(430.125732868,753.129881206,69.9046034187));
#3753 = SURFACE_CURVE('',#3754,(#3758,#3765),.PCURVE_S1.);
#3754 = LINE('',#3755,#3756);
#3755 = CARTESIAN_POINT('',(429.689045467,752.636295888,72.2267370231));
#3756 = VECTOR('',#3757,1.);
#3757 = DIRECTION('',(0.180909785713,0.20448131523,-0.962007817616));
#3758 = PCURVE('',#2158,#3759);
#3759 = DEFINITIONAL_REPRESENTATION('',(#3760),#3764);
#3760 = LINE('',#3761,#3762);
#3761 = CARTESIAN_POINT('',(27.497995582882,-187.9732629769));
#3762 = VECTOR('',#3763,1.);
#3763 = DIRECTION('',(0.273021901768,-0.962007817616));
#3764 = ( GEOMETRIC_REPRESENTATION_CONTEXT(2) 
PARAMETRIC_REPRESENTATION_CONTEXT() REPRESENTATION_CONTEXT('2D SPACE',''
  ) );
#3765 = PCURVE('',#3732,#3766);
#3766 = DEFINITIONAL_REPRESENTATION('',(#3767),#3771);
#3767 = LINE('',#3768,#3769);
#3768 = CARTESIAN_POINT('',(1.276085090351E-07,18.188349126526));
#3769 = VECTOR('',#3770,1.);
#3770 = DIRECTION('',(-4.766699244361E-08,1.));
#3771 = ( GEOMETRIC_REPRESENTATION_CONTEXT(2) 
PARAMETRIC_REPRESENTATION_CONTEXT() REPRESENTATION_CONTEXT('2D SPACE',''
  ) );
#3772 = ORIENTED_EDGE('',*,*,#3773,.T.);
#3773 = EDGE_CURVE('',#3751,#3774,#3776,.T.);
#3774 = VERTEX_POINT('',#3775);
#3775 = CARTESIAN_POINT('',(430.63807244,753.708975748,64.3949412394));
#3776 = SURFACE_CURVE('',#3777,(#3784,#3794),.PCURVE_S1.);
#3777 = B_SPLINE_CURVE_WITH_KNOTS('',5,(#3778,#3779,#3780,#3781,#3782,
    #3783),.UNSPECIFIED.,.F.,.F.,(6,6),(0.,7.89977473392),
  .PIECEWISE_BEZIER_KNOTS.);
#3778 = CARTESIAN_POINT('',(430.125732868,753.129881206,69.9046034187));
#3779 = CARTESIAN_POINT('',(430.327554807,753.35799941,68.8313926574));
#3780 = CARTESIAN_POINT('',(430.481949203,753.532510529,67.7372638763));
#3781 = CARTESIAN_POINT('',(430.586034048,753.650157045,66.6282453873));
#3782 = CARTESIAN_POINT('',(430.638073303,753.708976724,65.5116042066));
#3783 = CARTESIAN_POINT('',(430.63807244,753.708975748,64.3949412394));
#3784 = PCURVE('',#2158,#3785);
#3785 = DEFINITIONAL_REPRESENTATION('',(#3786),#3793);
#3786 = B_SPLINE_CURVE_WITH_KNOTS('',5,(#3787,#3788,#3789,#3790,#3791,
    #3792),.UNSPECIFIED.,.F.,.F.,(6,6),(0.,7.89977473392),
  .PIECEWISE_BEZIER_KNOTS.);
#3787 = CARTESIAN_POINT('',(28.157026957202,-190.2953965813));
#3788 = CARTESIAN_POINT('',(28.461608654055,-191.3686073426));
#3789 = CARTESIAN_POINT('',(28.694614577093,-192.4627361237));
#3790 = CARTESIAN_POINT('',(28.851695313294,-193.5717546127));
#3791 = CARTESIAN_POINT('',(28.930230902033,-194.6883957934));
#3792 = CARTESIAN_POINT('',(28.930229599212,-195.8050587606));
#3793 = ( GEOMETRIC_REPRESENTATION_CONTEXT(2) 
PARAMETRIC_REPRESENTATION_CONTEXT() REPRESENTATION_CONTEXT('2D SPACE',''
  ) );
#3794 = PCURVE('',#3795,#3832);
#3795 = B_SPLINE_SURFACE_WITH_KNOTS('',5,5,(
    (#3796,#3797,#3798,#3799,#3800,#3801)
    ,(#3802,#3803,#3804,#3805,#3806,#3807)
    ,(#3808,#3809,#3810,#3811,#3812,#3813)
    ,(#3814,#3815,#3816,#3817,#3818,#3819)
    ,(#3820,#3821,#3822,#3823,#3824,#3825)
    ,(#3826,#3827,#3828,#3829,#3830,#3831
    )),.UNSPECIFIED.,.F.,.F.,.F.,(6,6),(6,6),(46.7750556887,
    51.6453179153),(0.,5.63468056205),.PIECEWISE_BEZIER_KNOTS.);
#3796 = CARTESIAN_POINT('',(425.257520683,751.078952096,68.5531776063));
#3797 = CARTESIAN_POINT('',(426.364305666,751.036623962,68.7523159783));
#3798 = CARTESIAN_POINT('',(427.47109065,751.232516285,69.0020896643));
#3799 = CARTESIAN_POINT('',(428.508626604,751.669619807,69.2901117997));
#3800 = CARTESIAN_POINT('',(429.408380989,752.319062454,69.597357609));
#3801 = CARTESIAN_POINT('',(430.125732868,753.129881206,69.9046034179));
#3802 = CARTESIAN_POINT('',(425.458942597,751.250775522,67.7448126638));
#3803 = CARTESIAN_POINT('',(426.563211761,751.225000784,67.9065346882));
#3804 = CARTESIAN_POINT('',(427.667480925,751.435424553,68.1081739539));
#3805 = CARTESIAN_POINT('',(428.703859,751.883941713,68.3398828458));
#3806 = CARTESIAN_POINT('',(429.605133023,752.541449986,68.5867013424));
#3807 = CARTESIAN_POINT('',(430.327154782,753.357547265,68.8335198395));
#3808 = CARTESIAN_POINT('',(425.613436644,751.382567038,66.919471699));
#3809 = CARTESIAN_POINT('',(426.715793324,751.369575836,67.0420255458));
#3810 = CARTESIAN_POINT('',(427.818150004,751.591153476,67.1942030577));
#3811 = CARTESIAN_POINT('',(428.853645604,752.048394255,67.3686555291));
#3812 = CARTESIAN_POINT('',(429.756069622,752.712053101,67.5542992941));
#3813 = CARTESIAN_POINT('',(430.481648829,753.532171019,67.7399430604));
#3814 = CARTESIAN_POINT('',(425.717730856,751.471535493,66.0818787443));
#3815 = CARTESIAN_POINT('',(426.818803554,751.467204662,66.1639967494));
#3816 = CARTESIAN_POINT('',(427.919876252,751.696313574,66.2657570418));
#3817 = CARTESIAN_POINT('',(428.954778554,752.159431899,66.382273426));
#3818 = CARTESIAN_POINT('',(429.857972692,752.827230583,66.5062029731));
#3819 = CARTESIAN_POINT('',(430.585943041,753.650054181,66.6301325173));
#3820 = CARTESIAN_POINT('',(425.76986112,751.516005324,65.238443012));
#3821 = CARTESIAN_POINT('',(426.870291915,751.516003215,65.2795035736));
#3822 = CARTESIAN_POINT('',(427.97072271,751.748876657,65.3303856378));
#3823 = CARTESIAN_POINT('',(429.005328405,752.214932905,65.3886460163));
#3824 = CARTESIAN_POINT('',(429.90890757,752.884800832,65.4506131098));
#3825 = CARTESIAN_POINT('',(430.638073305,753.708976726,65.5125801996));
#3826 = CARTESIAN_POINT('',(425.769860255,751.516004574,64.3949419192));
#3827 = CARTESIAN_POINT('',(426.870290961,751.516002729,64.3949418244));
#3828 = CARTESIAN_POINT('',(427.970721668,751.748876277,64.3949417021));
#3829 = CARTESIAN_POINT('',(429.005327323,752.214932458,64.3949415578));
#3830 = CARTESIAN_POINT('',(429.90890654,752.884800169,64.3949414006));
#3831 = CARTESIAN_POINT('',(430.63807244,753.708975748,64.3949412402));
#3832 = DEFINITIONAL_REPRESENTATION('',(#3833),#3859);
#3833 = B_SPLINE_CURVE_WITH_KNOTS('',3,(#3834,#3835,#3836,#3837,#3838,
    #3839,#3840,#3841,#3842,#3843,#3844,#3845,#3846,#3847,#3848,#3849,
    #3850,#3851,#3852,#3853,#3854,#3855,#3856,#3857,#3858),
  .UNSPECIFIED.,.F.,.F.,(4,1,1,1,1,1,1,1,1,1,1,1,1,1,1,1,1,1,1,1,1,1,4),
  (0.,0.359080669724,0.718161339447,1.077242009171,1.436322678895,
    1.795403348618,2.154484018342,2.513564688065,2.872645357789,
    3.231726027513,3.590806697236,3.94988736696,4.308968036684,
    4.668048706407,5.027129376131,5.386210045855,5.745290715578,
    6.104371385302,6.463452055025,6.822532724749,7.181613394473,
    7.540694064196,7.89977473392),.UNSPECIFIED.);
#3834 = CARTESIAN_POINT('',(46.7750556887,5.63468056205));
#3835 = CARTESIAN_POINT('',(46.848994115199,5.634680550973));
#3836 = CARTESIAN_POINT('',(46.996850026159,5.634680570466));
#3837 = CARTESIAN_POINT('',(47.218573712546,5.634680826336));
#3838 = CARTESIAN_POINT('',(47.440239761298,5.634681454948));
#3839 = CARTESIAN_POINT('',(47.66185107758,5.634682446917));
#3840 = CARTESIAN_POINT('',(47.883410757857,5.634683730452));
#3841 = CARTESIAN_POINT('',(48.104922089376,5.634685181842));
#3842 = CARTESIAN_POINT('',(48.326388502895,5.634686654125));
#3843 = CARTESIAN_POINT('',(48.547813537078,5.634687996729));
#3844 = CARTESIAN_POINT('',(48.769200799021,5.634689073194));
#3845 = CARTESIAN_POINT('',(48.990553925176,5.634689774905));
#3846 = CARTESIAN_POINT('',(49.21187654165,5.634690031241));
#3847 = CARTESIAN_POINT('',(49.433172224282,5.634689815894));
#3848 = CARTESIAN_POINT('',(49.65444445852,5.634689149316));
#3849 = CARTESIAN_POINT('',(49.875696599219,5.634688097222));
#3850 = CARTESIAN_POINT('',(50.096931830512,5.634686765094));
#3851 = CARTESIAN_POINT('',(50.318153125736,5.634685288646));
#3852 = CARTESIAN_POINT('',(50.539363208034,5.634683820356));
#3853 = CARTESIAN_POINT('',(50.760564509927,5.634682511572));
#3854 = CARTESIAN_POINT('',(50.981759138863,5.634681492226));
#3855 = CARTESIAN_POINT('',(51.202948823196,5.634680840676));
#3856 = CARTESIAN_POINT('',(51.424134934621,5.634680571993));
#3857 = CARTESIAN_POINT('',(51.571590464469,5.634680550294));
#3858 = CARTESIAN_POINT('',(51.6453179153,5.63468056205));
#3859 = ( GEOMETRIC_REPRESENTATION_CONTEXT(2) 
PARAMETRIC_REPRESENTATION_CONTEXT() REPRESENTATION_CONTEXT('2D SPACE',''
  ) );
#3860 = ORIENTED_EDGE('',*,*,#3861,.F.);
#3861 = EDGE_CURVE('',#3862,#3774,#3864,.T.);
#3862 = VERTEX_POINT('',#3863);
#3863 = CARTESIAN_POINT('',(430.638067077,753.708969686,45.3184166353));
#3864 = SURFACE_CURVE('',#3865,(#3869,#3876),.PCURVE_S1.);
#3865 = LINE('',#3866,#3867);
#3866 = CARTESIAN_POINT('',(430.638067077,753.708969686,54.8566792773));
#3867 = VECTOR('',#3868,1.);
#3868 = DIRECTION('',(0.,0.,1.));
#3869 = PCURVE('',#2158,#3870);
#3870 = DEFINITIONAL_REPRESENTATION('',(#3871),#3875);
#3871 = LINE('',#3872,#3873);
#3872 = CARTESIAN_POINT('',(28.930221505411,-205.3433207227));
#3873 = VECTOR('',#3874,1.);
#3874 = DIRECTION('',(0.,1.));
#3875 = ( GEOMETRIC_REPRESENTATION_CONTEXT(2) 
PARAMETRIC_REPRESENTATION_CONTEXT() REPRESENTATION_CONTEXT('2D SPACE',''
  ) );
#3876 = PCURVE('',#3877,#3882);
#3877 = CYLINDRICAL_SURFACE('',#3878,6.5);
#3878 = AXIS2_PLACEMENT_3D('',#3879,#3880,#3881);
#3879 = CARTESIAN_POINT('',(425.769854892,758.016,121.936333298));
#3880 = DIRECTION('',(-0.,0.,1.));
#3881 = DIRECTION('',(0.,-1.,0.));
#3882 = DEFINITIONAL_REPRESENTATION('',(#3883),#3887);
#3883 = LINE('',#3884,#3885);
#3884 = CARTESIAN_POINT('',(0.846484687135,-67.0796540207));
#3885 = VECTOR('',#3886,1.);
#3886 = DIRECTION('',(0.,1.));
#3887 = ( GEOMETRIC_REPRESENTATION_CONTEXT(2) 
PARAMETRIC_REPRESENTATION_CONTEXT() REPRESENTATION_CONTEXT('2D SPACE',''
  ) );
#3888 = ORIENTED_EDGE('',*,*,#3889,.T.);
#3889 = EDGE_CURVE('',#3862,#3890,#3892,.T.);
#3890 = VERTEX_POINT('',#3891);
#3891 = CARTESIAN_POINT('',(432.93459338,756.304720474,44.5625450861));
#3892 = SURFACE_CURVE('',#3893,(#3900,#3910),.PCURVE_S1.);
#3893 = B_SPLINE_CURVE_WITH_KNOTS('',5,(#3894,#3895,#3896,#3897,#3898,
    #3899),.UNSPECIFIED.,.F.,.F.,(6,6),(0.,5.01978688533),
  .PIECEWISE_BEZIER_KNOTS.);
#3894 = CARTESIAN_POINT('',(430.638067227,753.708969856,45.3184181906));
#3895 = CARTESIAN_POINT('',(431.103395595,754.234927898,45.2158084992));
#3896 = CARTESIAN_POINT('',(431.566357587,754.758211239,45.0896536614));
#3897 = CARTESIAN_POINT('',(432.027647512,755.279604651,44.938736841));
#3898 = CARTESIAN_POINT('',(432.48354371,755.794901564,44.7633435569));
#3899 = CARTESIAN_POINT('',(432.93459338,756.304720474,44.5625450861));
#3900 = PCURVE('',#2158,#3901);
#3901 = DEFINITIONAL_REPRESENTATION('',(#3902),#3909);
#3902 = B_SPLINE_CURVE_WITH_KNOTS('',5,(#3903,#3904,#3905,#3906,#3907,
    #3908),.UNSPECIFIED.,.F.,.F.,(6,6),(0.,5.01978688533),
  .PIECEWISE_BEZIER_KNOTS.);
#3903 = CARTESIAN_POINT('',(28.930221732126,-214.8815818094));
#3904 = CARTESIAN_POINT('',(29.632476922218,-214.9841915008));
#3905 = CARTESIAN_POINT('',(30.331160871514,-215.1103463386));
#3906 = CARTESIAN_POINT('',(31.027321402558,-215.261263159));
#3907 = CARTESIAN_POINT('',(31.715341934155,-215.4366564431));
#3908 = CARTESIAN_POINT('',(32.396048277449,-215.6374549139));
#3909 = ( GEOMETRIC_REPRESENTATION_CONTEXT(2) 
PARAMETRIC_REPRESENTATION_CONTEXT() REPRESENTATION_CONTEXT('2D SPACE',''
  ) );
#3910 = PCURVE('',#3911,#3948);
#3911 = B_SPLINE_SURFACE_WITH_KNOTS('',5,5,(
    (#3912,#3913,#3914,#3915,#3916,#3917)
    ,(#3918,#3919,#3920,#3921,#3922,#3923)
    ,(#3924,#3925,#3926,#3927,#3928,#3929)
    ,(#3930,#3931,#3932,#3933,#3934,#3935)
    ,(#3936,#3937,#3938,#3939,#3940,#3941)
    ,(#3942,#3943,#3944,#3945,#3946,#3947
    )),.UNSPECIFIED.,.F.,.F.,.F.,(6,6),(6,6),(0.,3.55339591557),(
    -2.60996105026E-14,2.27830980193),.PIECEWISE_BEZIER_KNOTS.);
#3912 = CARTESIAN_POINT('',(432.934636037,756.30476869,44.5625260963));
#3913 = CARTESIAN_POINT('',(433.275801582,756.002812669,44.5625735284));
#3914 = CARTESIAN_POINT('',(433.617076556,755.700980334,44.562601578));
#3915 = CARTESIAN_POINT('',(433.95827866,755.399065636,44.5626476857));
#3916 = CARTESIAN_POINT('',(434.299487526,755.09715858,44.562633623));
#3917 = CARTESIAN_POINT('',(434.640761466,754.795325077,44.5625317988));
#3918 = CARTESIAN_POINT('',(432.482972365,755.794255776,44.7635999972));
#3919 = CARTESIAN_POINT('',(432.822956592,755.490964518,44.7641485777));
#3920 = CARTESIAN_POINT('',(433.165396137,755.190448492,44.7634056163));
#3921 = CARTESIAN_POINT('',(433.507106346,754.889108101,44.763532925));
#3922 = CARTESIAN_POINT('',(433.846454673,754.585098089,44.7642829989));
#3923 = CARTESIAN_POINT('',(434.189129815,754.284848357,44.7636362884));
#3924 = CARTESIAN_POINT('',(432.027813579,755.279792356,44.9385814352));
#3925 = CARTESIAN_POINT('',(432.370670127,754.979747666,44.9429031554));
#3926 = CARTESIAN_POINT('',(432.7104359,754.67620949,44.9500594355));
#3927 = CARTESIAN_POINT('',(433.049771453,754.37218504,44.9538417788));
#3928 = CARTESIAN_POINT('',(433.397935645,754.07813955,44.9597384052));
#3929 = CARTESIAN_POINT('',(433.736198171,753.772902262,44.9509063025));
#3930 = CARTESIAN_POINT('',(431.566087011,754.757905409,45.0896559938));
#3931 = CARTESIAN_POINT('',(431.906300035,754.454872757,45.0870100099));
#3932 = CARTESIAN_POINT('',(432.24872815,754.154343812,45.0832388542));
#3933 = CARTESIAN_POINT('',(432.594174598,753.857226472,45.0842091962));
#3934 = CARTESIAN_POINT('',(432.928216208,753.547218307,45.086928794));
#3935 = CARTESIAN_POINT('',(433.276390158,753.253183846,45.1151625435));
#3936 = CARTESIAN_POINT('',(431.10398788,754.235597354,45.2156800208));
#3937 = CARTESIAN_POINT('',(431.446752801,753.935449098,45.2223190002));
#3938 = CARTESIAN_POINT('',(431.788745575,753.634428091,45.2279389606));
#3939 = CARTESIAN_POINT('',(432.127569107,753.329824905,45.233645082));
#3940 = CARTESIAN_POINT('',(432.473453502,753.033202573,45.2369434866));
#3941 = CARTESIAN_POINT('',(432.812243966,752.728562011,45.2418971649));
#3942 = CARTESIAN_POINT('',(430.638015893,753.708911834,45.31842951));
#3943 = CARTESIAN_POINT('',(430.97931451,753.407106223,45.3183960494));
#3944 = CARTESIAN_POINT('',(431.320513945,753.105188507,45.3185353362));
#3945 = CARTESIAN_POINT('',(431.661726912,752.803286086,45.3184278987));
#3946 = CARTESIAN_POINT('',(432.003020194,752.501474446,45.3185864115));
#3947 = CARTESIAN_POINT('',(432.344147771,752.19947551,45.3184501978));
#3948 = DEFINITIONAL_REPRESENTATION('',(#3949),#3952);
#3949 = B_SPLINE_CURVE_WITH_KNOTS('',1,(#3950,#3951),.UNSPECIFIED.,.F.,
  .F.,(2,2),(7.5098588709E-10,5.01978688533),.PIECEWISE_BEZIER_KNOTS.);
#3950 = CARTESIAN_POINT('',(3.553317623156,3.527206184641E-10));
#3951 = CARTESIAN_POINT('',(6.712012486514E-05,6.840756572625E-10));
#3952 = ( GEOMETRIC_REPRESENTATION_CONTEXT(2) 
PARAMETRIC_REPRESENTATION_CONTEXT() REPRESENTATION_CONTEXT('2D SPACE',''
  ) );
#3953 = ORIENTED_EDGE('',*,*,#3954,.T.);
#3954 = EDGE_CURVE('',#3890,#3955,#3957,.T.);
#3955 = VERTEX_POINT('',#3956);
#3956 = CARTESIAN_POINT('',(433.899549954,757.395405474,44.1329182543));
#3957 = SURFACE_CURVE('',#3958,(#3965,#3975),.PCURVE_S1.);
#3958 = B_SPLINE_CURVE_WITH_KNOTS('',5,(#3959,#3960,#3961,#3962,#3963,
    #3964),.UNSPECIFIED.,.F.,.F.,(6,6),(0.,2.14714267848),
  .PIECEWISE_BEZIER_KNOTS.);
#3959 = CARTESIAN_POINT('',(432.934635337,756.304767899,44.5625225089));
#3960 = CARTESIAN_POINT('',(433.127626868,756.522905142,44.4766457137));
#3961 = CARTESIAN_POINT('',(433.320583423,756.741002854,44.3905899444));
#3962 = CARTESIAN_POINT('',(433.513623858,756.959195374,44.3049546153));
#3963 = CARTESIAN_POINT('',(433.706552775,757.177261846,44.2187665065));
#3964 = CARTESIAN_POINT('',(433.899549954,757.395405474,44.1329182543));
#3965 = PCURVE('',#2158,#3966);
#3966 = DEFINITIONAL_REPRESENTATION('',(#3967),#3974);
#3967 = B_SPLINE_CURVE_WITH_KNOTS('',5,(#3968,#3969,#3970,#3971,#3972,
    #3973),.UNSPECIFIED.,.F.,.F.,(6,6),(0.,2.14714267848),
  .PIECEWISE_BEZIER_KNOTS.);
#3968 = CARTESIAN_POINT('',(32.396111598223,-215.6374774911));
#3969 = CARTESIAN_POINT('',(32.687366791861,-215.7233542863));
#3970 = CARTESIAN_POINT('',(32.978569202733,-215.8094100556));
#3971 = CARTESIAN_POINT('',(33.269898201167,-215.8950453847));
#3972 = CARTESIAN_POINT('',(33.561058901169,-215.9812334935));
#3973 = CARTESIAN_POINT('',(33.852322619367,-216.0670817457));
#3974 = ( GEOMETRIC_REPRESENTATION_CONTEXT(2) 
PARAMETRIC_REPRESENTATION_CONTEXT() REPRESENTATION_CONTEXT('2D SPACE',''
  ) );
#3975 = PCURVE('',#3976,#4121);
#3976 = B_SPLINE_SURFACE_WITH_KNOTS('',5,5,(
    (#3977,#3978,#3979,#3980,#3981,#3982,#3983,#3984,#3985,#3986,#3987
      ,#3988)
    ,(#3989,#3990,#3991,#3992,#3993,#3994,#3995,#3996,#3997,#3998,#3999
      ,#4000)
    ,(#4001,#4002,#4003,#4004,#4005,#4006,#4007,#4008,#4009,#4010,#4011
      ,#4012)
    ,(#4013,#4014,#4015,#4016,#4017,#4018,#4019,#4020,#4021,#4022,#4023
      ,#4024)
    ,(#4025,#4026,#4027,#4028,#4029,#4030,#4031,#4032,#4033,#4034,#4035
      ,#4036)
    ,(#4037,#4038,#4039,#4040,#4041,#4042,#4043,#4044,#4045,#4046,#4047
      ,#4048)
    ,(#4049,#4050,#4051,#4052,#4053,#4054,#4055,#4056,#4057,#4058,#4059
      ,#4060)
    ,(#4061,#4062,#4063,#4064,#4065,#4066,#4067,#4068,#4069,#4070,#4071
      ,#4072)
    ,(#4073,#4074,#4075,#4076,#4077,#4078,#4079,#4080,#4081,#4082,#4083
      ,#4084)
    ,(#4085,#4086,#4087,#4088,#4089,#4090,#4091,#4092,#4093,#4094,#4095
      ,#4096)
    ,(#4097,#4098,#4099,#4100,#4101,#4102,#4103,#4104,#4105,#4106,#4107
      ,#4108)
    ,(#4109,#4110,#4111,#4112,#4113,#4114,#4115,#4116,#4117,#4118,#4119
      ,#4120
    )),.UNSPECIFIED.,.F.,.F.,.F.,(6,3,3,6),(6,3,3,6),(0.,0.633673399227,
    1.22479798898,1.51960049341),(-2.60996105026E-14,0.927191444114,
    1.8270454933,2.27811162694),.UNSPECIFIED.);
#3977 = CARTESIAN_POINT('',(432.934592677,756.304719681,44.5625414913));
#3978 = CARTESIAN_POINT('',(433.07347166,756.181851388,44.5625451088));
#3979 = CARTESIAN_POINT('',(433.212348803,756.058981016,44.5625395699));
#3980 = CARTESIAN_POINT('',(433.351227668,755.936112591,44.5625425838));
#3981 = CARTESIAN_POINT('',(433.624888808,755.693996287,44.562538758));
#3982 = CARTESIAN_POINT('',(433.898550775,755.451880917,44.5625388159));
#3983 = CARTESIAN_POINT('',(434.033333949,755.332634053,44.5625350897));
#3984 = CARTESIAN_POINT('',(434.235679807,755.153613347,44.5625404631));
#3985 = CARTESIAN_POINT('',(434.438024253,754.974591043,44.5625310234));
#3986 = CARTESIAN_POINT('',(434.505586551,754.914816762,44.5625277821));
#3987 = CARTESIAN_POINT('',(434.57314902,754.855042675,44.5625264211));
#3988 = CARTESIAN_POINT('',(434.640712199,754.795269391,44.5625248217));
#3989 = CARTESIAN_POINT('',(433.015073702,756.395686931,44.5267292995));
#3990 = CARTESIAN_POINT('',(433.153945238,756.272810221,44.5266944455));
#3991 = CARTESIAN_POINT('',(433.292827398,756.149945521,44.5267154921));
#3992 = CARTESIAN_POINT('',(433.431703229,756.027073665,44.5267015678));
#3993 = CARTESIAN_POINT('',(433.705364175,755.784957142,44.5266974191));
#3994 = CARTESIAN_POINT('',(433.97902484,755.542840301,44.5266883607));
#3995 = CARTESIAN_POINT('',(434.113808046,755.423593473,44.5266875138));
#3996 = CARTESIAN_POINT('',(434.316151927,755.244570532,44.5266866135));
#3997 = CARTESIAN_POINT('',(434.518495413,755.065547143,44.5266824057));
#3998 = CARTESIAN_POINT('',(434.586055522,755.005770389,44.5266515253));
#3999 = CARTESIAN_POINT('',(434.653622401,754.946001287,44.5266883068));
#4000 = CARTESIAN_POINT('',(434.721183248,754.886225366,44.5266492115));
#4001 = CARTESIAN_POINT('',(433.095548635,756.486647296,44.4908859566));
#4002 = CARTESIAN_POINT('',(433.234388092,756.363734328,44.490687684));
#4003 = CARTESIAN_POINT('',(433.373223666,756.240816971,44.4904672003));
#4004 = CARTESIAN_POINT('',(433.512062175,756.117902931,44.4902701939));
#4005 = CARTESIAN_POINT('',(433.785637555,755.875689693,44.4898236116));
#4006 = CARTESIAN_POINT('',(434.059195635,755.6334569,44.4893588454));
#4007 = CARTESIAN_POINT('',(434.193921099,755.514144808,44.4890851859));
#4008 = CARTESIAN_POINT('',(434.396158029,755.33500098,44.4887229216));
#4009 = CARTESIAN_POINT('',(434.598366152,755.155824592,44.4880594044));
#4010 = CARTESIAN_POINT('',(434.665875127,755.09599004,44.4878243437));
#4011 = CARTESIAN_POINT('',(434.733372548,755.03614243,44.4873592966));
#4012 = CARTESIAN_POINT('',(434.800875711,754.976301308,44.4869328797));
#4013 = CARTESIAN_POINT('',(433.17602603,756.577610443,44.4550551233));
#4014 = CARTESIAN_POINT('',(433.31478658,756.454608287,44.4544520844));
#4015 = CARTESIAN_POINT('',(433.45354461,756.331603283,44.4538412685));
#4016 = CARTESIAN_POINT('',(433.592298828,756.20859397,44.4532048894));
#4017 = CARTESIAN_POINT('',(433.865704062,755.966188416,44.4519150041));
#4018 = CARTESIAN_POINT('',(434.139054519,755.723720948,44.4504795053));
#4019 = CARTESIAN_POINT('',(434.273661055,755.604274433,44.4497350426));
#4020 = CARTESIAN_POINT('',(434.475685562,755.424890504,44.4485086232));
#4021 = CARTESIAN_POINT('',(434.677622787,755.245407921,44.4467433097));
#4022 = CARTESIAN_POINT('',(434.745048339,755.185479077,44.4460368735));
#4023 = CARTESIAN_POINT('',(434.812468885,755.125544576,44.4453083034));
#4024 = CARTESIAN_POINT('',(434.879894566,755.065615877,44.444490652));
#4025 = CARTESIAN_POINT('',(433.331576483,756.753428248,44.3857965685));
#4026 = CARTESIAN_POINT('',(433.470152579,756.630217604,44.3842508646));
#4027 = CARTESIAN_POINT('',(433.608720038,756.506997198,44.3826601902));
#4028 = CARTESIAN_POINT('',(433.747277429,756.383765412,44.3810314287));
#4029 = CARTESIAN_POINT('',(434.020281033,756.140905899,44.3776873915));
#4030 = CARTESIAN_POINT('',(434.293156971,755.897902085,44.37402714));
#4031 = CARTESIAN_POINT('',(434.427516898,755.778176828,44.3721402793));
#4032 = CARTESIAN_POINT('',(434.629076914,755.598267889,44.3690860998));
#4033 = CARTESIAN_POINT('',(434.830578013,755.418292354,44.3655427155));
#4034 = CARTESIAN_POINT('',(434.897837372,755.358175664,44.3643285321));
#4035 = CARTESIAN_POINT('',(434.965128838,755.298095263,44.3630361892));
#4036 = CARTESIAN_POINT('',(435.032423184,755.238018118,44.3617124228));
#4037 = CARTESIAN_POINT('',(433.487126892,756.929246001,44.3165375016));
#4038 = CARTESIAN_POINT('',(433.625548411,756.80586064,44.3142001848));
#4039 = CARTESIAN_POINT('',(433.763957286,756.682460988,44.3118043049));
#4040 = CARTESIAN_POINT('',(433.902353486,756.559047009,44.3093378192));
#4041 = CARTESIAN_POINT('',(434.175017823,756.315804024,44.3042758326));
#4042 = CARTESIAN_POINT('',(434.447541711,756.07240229,44.2987843106));
#4043 = CARTESIAN_POINT('',(434.581714279,755.952465263,44.2959625538));
#4044 = CARTESIAN_POINT('',(434.783010498,755.772258154,44.2915382277));
#4045 = CARTESIAN_POINT('',(434.984294492,755.592037228,44.2869268027));
#4046 = CARTESIAN_POINT('',(435.051540022,755.531904906,44.2853533675));
#4047 = CARTESIAN_POINT('',(435.118796144,755.471784557,44.2837716964));
#4048 = CARTESIAN_POINT('',(435.186110186,755.411729673,44.2821634416));
#4049 = CARTESIAN_POINT('',(433.562200448,757.014101221,44.2831126162));
#4050 = CARTESIAN_POINT('',(433.700575704,756.890663569,44.2805388194));
#4051 = CARTESIAN_POINT('',(433.838938101,756.767211382,44.277899283));
#4052 = CARTESIAN_POINT('',(433.977283615,756.643740114,44.2751832684));
#4053 = CARTESIAN_POINT('',(434.249851331,756.400387918,44.2695998117));
#4054 = CARTESIAN_POINT('',(434.522277837,756.156876113,44.2635657794));
#4055 = CARTESIAN_POINT('',(434.65642043,756.036905206,44.2604678754));
#4056 = CARTESIAN_POINT('',(434.857650598,755.85662344,44.25565134));
#4057 = CARTESIAN_POINT('',(435.058997082,755.676473146,44.2507799013));
#4058 = CARTESIAN_POINT('',(435.126181603,755.616271866,44.2491742114));
#4059 = CARTESIAN_POINT('',(435.193502264,755.556224465,44.2475456326));
#4060 = CARTESIAN_POINT('',(435.260829849,755.496184889,44.2459177842));
#4061 = CARTESIAN_POINT('',(433.674713558,757.141274157,44.23301319));
#4062 = CARTESIAN_POINT('',(433.813104422,757.017854147,44.230520061));
#4063 = CARTESIAN_POINT('',(433.951480877,756.89441785,44.2279566397));
#4064 = CARTESIAN_POINT('',(434.089841213,756.770963335,44.225302559));
#4065 = CARTESIAN_POINT('',(434.362437,756.527642867,44.2198648651));
#4066 = CARTESIAN_POINT('',(434.634924526,756.284200034,44.2139906847));
#4067 = CARTESIAN_POINT('',(434.769111853,756.164279688,44.2109874512));
#4068 = CARTESIAN_POINT('',(434.970419501,755.984085498,44.2062988877));
#4069 = CARTESIAN_POINT('',(435.171953378,755.804147014,44.2015609433));
#4070 = CARTESIAN_POINT('',(435.239400267,755.744242287,44.1999764426));
#4071 = CARTESIAN_POINT('',(435.306788351,755.684271093,44.1984400278));
#4072 = CARTESIAN_POINT('',(435.374356619,755.62450356,44.1968874567));
#4073 = CARTESIAN_POINT('',(433.787226149,757.268446507,44.1829127488));
#4074 = CARTESIAN_POINT('',(433.925799855,757.145233162,44.1813528327));
#4075 = CARTESIAN_POINT('',(434.06436083,757.022005427,44.1797297081));
#4076 = CARTESIAN_POINT('',(434.202909117,756.898763352,44.1780501909));
#4077 = CARTESIAN_POINT('',(434.475902475,756.655892257,44.1746097644));
#4078 = CARTESIAN_POINT('',(434.748823601,756.412939519,44.1708958207));
#4079 = CARTESIAN_POINT('',(434.88325164,756.293291249,44.168996282));
#4080 = CARTESIAN_POINT('',(435.084947445,756.11353579,44.1660292327));
#4081 = CARTESIAN_POINT('',(435.286801839,755.933959584,44.1629541085));
#4082 = CARTESIAN_POINT('',(435.354186161,755.873984138,44.161919407));
#4083 = CARTESIAN_POINT('',(435.421896831,755.814377562,44.160863803));
#4084 = CARTESIAN_POINT('',(435.489716396,755.754894068,44.1598149345));
#4085 = CARTESIAN_POINT('',(433.824666428,757.310765044,44.166241594));
#4086 = CARTESIAN_POINT('',(433.963319301,757.187641182,44.1650978064));
#4087 = CARTESIAN_POINT('',(434.101968447,757.064513105,44.1638936359));
#4088 = CARTESIAN_POINT('',(434.240594202,756.941358592,44.1626535595));
#4089 = CARTESIAN_POINT('',(434.513773026,756.698697129,44.1601081113));
#4090 = CARTESIAN_POINT('',(434.786876187,756.455950143,44.1573627398));
#4091 = CARTESIAN_POINT('',(434.921418607,756.336431157,44.1559572388));
#4092 = CARTESIAN_POINT('',(435.123264869,756.15684576,44.1537628452));
#4093 = CARTESIAN_POINT('',(435.325261161,755.97742994,44.151452606));
#4094 = CARTESIAN_POINT('',(435.392597282,755.917400013,44.150668675));
#4095 = CARTESIAN_POINT('',(435.460179478,755.857648223,44.1498717802));
#4096 = CARTESIAN_POINT('',(435.528120444,755.798301948,44.1490233875));
#4097 = CARTESIAN_POINT('',(433.862106808,757.353083695,44.149573569));
#4098 = CARTESIAN_POINT('',(434.000866204,757.230080235,44.1489613038));
#4099 = CARTESIAN_POINT('',(434.139608278,757.107057196,44.1482779828));
#4100 = CARTESIAN_POINT('',(434.278359919,756.98404497,44.1476124622));
#4101 = CARTESIAN_POINT('',(434.551742739,756.741614081,44.1462048161));
#4102 = CARTESIAN_POINT('',(434.825115308,756.499171607,44.1447029596));
#4103 = CARTESIAN_POINT('',(434.959743411,756.379749469,44.1439265775));
#4104 = CARTESIAN_POINT('',(435.161859811,756.200469405,44.1427256861));
#4105 = CARTESIAN_POINT('',(435.363974337,756.021187225,44.141440433));
#4106 = CARTESIAN_POINT('',(435.431476605,755.961345094,44.1410121306));
#4107 = CARTESIAN_POINT('',(435.498934579,755.901452896,44.1405383278));
#4108 = CARTESIAN_POINT('',(435.56654758,755.841735925,44.140088383));
#4109 = CARTESIAN_POINT('',(433.899549954,757.395405474,44.1329182546));
#4110 = CARTESIAN_POINT('',(434.038427621,757.272535694,44.1329150754));
#4111 = CARTESIAN_POINT('',(434.177305027,757.14966562,44.1329103338));
#4112 = CARTESIAN_POINT('',(434.316183668,757.026796941,44.1329146671));
#4113 = CARTESIAN_POINT('',(434.589845058,756.784680918,44.1329064737));
#4114 = CARTESIAN_POINT('',(434.863505237,756.542563528,44.1329077788));
#4115 = CARTESIAN_POINT('',(434.998293881,756.423322848,44.1329053837));
#4116 = CARTESIAN_POINT('',(435.200630147,756.244291299,44.1329068466));
#4117 = CARTESIAN_POINT('',(435.403022912,756.06532361,44.1329092447));
#4118 = CARTESIAN_POINT('',(435.470574049,756.005536715,44.132908345));
#4119 = CARTESIAN_POINT('',(435.538195527,755.945829325,44.132904658));
#4120 = CARTESIAN_POINT('',(435.605775876,755.886075447,44.1329003576));
#4121 = DEFINITIONAL_REPRESENTATION('',(#4122),#4125);
#4122 = B_SPLINE_CURVE_WITH_KNOTS('',1,(#4123,#4124),.UNSPECIFIED.,.F.,
  .F.,(2,2),(0.,2.14714267848),.PIECEWISE_BEZIER_KNOTS.);
#4123 = CARTESIAN_POINT('',(6.717699741207E-05,6.857168900885E-10));
#4124 = CARTESIAN_POINT('',(1.519600493495,-8.160200192138E-14));
#4125 = ( GEOMETRIC_REPRESENTATION_CONTEXT(2) 
PARAMETRIC_REPRESENTATION_CONTEXT() REPRESENTATION_CONTEXT('2D SPACE',''
  ) );
#4126 = ORIENTED_EDGE('',*,*,#4127,.T.);
#4127 = EDGE_CURVE('',#3955,#4128,#4130,.T.);
#4128 = VERTEX_POINT('',#4129);
#4129 = CARTESIAN_POINT('',(499.88126229,831.97416453,114.905516864));
#4130 = SURFACE_CURVE('',#4131,(#4135,#4142),.PCURVE_S1.);
#4131 = LINE('',#4132,#4133);
#4132 = CARTESIAN_POINT('',(466.890405978,794.684784839,79.5192168232));
#4133 = VECTOR('',#4134,1.);
#4134 = DIRECTION('',(0.540102311578,0.610474610837,0.579318774554));
#4135 = PCURVE('',#2158,#4136);
#4136 = DEFINITIONAL_REPRESENTATION('',(#4137),#4141);
#4137 = LINE('',#4138,#4139);
#4138 = CARTESIAN_POINT('',(83.640819228757,-180.6807831768));
#4139 = VECTOR('',#4140,1.);
#4140 = DIRECTION('',(0.815101071922,0.579318774554));
#4141 = ( GEOMETRIC_REPRESENTATION_CONTEXT(2) 
PARAMETRIC_REPRESENTATION_CONTEXT() REPRESENTATION_CONTEXT('2D SPACE',''
  ) );
#4142 = PCURVE('',#4143,#4148);
#4143 = CYLINDRICAL_SURFACE('',#4144,8.);
#4144 = AXIS2_PLACEMENT_3D('',#4145,#4146,#4147);
#4145 = CARTESIAN_POINT('',(471.999098149,788.385826961,78.5721525644));
#4146 = DIRECTION('',(0.540102311575,0.610474610834,0.579318774561));
#4147 = DIRECTION('',(5.090372567906E-14,0.688354575694,-0.725374371012)
  );
#4148 = DEFINITIONAL_REPRESENTATION('',(#4149),#4153);
#4149 = LINE('',#4150,#4151);
#4150 = CARTESIAN_POINT('',(1.09716873746,1.634789514388));
#4151 = VECTOR('',#4152,1.);
#4152 = DIRECTION('',(-1.019729444298E-12,1.));
#4153 = ( GEOMETRIC_REPRESENTATION_CONTEXT(2) 
PARAMETRIC_REPRESENTATION_CONTEXT() REPRESENTATION_CONTEXT('2D SPACE',''
  ) );
#4154 = ORIENTED_EDGE('',*,*,#4155,.T.);
#4155 = EDGE_CURVE('',#4128,#4156,#4158,.T.);
#4156 = VERTEX_POINT('',#4157);
#4157 = CARTESIAN_POINT('',(502.362736046,834.778960386,121.433873902));
#4158 = SURFACE_CURVE('',#4159,(#4172,#4188),.PCURVE_S1.);
#4159 = B_SPLINE_CURVE_WITH_KNOTS('',5,(#4160,#4161,#4162,#4163,#4164,
    #4165,#4166,#4167,#4168,#4169,#4170,#4171),.UNSPECIFIED.,.F.,.F.,(6,
    3,3,6),(0.,6.25368649055,10.8882506812,11.0878744056),
  .UNSPECIFIED.);
#4160 = CARTESIAN_POINT('',(499.881260828,831.974162876,114.905519967));
#4161 = CARTESIAN_POINT('',(500.363986907,832.519785455,115.423300548));
#4162 = CARTESIAN_POINT('',(500.811281308,833.025359805,116.011406957));
#4163 = CARTESIAN_POINT('',(501.21399151,833.480540885,116.671284371));
#4164 = CARTESIAN_POINT('',(501.809735717,834.153907218,117.938014505));
#4165 = CARTESIAN_POINT('',(502.180921252,834.573456144,119.368428102));
#4166 = CARTESIAN_POINT('',(502.292498306,834.699571063,120.00081778));
#4167 = CARTESIAN_POINT('',(502.355501839,834.770783602,120.674673503));
#4168 = CARTESIAN_POINT('',(502.362449139,834.778636096,121.350181184));
#4169 = CARTESIAN_POINT('',(502.362640415,834.778852294,121.378079228));
#4170 = CARTESIAN_POINT('',(502.362736046,834.778960386,121.405976565));
#4171 = CARTESIAN_POINT('',(502.362736046,834.778960386,121.433873902));
#4172 = PCURVE('',#2158,#4173);
#4173 = DEFINITIONAL_REPRESENTATION('',(#4174),#4187);
#4174 = B_SPLINE_CURVE_WITH_KNOTS('',5,(#4175,#4176,#4177,#4178,#4179,
    #4180,#4181,#4182,#4183,#4184,#4185,#4186),.UNSPECIFIED.,.F.,.F.,(6,
    3,3,6),(0.,6.25368649055,10.8882506812,11.0878744056),
  .UNSPECIFIED.);
#4175 = CARTESIAN_POINT('',(133.42931406561,-145.294480033));
#4176 = CARTESIAN_POINT('',(134.15782519529,-144.776699452));
#4177 = CARTESIAN_POINT('',(134.83286423456,-144.188593043));
#4178 = CARTESIAN_POINT('',(135.44061856189,-143.528715629));
#4179 = CARTESIAN_POINT('',(136.33969218434,-142.261985495));
#4180 = CARTESIAN_POINT('',(136.89987072972,-140.831571898));
#4181 = CARTESIAN_POINT('',(137.06825841268,-140.19918222));
#4182 = CARTESIAN_POINT('',(137.16334085523,-139.525326497));
#4183 = CARTESIAN_POINT('',(137.1738254458,-138.849818816));
#4184 = CARTESIAN_POINT('',(137.17411411184,-138.821920772));
#4185 = CARTESIAN_POINT('',(137.17425843498,-138.794023435));
#4186 = CARTESIAN_POINT('',(137.17425843498,-138.766126098));
#4187 = ( GEOMETRIC_REPRESENTATION_CONTEXT(2) 
PARAMETRIC_REPRESENTATION_CONTEXT() REPRESENTATION_CONTEXT('2D SPACE',''
  ) );
#4188 = PCURVE('',#4189,#4244);
#4189 = B_SPLINE_SURFACE_WITH_KNOTS('',5,5,(
    (#4190,#4191,#4192,#4193,#4194,#4195)
    ,(#4196,#4197,#4198,#4199,#4200,#4201)
    ,(#4202,#4203,#4204,#4205,#4206,#4207)
    ,(#4208,#4209,#4210,#4211,#4212,#4213)
    ,(#4214,#4215,#4216,#4217,#4218,#4219)
    ,(#4220,#4221,#4222,#4223,#4224,#4225)
    ,(#4226,#4227,#4228,#4229,#4230,#4231)
    ,(#4232,#4233,#4234,#4235,#4236,#4237)
    ,(#4238,#4239,#4240,#4241,#4242,#4243
    )),.UNSPECIFIED.,.F.,.F.,.F.,(6,3,6),(6,6),(57.0745201071,
    61.6899682235,68.3031245062),(0.,7.78016556511),.UNSPECIFIED.);
#4190 = CARTESIAN_POINT('',(499.881260828,831.974162877,114.905519967));
#4191 = CARTESIAN_POINT('',(500.555134056,832.735830234,113.47464013));
#4192 = CARTESIAN_POINT('',(501.589635667,833.178440549,112.043760293));
#4193 = CARTESIAN_POINT('',(502.918106332,833.224089801,110.75712044));
#4194 = CARTESIAN_POINT('',(504.395506463,832.867794103,109.755193158));
#4195 = CARTESIAN_POINT('',(505.872906594,832.180049358,109.102538813));
#4196 = CARTESIAN_POINT('',(500.247448797,832.388063082,115.298299697));
#4197 = CARTESIAN_POINT('',(500.957140314,833.190211061,113.973054901));
#4198 = CARTESIAN_POINT('',(502.004948509,833.693218673,112.647810104));
#4199 = CARTESIAN_POINT('',(503.324656936,833.820140326,111.447067545));
#4200 = CARTESIAN_POINT('',(504.781875749,833.557452061,110.492533846));
#4201 = CARTESIAN_POINT('',(506.239094563,832.961860931,109.844456145));
#4202 = CARTESIAN_POINT('',(500.590341114,832.775632344,115.72843046));
#4203 = CARTESIAN_POINT('',(501.332416781,833.614379879,114.512013093));
#4204 = CARTESIAN_POINT('',(502.391913874,834.172296658,113.295595727));
#4205 = CARTESIAN_POINT('',(503.703669647,834.373984179,112.186051335));
#4206 = CARTESIAN_POINT('',(505.142828264,834.199541342,111.288148855));
#4207 = CARTESIAN_POINT('',(506.581986881,833.693936212,110.656925406));
#4208 = CARTESIAN_POINT('',(500.905846796,833.132246645,116.194410529));
#4209 = CARTESIAN_POINT('',(501.676851408,834.003706805,115.089799369));
#4210 = CARTESIAN_POINT('',(502.74653616,834.610917099,113.98518821));
#4211 = CARTESIAN_POINT('',(504.051168405,834.880371275,112.971821335));
#4212 = CARTESIAN_POINT('',(505.474330484,834.787505043,112.139340819));
#4213 = CARTESIAN_POINT('',(506.897492562,834.367540877,111.537109931));
#4214 = CARTESIAN_POINT('',(501.595755958,833.912047098,117.408955844));
#4215 = CARTESIAN_POINT('',(502.428587555,834.853394878,116.583006867));
#4216 = CARTESIAN_POINT('',(503.519616379,835.566309049,115.757057889));
#4217 = CARTESIAN_POINT('',(504.808994293,835.982200675,114.988760681));
#4218 = CARTESIAN_POINT('',(506.198198009,836.068312959,114.335067215));
#4219 = CARTESIAN_POINT('',(507.587401725,835.840496887,113.831250648));
#4220 = CARTESIAN_POINT('',(502.072063026,834.450414303,118.795174917));
#4221 = CARTESIAN_POINT('',(502.945343991,835.437474718,118.262109887));
#4222 = CARTESIAN_POINT('',(504.049663082,836.220129866,117.729044856));
#4223 = CARTESIAN_POINT('',(505.329016938,836.734382122,117.229239605));
#4224 = CARTESIAN_POINT('',(506.696362865,836.944923516,116.795613415));
#4225 = CARTESIAN_POINT('',(508.063708792,836.857413293,116.449665076));
#4226 = CARTESIAN_POINT('',(502.265837189,834.669436151,119.657839185));
#4227 = CARTESIAN_POINT('',(503.155213461,835.674702765,119.300990903));
#4228 = CARTESIAN_POINT('',(504.264715001,836.485218993,118.944142621));
#4229 = CARTESIAN_POINT('',(505.540075395,837.039034349,118.608637405));
#4230 = CARTESIAN_POINT('',(506.898779175,837.300284455,118.315616117));
#4231 = CARTESIAN_POINT('',(508.257482955,837.27112089,118.079142198));
#4232 = CARTESIAN_POINT('',(502.362736046,834.778960386,120.545856735));
#4233 = CARTESIAN_POINT('',(503.260172405,835.793327664,120.367429231));
#4234 = CARTESIAN_POINT('',(504.372270356,836.617778409,120.189001728));
#4235 = CARTESIAN_POINT('',(505.645630813,837.19138547,120.021247271));
#4236 = CARTESIAN_POINT('',(507.000006313,837.478,119.874737783));
#4237 = CARTESIAN_POINT('',(508.354381812,837.478,119.756508142));
#4238 = CARTESIAN_POINT('',(502.362736046,834.778960386,121.433873902));
#4239 = CARTESIAN_POINT('',(503.260172405,835.793327664,121.433873902));
#4240 = CARTESIAN_POINT('',(504.372270356,836.617778409,121.433873902));
#4241 = CARTESIAN_POINT('',(505.645630813,837.19138547,121.433873902));
#4242 = CARTESIAN_POINT('',(507.000006313,837.478,121.433873902));
#4243 = CARTESIAN_POINT('',(508.354381812,837.478,121.433873902));
#4244 = DEFINITIONAL_REPRESENTATION('',(#4245),#4271);
#4245 = B_SPLINE_CURVE_WITH_KNOTS('',3,(#4246,#4247,#4248,#4249,#4250,
    #4251,#4252,#4253,#4254,#4255,#4256,#4257,#4258,#4259,#4260,#4261,
    #4262,#4263,#4264,#4265,#4266,#4267,#4268,#4269,#4270),
  .UNSPECIFIED.,.F.,.F.,(4,1,1,1,1,1,1,1,1,1,1,1,1,1,1,1,1,1,1,1,1,1,4),
  (2.398919056772E-09,0.503994291938,1.007988583064,1.511982874191,
    2.015977165317,2.519971456444,3.023965747571,3.527960038698,
    4.031954329825,4.535948620951,5.039942912079,5.543937203205,
    6.047931494332,6.551925785459,7.055920076585,7.559914367713,
    8.063908658839,8.567902949966,9.071897241093,9.575891532219,
    10.079885823347,10.583880114473,11.0878744056),.UNSPECIFIED.);
#4246 = CARTESIAN_POINT('',(57.074520108645,1.687553134472E-06));
#4247 = CARTESIAN_POINT('',(57.237964921372,1.258572365026E-07));
#4248 = CARTESIAN_POINT('',(57.565416974269,-1.425010625926E-07));
#4249 = CARTESIAN_POINT('',(58.058379020728,-1.829992029317E-06));
#4250 = CARTESIAN_POINT('',(58.553234292321,-4.911924735302E-06));
#4251 = CARTESIAN_POINT('',(59.050048045384,-8.151151847447E-06));
#4252 = CARTESIAN_POINT('',(59.548862203115,-1.037571445116E-05));
#4253 = CARTESIAN_POINT('',(60.049695013915,-1.079230410906E-05));
#4254 = CARTESIAN_POINT('',(60.552546173961,-9.312118685365E-06));
#4255 = CARTESIAN_POINT('',(61.057399595697,-6.560194841821E-06));
#4256 = CARTESIAN_POINT('',(61.564228407801,-3.631204543099E-06));
#4257 = CARTESIAN_POINT('',(62.072991400604,-1.531269901387E-06));
#4258 = CARTESIAN_POINT('',(62.583675967143,-2.697979391979E-07));
#4259 = CARTESIAN_POINT('',(63.096269992658,1.807368930776E-08));
#4260 = CARTESIAN_POINT('',(63.610760462744,9.587423472429E-08));
#4261 = CARTESIAN_POINT('',(64.127070718178,-9.609634174E-07));
#4262 = CARTESIAN_POINT('',(64.645064341721,-3.271153813236E-06));
#4263 = CARTESIAN_POINT('',(65.16459067725,-5.445159009744E-06));
#4264 = CARTESIAN_POINT('',(65.685477254051,-6.285589559683E-06));
#4265 = CARTESIAN_POINT('',(66.20753458276,-5.337158887133E-06));
#4266 = CARTESIAN_POINT('',(66.730556972669,-3.145752595573E-06));
#4267 = CARTESIAN_POINT('',(67.254323281559,-8.979768091822E-07));
#4268 = CARTESIAN_POINT('',(67.778597313812,5.142810171595E-08));
#4269 = CARTESIAN_POINT('',(68.128281776471,1.187182871714E-07));
#4270 = CARTESIAN_POINT('',(68.3031245062,0.));
#4271 = ( GEOMETRIC_REPRESENTATION_CONTEXT(2) 
PARAMETRIC_REPRESENTATION_CONTEXT() REPRESENTATION_CONTEXT('2D SPACE',''
  ) );
#4272 = ORIENTED_EDGE('',*,*,#4273,.T.);
#4273 = EDGE_CURVE('',#4156,#4274,#4276,.T.);
#4274 = VERTEX_POINT('',#4275);
#4275 = CARTESIAN_POINT('',(502.36273851,834.77896317,155.346505499));
#4276 = SURFACE_CURVE('',#4277,(#4281,#4288),.PCURVE_S1.);
#4277 = LINE('',#4278,#4279);
#4278 = CARTESIAN_POINT('',(502.362737278,834.778961778,138.390189701));
#4279 = VECTOR('',#4280,1.);
#4280 = DIRECTION('',(7.26429959263E-08,8.21079679767E-08,1.));
#4281 = PCURVE('',#2158,#4282);
#4282 = DEFINITIONAL_REPRESENTATION('',(#4283),#4287);
#4283 = LINE('',#4284,#4285);
#4284 = CARTESIAN_POINT('',(137.17426029387,-121.809810299));
#4285 = VECTOR('',#4286,1.);
#4286 = DIRECTION('',(1.096299378017E-07,1.));
#4287 = ( GEOMETRIC_REPRESENTATION_CONTEXT(2) 
PARAMETRIC_REPRESENTATION_CONTEXT() REPRESENTATION_CONTEXT('2D SPACE',''
  ) );
#4288 = PCURVE('',#4289,#4294);
#4289 = CYLINDRICAL_SURFACE('',#4290,8.);
#4290 = AXIS2_PLACEMENT_3D('',#4291,#4292,#4293);
#4291 = CARTESIAN_POINT('',(508.354381812,829.478,122.757771359));
#4292 = DIRECTION('',(0.,-0.,1.));
#4293 = DIRECTION('',(2.84772205816E-14,1.,0.));
#4294 = DEFINITIONAL_REPRESENTATION('',(#4295),#4299);
#4295 = LINE('',#4296,#4297);
#4296 = CARTESIAN_POINT('',(0.846484454804,15.632418342));
#4297 = VECTOR('',#4298,1.);
#4298 = DIRECTION('',(-1.370374221332E-08,1.));
#4299 = ( GEOMETRIC_REPRESENTATION_CONTEXT(2) 
PARAMETRIC_REPRESENTATION_CONTEXT() REPRESENTATION_CONTEXT('2D SPACE',''
  ) );
#4300 = ORIENTED_EDGE('',*,*,#4301,.T.);
#4301 = EDGE_CURVE('',#4274,#4302,#4304,.T.);
#4302 = VERTEX_POINT('',#4303);
#4303 = CARTESIAN_POINT('',(498.296943608,830.183418017,163.195118601));
#4304 = SURFACE_CURVE('',#4305,(#4321,#4340),.PCURVE_S1.);
#4305 = B_SPLINE_CURVE_WITH_KNOTS('',5,(#4306,#4307,#4308,#4309,#4310,
    #4311,#4312,#4313,#4314,#4315,#4316,#4317,#4318,#4319,#4320),
  .UNSPECIFIED.,.F.,.F.,(6,3,3,3,6),(0.,4.64549499869,10.8920229103,
    13.2275734999,14.9648669539),.UNSPECIFIED.);
#4306 = CARTESIAN_POINT('',(502.36273851,834.77896317,155.346505499));
#4307 = CARTESIAN_POINT('',(502.362740989,834.778965972,155.992747239));
#4308 = CARTESIAN_POINT('',(502.311425296,834.720964132,156.638950236));
#4309 = CARTESIAN_POINT('',(502.208772421,834.604936164,157.273089716));
#4310 = CARTESIAN_POINT('',(501.858120937,834.208596761,158.707924235));
#4311 = CARTESIAN_POINT('',(501.28036684,833.555564548,159.985337602));
#4312 = CARTESIAN_POINT('',(500.887545574,833.111560877,160.651663598));
#4313 = CARTESIAN_POINT('',(500.285082595,832.430600353,161.470125651));
#4314 = CARTESIAN_POINT('',(499.614263901,831.67237775,162.157020657));
#4315 = CARTESIAN_POINT('',(499.426827444,831.460519374,162.334551445));
#4316 = CARTESIAN_POINT('',(499.093310036,831.08354652,162.626778484));
#4317 = CARTESIAN_POINT('',(498.748564004,830.693882015,162.889932382));
#4318 = CARTESIAN_POINT('',(498.599530128,830.525429862,162.997003075));
#4319 = CARTESIAN_POINT('',(498.449013093,830.355301302,163.098661934));
#4320 = CARTESIAN_POINT('',(498.296943608,830.183418017,163.195118601));
#4321 = PCURVE('',#2158,#4322);
#4322 = DEFINITIONAL_REPRESENTATION('',(#4323),#4339);
#4323 = B_SPLINE_CURVE_WITH_KNOTS('',5,(#4324,#4325,#4326,#4327,#4328,
    #4329,#4330,#4331,#4332,#4333,#4334,#4335,#4336,#4337,#4338),
  .UNSPECIFIED.,.F.,.F.,(6,3,3,3,6),(0.,4.64549499869,10.8920229103,
    13.2275734999,14.9648669539),.UNSPECIFIED.);
#4324 = CARTESIAN_POINT('',(137.17426215277,-104.853494501));
#4325 = CARTESIAN_POINT('',(137.17426589398,-104.207252761));
#4326 = CARTESIAN_POINT('',(137.09682227712,-103.561049764));
#4327 = CARTESIAN_POINT('',(136.94190261374,-102.926910284));
#4328 = CARTESIAN_POINT('',(136.41271324725,-101.492075765));
#4329 = CARTESIAN_POINT('',(135.54078958785,-100.214662398));
#4330 = CARTESIAN_POINT('',(134.94795925219,-99.548336402));
#4331 = CARTESIAN_POINT('',(134.03874592391,-98.729874349));
#4332 = CARTESIAN_POINT('',(133.0263728524,-98.042979343));
#4333 = CARTESIAN_POINT('',(132.74350115553,-97.865448555));
#4334 = CARTESIAN_POINT('',(132.24016985897,-97.573221516));
#4335 = CARTESIAN_POINT('',(131.71989276642,-97.310067618));
#4336 = CARTESIAN_POINT('',(131.49497672865,-97.202996925));
#4337 = CARTESIAN_POINT('',(131.26782236538,-97.101338066));
#4338 = CARTESIAN_POINT('',(131.03832510629,-97.004881399));
#4339 = ( GEOMETRIC_REPRESENTATION_CONTEXT(2) 
PARAMETRIC_REPRESENTATION_CONTEXT() REPRESENTATION_CONTEXT('2D SPACE',''
  ) );
#4340 = PCURVE('',#4341,#4423);
#4341 = B_SPLINE_SURFACE_WITH_KNOTS('',5,5,(
    (#4342,#4343,#4344,#4345,#4346,#4347,#4348,#4349,#4350)
    ,(#4351,#4352,#4353,#4354,#4355,#4356,#4357,#4358,#4359)
    ,(#4360,#4361,#4362,#4363,#4364,#4365,#4366,#4367,#4368)
    ,(#4369,#4370,#4371,#4372,#4373,#4374,#4375,#4376,#4377)
    ,(#4378,#4379,#4380,#4381,#4382,#4383,#4384,#4385,#4386)
    ,(#4387,#4388,#4389,#4390,#4391,#4392,#4393,#4394,#4395)
    ,(#4396,#4397,#4398,#4399,#4400,#4401,#4402,#4403,#4404)
    ,(#4405,#4406,#4407,#4408,#4409,#4410,#4411,#4412,#4413)
    ,(#4414,#4415,#4416,#4417,#4418,#4419,#4420,#4421,#4422
  )),.UNSPECIFIED.,.F.,.F.,.F.,(6,3,6),(6,3,6),(54.9665776049,
    65.2039152079,69.9450999372),(0.,4.1605627439,8.32112548781),
  .UNSPECIFIED.);
#4342 = CARTESIAN_POINT('',(502.36273851,834.778963171,155.3465055));
#4343 = CARTESIAN_POINT('',(502.811455641,835.28614877,155.346505517));
#4344 = CARTESIAN_POINT('',(503.313837636,835.745856066,155.346505535));
#4345 = CARTESIAN_POINT('',(503.863192086,836.150506676,155.346505552));
#4346 = CARTESIAN_POINT('',(505.039202254,836.83743535,155.346505586));
#4347 = CARTESIAN_POINT('',(506.332928927,837.263043022,155.346505617));
#4348 = CARTESIAN_POINT('',(507.000007382,837.406355984,155.346505631));
#4349 = CARTESIAN_POINT('',(507.677195963,837.478006976,155.346505644));
#4350 = CARTESIAN_POINT('',(508.354384277,837.478005263,155.346505656));
#4351 = CARTESIAN_POINT('',(502.362743753,834.778969097,156.713556412));
#4352 = CARTESIAN_POINT('',(502.811458639,835.286158883,156.850895964));
#4353 = CARTESIAN_POINT('',(503.31383915,835.745869692,156.988235571));
#4354 = CARTESIAN_POINT('',(503.863192817,836.150522972,157.123524758));
#4355 = CARTESIAN_POINT('',(505.039202599,836.837455044,157.385903536));
#4356 = CARTESIAN_POINT('',(506.332930716,837.263061951,157.624408405));
#4357 = CARTESIAN_POINT('',(507.000010215,837.406373422,157.735822162));
#4358 = CARTESIAN_POINT('',(507.677200001,837.478021806,157.837709506));
#4359 = CARTESIAN_POINT('',(508.354389519,837.478016421,157.928713158));
#4360 = CARTESIAN_POINT('',(502.133291401,834.519620392,158.081138962));
#4361 = CARTESIAN_POINT('',(502.572470373,835.016024641,158.355817714));
#4362 = CARTESIAN_POINT('',(503.068547065,835.462090456,158.630496574));
#4363 = CARTESIAN_POINT('',(503.614569099,835.849943055,158.901080019));
#4364 = CARTESIAN_POINT('',(504.788943822,836.496722977,159.425869397));
#4365 = CARTESIAN_POINT('',(506.088802232,836.869473856,159.90298111));
#4366 = CARTESIAN_POINT('',(506.760316825,836.983277935,160.125883849));
#4367 = CARTESIAN_POINT('',(507.442627155,837.022655715,160.329765994));
#4368 = CARTESIAN_POINT('',(508.124937168,836.988135862,160.511923604));
#4369 = CARTESIAN_POINT('',(501.672978019,833.99933076,159.355991029));
#4370 = CARTESIAN_POINT('',(502.093041762,834.474117052,159.764205206));
#4371 = CARTESIAN_POINT('',(502.576482637,834.892832515,160.172419595));
#4372 = CARTESIAN_POINT('',(503.115826054,835.247007318,160.573900267));
#4373 = CARTESIAN_POINT('',(504.286922615,835.813290669,161.349934893));
#4374 = CARTESIAN_POINT('',(505.599069083,836.080024369,162.047759208));
#4375 = CARTESIAN_POINT('',(506.279474144,836.134624595,162.371023691));
#4376 = CARTESIAN_POINT('',(506.972049176,836.109221991,162.663192567));
#4377 = CARTESIAN_POINT('',(507.664623785,836.005365513,162.919978832));
#4378 = CARTESIAN_POINT('',(500.749477618,832.955503441,160.987861101));
#4379 = CARTESIAN_POINT('',(501.129054923,833.38454189,161.581897443));
#4380 = CARTESIAN_POINT('',(501.58541255,833.745651707,162.175934279));
#4381 = CARTESIAN_POINT('',(502.110279129,834.029447556,162.757844989));
#4382 = CARTESIAN_POINT('',(503.274013368,834.429403249,163.873180856));
#4383 = CARTESIAN_POINT('',(504.612344156,834.482909661,164.848597943));
#4384 = CARTESIAN_POINT('',(505.311827064,834.420214987,165.290576047));
#4385 = CARTESIAN_POINT('',(506.026475581,834.268953604,165.677468733));
#4386 = CARTESIAN_POINT('',(506.741123385,834.033692785,166.002399106));
#4387 = CARTESIAN_POINT('',(499.553770115,831.604001962,162.244064412));
#4388 = CARTESIAN_POINT('',(499.87489796,831.966968947,163.008105063));
#4389 = CARTESIAN_POINT('',(500.291176764,832.24575489,163.772147331));
#4390 = CARTESIAN_POINT('',(500.794093329,832.430661391,164.51609336));
#4391 = CARTESIAN_POINT('',(501.945853053,832.60250922,165.92366327));
#4392 = CARTESIAN_POINT('',(503.322460055,832.379527508,167.10258558));
#4393 = CARTESIAN_POINT('',(504.050267489,832.169527453,167.617840108));
#4394 = CARTESIAN_POINT('',(504.797842488,831.866594581,168.044956191));
#4395 = CARTESIAN_POINT('',(505.545415881,831.480856151,168.375228032));
#4396 = CARTESIAN_POINT('',(499.152411536,831.150348613,162.601803191));
#4397 = CARTESIAN_POINT('',(499.45324763,831.490383726,163.417962253));
#4398 = CARTESIAN_POINT('',(499.855512871,831.740683522,164.2341234));
#4399 = CARTESIAN_POINT('',(500.350701803,831.891542425,165.027387499));
#4400 = CARTESIAN_POINT('',(501.498166571,831.985428428,166.522408716));
#4401 = CARTESIAN_POINT('',(502.888109892,831.66960938,167.757839369));
#4402 = CARTESIAN_POINT('',(503.625830572,831.410672636,168.2914565));
#4403 = CARTESIAN_POINT('',(504.38494492,831.058068417,168.7255496));
#4404 = CARTESIAN_POINT('',(505.144057302,830.623955194,169.050956856));
#4405 = CARTESIAN_POINT('',(498.732255702,830.675448833,162.919003022));
#4406 = CARTESIAN_POINT('',(499.010999405,830.990513541,163.785499705));
#4407 = CARTESIAN_POINT('',(499.39788144,831.209907348,164.651999099));
#4408 = CARTESIAN_POINT('',(499.884519952,831.324044392,165.492516663));
#4409 = CARTESIAN_POINT('',(501.027132154,831.334575502,167.069730339));
#4410 = CARTESIAN_POINT('',(502.431655898,830.921570666,168.353583439));
#4411 = CARTESIAN_POINT('',(503.180271477,830.612065024,168.900667474));
#4412 = CARTESIAN_POINT('',(503.952087691,830.209028979,169.335986215));
#4413 = CARTESIAN_POINT('',(504.723901469,829.726922254,169.650112074));
#4414 = CARTESIAN_POINT('',(498.296943608,830.183418017,163.195118602));
#4415 = CARTESIAN_POINT('',(498.551743744,830.471419092,164.110034309));
#4416 = CARTESIAN_POINT('',(498.921796453,830.657455297,165.024953569));
#4417 = CARTESIAN_POINT('',(499.398995258,830.732226769,165.910523996));
#4418 = CARTESIAN_POINT('',(500.536124739,830.654300833,167.564408733));
#4419 = CARTESIAN_POINT('',(501.95652572,830.140661616,168.888458152));
#4420 = CARTESIAN_POINT('',(502.717077574,829.779594372,169.444098306));
#4421 = CARTESIAN_POINT('',(503.502835,829.326215505,169.874979822));
#4422 = CARTESIAN_POINT('',(504.288589374,828.797530772,170.171663689));
#4423 = DEFINITIONAL_REPRESENTATION('',(#4424),#4472);
#4424 = B_SPLINE_CURVE_WITH_KNOTS('',3,(#4425,#4426,#4427,#4428,#4429,
    #4430,#4431,#4432,#4433,#4434,#4435,#4436,#4437,#4438,#4439,#4440,
    #4441,#4442,#4443,#4444,#4445,#4446,#4447,#4448,#4449,#4450,#4451,
    #4452,#4453,#4454,#4455,#4456,#4457,#4458,#4459,#4460,#4461,#4462,
    #4463,#4464,#4465,#4466,#4467,#4468,#4469,#4470,#4471),
  .UNSPECIFIED.,.F.,.F.,(4,1,1,1,1,1,1,1,1,1,1,1,1,1,1,1,1,1,1,1,1,1,1,1
    ,1,1,1,1,1,1,1,1,1,1,1,1,1,1,1,1,1,1,1,1,4),(0.,0.340110612589,
    0.680221225177,1.020331837766,1.360442450355,1.700553062943,
    2.040663675532,2.38077428812,2.720884900709,3.060995513298,
    3.401106125886,3.741216738475,4.081327351064,4.421437963652,
    4.761548576241,5.10165918883,5.441769801418,5.781880414007,
    6.121991026595,6.462101639184,6.802212251773,7.142322864361,
    7.48243347695,7.822544089539,8.162654702127,8.502765314716,
    8.842875927305,9.182986539893,9.523097152482,9.86320776507,
    10.203318377659,10.543428990248,10.883539602836,11.223650215425,
    11.563760828014,11.903871440602,12.243982053191,12.58409266578,
    12.924203278368,13.264313890957,13.604424503545,13.944535116134,
    14.284645728723,14.624756341311,14.9648669539),.UNSPECIFIED.);
#4425 = CARTESIAN_POINT('',(54.9665776049,0.));
#4426 = CARTESIAN_POINT('',(55.084681683765,-1.810180777678E-08));
#4427 = CARTESIAN_POINT('',(55.320880758166,-2.719396985436E-06));
#4428 = CARTESIAN_POINT('',(55.675079927111,-1.149774223337E-05));
#4429 = CARTESIAN_POINT('',(56.029106688287,-2.158842822802E-05));
#4430 = CARTESIAN_POINT('',(56.382890780114,-3.008555658917E-05));
#4431 = CARTESIAN_POINT('',(56.736363672979,-3.470044062329E-05));
#4432 = CARTESIAN_POINT('',(57.089458923059,-3.393307871218E-05));
#4433 = CARTESIAN_POINT('',(57.442112279471,-2.713741967847E-05));
#4434 = CARTESIAN_POINT('',(57.794261942076,-1.452240199969E-05));
#4435 = CARTESIAN_POINT('',(58.145848846911,2.921574059841E-06));
#4436 = CARTESIAN_POINT('',(58.49681697574,2.356311742363E-05));
#4437 = CARTESIAN_POINT('',(58.847113739536,4.533283937061E-05));
#4438 = CARTESIAN_POINT('',(59.196690166654,6.597645691335E-05));
#4439 = CARTESIAN_POINT('',(59.545501864718,8.336538308293E-05));
#4440 = CARTESIAN_POINT('',(59.893507106998,9.579617422113E-05));
#4441 = CARTESIAN_POINT('',(60.240676392967,1.025005176189E-04));
#4442 = CARTESIAN_POINT('',(60.586998866416,1.032186126846E-04));
#4443 = CARTESIAN_POINT('',(60.932463844025,9.793767401228E-05));
#4444 = CARTESIAN_POINT('',(61.277063673577,8.711566898976E-05));
#4445 = CARTESIAN_POINT('',(61.620792401935,7.168924401732E-05));
#4446 = CARTESIAN_POINT('',(61.963645634915,5.30371760485E-05));
#4447 = CARTESIAN_POINT('',(62.305620159763,3.287221328974E-05));
#4448 = CARTESIAN_POINT('',(62.646713722101,1.308687545933E-05));
#4449 = CARTESIAN_POINT('',(62.986924858358,-4.436152178065E-06));
#4450 = CARTESIAN_POINT('',(63.32625281187,-1.803681989061E-05));
#4451 = CARTESIAN_POINT('',(63.664697530139,-2.650016472749E-05));
#4452 = CARTESIAN_POINT('',(64.002259726252,-2.929029557436E-05));
#4453 = CARTESIAN_POINT('',(64.33894106807,-2.674636848182E-05));
#4454 = CARTESIAN_POINT('',(64.674744244676,-2.039015157649E-05));
#4455 = CARTESIAN_POINT('',(65.009673830994,-1.275833752073E-05));
#4456 = CARTESIAN_POINT('',(65.343734496394,-8.92727417883E-06));
#4457 = CARTESIAN_POINT('',(65.676940474454,-1.091717764446E-05));
#4458 = CARTESIAN_POINT('',(66.00931930843,-1.487673983341E-05));
#4459 = CARTESIAN_POINT('',(66.340908980205,-1.962310100079E-05));
#4460 = CARTESIAN_POINT('',(66.671835225165,-2.609844221854E-05));
#4461 = CARTESIAN_POINT('',(67.002126041138,-3.058700765763E-05));
#4462 = CARTESIAN_POINT('',(67.331757155879,-3.11109949639E-05));
#4463 = CARTESIAN_POINT('',(67.66068570194,-2.894112462467E-05));
#4464 = CARTESIAN_POINT('',(67.988887867629,-2.746969070482E-05));
#4465 = CARTESIAN_POINT('',(68.316388347978,-2.809020994638E-05));
#4466 = CARTESIAN_POINT('',(68.643313146934,-2.473489433906E-05));
#4467 = CARTESIAN_POINT('',(68.96971107784,-1.769165590202E-05));
#4468 = CARTESIAN_POINT('',(69.295524978,-7.925604472314E-06));
#4469 = CARTESIAN_POINT('',(69.620677599146,-8.167837193221E-07));
#4470 = CARTESIAN_POINT('',(69.837028435609,6.287063942905E-07));
#4471 = CARTESIAN_POINT('',(69.9450999372,0.));
#4472 = ( GEOMETRIC_REPRESENTATION_CONTEXT(2) 
PARAMETRIC_REPRESENTATION_CONTEXT() REPRESENTATION_CONTEXT('2D SPACE',''
  ) );
#4473 = ORIENTED_EDGE('',*,*,#4474,.T.);
#4474 = EDGE_CURVE('',#4302,#4475,#4477,.T.);
#4475 = VERTEX_POINT('',#4476);
#4476 = CARTESIAN_POINT('',(440.682075572,765.061656105,199.739752897));
#4477 = SURFACE_CURVE('',#4478,(#4482,#4489),.PCURVE_S1.);
#4478 = LINE('',#4479,#4480);
#4479 = CARTESIAN_POINT('',(469.48950959,797.622537061,181.467435749));
#4480 = VECTOR('',#4481,1.);
#4481 = DIRECTION('',(-0.610859598875,-0.690451175463,0.387463191496));
#4482 = PCURVE('',#2158,#4483);
#4483 = DEFINITIONAL_REPRESENTATION('',(#4484),#4488);
#4484 = LINE('',#4485,#4486);
#4485 = CARTESIAN_POINT('',(87.563283722385,-78.732564251));
#4486 = VECTOR('',#4487,1.);
#4487 = DIRECTION('',(-0.921885174648,0.387463191496));
#4488 = ( GEOMETRIC_REPRESENTATION_CONTEXT(2) 
PARAMETRIC_REPRESENTATION_CONTEXT() REPRESENTATION_CONTEXT('2D SPACE',''
  ) );
#4489 = PCURVE('',#4490,#4495);
#4490 = CYLINDRICAL_SURFACE('',#4491,8.);
#4491 = AXIS2_PLACEMENT_3D('',#4492,#4493,#4494);
#4492 = CARTESIAN_POINT('',(471.999098149,788.385826961,183.676074153));
#4493 = DIRECTION('',(-0.61085961365,-0.690451192164,0.387463138441));
#4494 = DIRECTION('',(3.532729664357E-13,0.489382451749,0.872069272432)
  );
#4495 = DEFINITIONAL_REPRESENTATION('',(#4496),#4500);
#4496 = LINE('',#4497,#4498);
#4497 = CARTESIAN_POINT('',(1.240551358972,-5.700257170342));
#4498 = VECTOR('',#4499,1.);
#4499 = DIRECTION('',(-7.193809235372E-09,1.));
#4500 = ( GEOMETRIC_REPRESENTATION_CONTEXT(2) 
PARAMETRIC_REPRESENTATION_CONTEXT() REPRESENTATION_CONTEXT('2D SPACE',''
  ) );
#4501 = ORIENTED_EDGE('',*,*,#4502,.F.);
#4502 = EDGE_CURVE('',#4503,#4475,#4505,.T.);
#4503 = VERTEX_POINT('',#4504);
#4504 = CARTESIAN_POINT('',(440.48075814,764.834108142,199.386298963));
#4505 = SURFACE_CURVE('',#4506,(#4513,#4523),.PCURVE_S1.);
#4506 = B_SPLINE_CURVE_WITH_KNOTS('',5,(#4507,#4508,#4509,#4510,#4511,
    #4512),.UNSPECIFIED.,.F.,.F.,(6,6),(0.,0.659237890391),
  .PIECEWISE_BEZIER_KNOTS.);
#4507 = CARTESIAN_POINT('',(440.48075814,764.834108142,199.386298963));
#4508 = CARTESIAN_POINT('',(440.519429631,764.877818311,199.458996307));
#4509 = CARTESIAN_POINT('',(440.558911675,764.922444644,199.530700908));
#4510 = CARTESIAN_POINT('',(440.599215711,764.968000069,199.601445474));
#4511 = CARTESIAN_POINT('',(440.640267259,765.014400403,199.671116877));
#4512 = CARTESIAN_POINT('',(440.682075502,765.061656026,199.739752994));
#4513 = PCURVE('',#2158,#4514);
#4514 = DEFINITIONAL_REPRESENTATION('',(#4515),#4522);
#4515 = B_SPLINE_CURVE_WITH_KNOTS('',5,(#4516,#4517,#4518,#4519,#4520,
    #4521),.UNSPECIFIED.,.F.,.F.,(6,6),(0.,0.659237890391),
  .PIECEWISE_BEZIER_KNOTS.);
#4516 = CARTESIAN_POINT('',(43.784422023339,-60.813701037));
#4517 = CARTESIAN_POINT('',(43.8427835097,-60.741003693));
#4518 = CARTESIAN_POINT('',(43.902368250997,-60.669299092));
#4519 = CARTESIAN_POINT('',(43.963193509441,-60.598554526));
#4520 = CARTESIAN_POINT('',(44.025146883752,-60.528883123));
#4521 = CARTESIAN_POINT('',(44.08824223293,-60.460247006));
#4522 = ( GEOMETRIC_REPRESENTATION_CONTEXT(2) 
PARAMETRIC_REPRESENTATION_CONTEXT() REPRESENTATION_CONTEXT('2D SPACE',''
  ) );
#4523 = PCURVE('',#4524,#4561);
#4524 = B_SPLINE_SURFACE_WITH_KNOTS('',5,5,(
    (#4525,#4526,#4527,#4528,#4529,#4530)
    ,(#4531,#4532,#4533,#4534,#4535,#4536)
    ,(#4537,#4538,#4539,#4540,#4541,#4542)
    ,(#4543,#4544,#4545,#4546,#4547,#4548)
    ,(#4549,#4550,#4551,#4552,#4553,#4554)
    ,(#4555,#4556,#4557,#4558,#4559,#4560
    )),.UNSPECIFIED.,.F.,.F.,.F.,(6,6),(6,6),(0.,0.466847689278),(
    -3.9040313767E-14,2.27802949216),.PIECEWISE_BEZIER_KNOTS.);
#4525 = CARTESIAN_POINT('',(440.480756051,764.834105781,199.386295034));
#4526 = CARTESIAN_POINT('',(440.821983606,764.532219848,199.386306992));
#4527 = CARTESIAN_POINT('',(441.163091952,764.230199175,199.386449726));
#4528 = CARTESIAN_POINT('',(441.504466492,763.928479381,199.386250076));
#4529 = CARTESIAN_POINT('',(441.84559679,763.626483519,199.386385655));
#4530 = CARTESIAN_POINT('',(442.186844377,763.32462023,199.386341007));
#4531 = CARTESIAN_POINT('',(440.519439371,764.87782932,199.459014725));
#4532 = CARTESIAN_POINT('',(440.860607677,764.57587642,199.459114903));
#4533 = CARTESIAN_POINT('',(441.201783149,764.273931619,199.459171722));
#4534 = CARTESIAN_POINT('',(441.543099635,763.972146205,199.459018732));
#4535 = CARTESIAN_POINT('',(441.884251797,763.670175057,199.459169092));
#4536 = CARTESIAN_POINT('',(442.225501545,763.36831421,199.459090842));
#4537 = CARTESIAN_POINT('',(440.55893963,764.922476241,199.530702038));
#4538 = CARTESIAN_POINT('',(440.899502624,764.61983916,199.531320212));
#4539 = CARTESIAN_POINT('',(441.241663092,764.319007694,199.531419141));
#4540 = CARTESIAN_POINT('',(441.580036103,764.013895287,199.532410451));
#4541 = CARTESIAN_POINT('',(441.923495486,763.714531979,199.532900577));
#4542 = CARTESIAN_POINT('',(442.26236854,763.409984768,199.533475135));
#4543 = CARTESIAN_POINT('',(440.599185433,764.967965845,199.601422596));
#4544 = CARTESIAN_POINT('',(440.939779153,764.665363494,199.602232906));
#4545 = CARTESIAN_POINT('',(441.278881175,764.361075084,199.605399519));
#4546 = CARTESIAN_POINT('',(441.620940294,764.060129065,199.603739056));
#4547 = CARTESIAN_POINT('',(441.958627919,763.754241971,199.609377483));
#4548 = CARTESIAN_POINT('',(442.299575968,763.452040115,199.609056185));
#4549 = CARTESIAN_POINT('',(440.640244365,765.014374526,199.671079291));
#4550 = CARTESIAN_POINT('',(440.98075276,764.711675732,199.67211441));
#4551 = CARTESIAN_POINT('',(441.320909493,764.408579457,199.673392182));
#4552 = CARTESIAN_POINT('',(441.661315782,764.105765253,199.674929896));
#4553 = CARTESIAN_POINT('',(442.001054533,763.802196534,199.676529337));
#4554 = CARTESIAN_POINT('',(442.340954897,763.498810486,199.678711413));
#4555 = CARTESIAN_POINT('',(440.682075502,765.061656026,199.739752993));
#4556 = CARTESIAN_POINT('',(441.023306658,764.759774164,199.7397384));
#4557 = CARTESIAN_POINT('',(441.364574754,764.457934056,199.739634693));
#4558 = CARTESIAN_POINT('',(441.705812897,764.156060092,199.739761705));
#4559 = CARTESIAN_POINT('',(442.046948696,763.854070449,199.739651886));
#4560 = CARTESIAN_POINT('',(442.388249757,763.5522676,199.739773209));
#4561 = DEFINITIONAL_REPRESENTATION('',(#4562),#4565);
#4562 = B_SPLINE_CURVE_WITH_KNOTS('',1,(#4563,#4564),.UNSPECIFIED.,.F.,
  .F.,(2,2),(0.,0.659237890391),.PIECEWISE_BEZIER_KNOTS.);
#4563 = CARTESIAN_POINT('',(5.043631722401E-06,1.226522971133E-10));
#4564 = CARTESIAN_POINT('',(0.466847690015,1.129653432359E-13));
#4565 = ( GEOMETRIC_REPRESENTATION_CONTEXT(2) 
PARAMETRIC_REPRESENTATION_CONTEXT() REPRESENTATION_CONTEXT('2D SPACE',''
  ) );
#4566 = ORIENTED_EDGE('',*,*,#4567,.F.);
#4567 = EDGE_CURVE('',#4568,#4503,#4570,.T.);
#4568 = VERTEX_POINT('',#4569);
#4569 = CARTESIAN_POINT('',(434.933081742,758.563600652,188.952642186));
#4570 = SURFACE_CURVE('',#4571,(#4575,#4582),.PCURVE_S1.);
#4571 = LINE('',#4572,#4573);
#4572 = CARTESIAN_POINT('',(437.706918897,761.698853216,194.16946861));
#4573 = VECTOR('',#4574,1.);
#4574 = DIRECTION('',(0.414702417464,0.46873581447,0.779941434457));
#4575 = PCURVE('',#2158,#4576);
#4576 = DEFINITIONAL_REPRESENTATION('',(#4577),#4581);
#4577 = LINE('',#4578,#4579);
#4578 = CARTESIAN_POINT('',(39.59825341744,-66.03053139));
#4579 = VECTOR('',#4580,1.);
#4580 = DIRECTION('',(0.625852505641,0.779941434457));
#4581 = ( GEOMETRIC_REPRESENTATION_CONTEXT(2) 
PARAMETRIC_REPRESENTATION_CONTEXT() REPRESENTATION_CONTEXT('2D SPACE',''
  ) );
#4582 = PCURVE('',#4583,#4588);
#4583 = PLANE('',#4584);
#4584 = AXIS2_PLACEMENT_3D('',#4585,#4586,#4587);
#4585 = CARTESIAN_POINT('',(437.706919126,761.698853475,194.169471563));
#4586 = DIRECTION('',(0.516804928833,0.584141709904,-0.625852321465));
#4587 = DIRECTION('',(0.856103186265,-0.352629589119,0.377809088488));
#4588 = DEFINITIONAL_REPRESENTATION('',(#4589),#4593);
#4589 = LINE('',#4590,#4591);
#4590 = CARTESIAN_POINT('',(-1.220386800826E-06,2.204250927541E-06));
#4591 = VECTOR('',#4592,1.);
#4592 = DIRECTION('',(0.484406905707,-0.874842814283));
#4593 = ( GEOMETRIC_REPRESENTATION_CONTEXT(2) 
PARAMETRIC_REPRESENTATION_CONTEXT() REPRESENTATION_CONTEXT('2D SPACE',''
  ) );
#4594 = ORIENTED_EDGE('',*,*,#4595,.F.);
#4595 = EDGE_CURVE('',#4596,#4568,#4598,.T.);
#4596 = VERTEX_POINT('',#4597);
#4597 = CARTESIAN_POINT('',(434.015063412,757.525969687,187.726074747));
#4598 = SURFACE_CURVE('',#4599,(#4606,#4616),.PCURVE_S1.);
#4599 = B_SPLINE_CURVE_WITH_KNOTS('',5,(#4600,#4601,#4602,#4603,#4604,
    #4605),.UNSPECIFIED.,.F.,.F.,(6,6),(0.,2.63043104139),
  .PIECEWISE_BEZIER_KNOTS.);
#4600 = CARTESIAN_POINT('',(434.015063412,757.525969687,187.726074747));
#4601 = CARTESIAN_POINT('',(434.221655125,757.75947914,187.928204672));
#4602 = CARTESIAN_POINT('',(434.419608486,757.983224712,188.150888343));
#4603 = CARTESIAN_POINT('',(434.606646352,758.194632562,188.395498571));
#4604 = CARTESIAN_POINT('',(434.779009147,758.389453263,188.66287378));
#4605 = CARTESIAN_POINT('',(434.933081742,758.563600652,188.952642186));
#4606 = PCURVE('',#2158,#4607);
#4607 = DEFINITIONAL_REPRESENTATION('',(#4608),#4615);
#4608 = B_SPLINE_CURVE_WITH_KNOTS('',5,(#4609,#4610,#4611,#4612,#4613,
    #4614),.UNSPECIFIED.,.F.,.F.,(6,6),(0.,2.63043104139),
  .PIECEWISE_BEZIER_KNOTS.);
#4609 = CARTESIAN_POINT('',(34.026650966733,-72.473925253));
#4610 = CARTESIAN_POINT('',(34.338431018245,-72.271795328));
#4611 = CARTESIAN_POINT('',(34.637174410006,-72.049111657));
#4612 = CARTESIAN_POINT('',(34.91944456847,-71.804501429));
#4613 = CARTESIAN_POINT('',(35.179567690546,-71.53712622));
#4614 = CARTESIAN_POINT('',(35.412087964126,-71.247357814));
#4615 = ( GEOMETRIC_REPRESENTATION_CONTEXT(2) 
PARAMETRIC_REPRESENTATION_CONTEXT() REPRESENTATION_CONTEXT('2D SPACE',''
  ) );
#4616 = PCURVE('',#4617,#4762);
#4617 = B_SPLINE_SURFACE_WITH_KNOTS('',5,5,(
    (#4618,#4619,#4620,#4621,#4622,#4623,#4624,#4625,#4626,#4627,#4628
      ,#4629)
    ,(#4630,#4631,#4632,#4633,#4634,#4635,#4636,#4637,#4638,#4639,#4640
      ,#4641)
    ,(#4642,#4643,#4644,#4645,#4646,#4647,#4648,#4649,#4650,#4651,#4652
      ,#4653)
    ,(#4654,#4655,#4656,#4657,#4658,#4659,#4660,#4661,#4662,#4663,#4664
      ,#4665)
    ,(#4666,#4667,#4668,#4669,#4670,#4671,#4672,#4673,#4674,#4675,#4676
      ,#4677)
    ,(#4678,#4679,#4680,#4681,#4682,#4683,#4684,#4685,#4686,#4687,#4688
      ,#4689)
    ,(#4690,#4691,#4692,#4693,#4694,#4695,#4696,#4697,#4698,#4699,#4700
      ,#4701)
    ,(#4702,#4703,#4704,#4705,#4706,#4707,#4708,#4709,#4710,#4711,#4712
      ,#4713)
    ,(#4714,#4715,#4716,#4717,#4718,#4719,#4720,#4721,#4722,#4723,#4724
      ,#4725)
    ,(#4726,#4727,#4728,#4729,#4730,#4731,#4732,#4733,#4734,#4735,#4736
      ,#4737)
    ,(#4738,#4739,#4740,#4741,#4742,#4743,#4744,#4745,#4746,#4747,#4748
      ,#4749)
    ,(#4750,#4751,#4752,#4753,#4754,#4755,#4756,#4757,#4758,#4759,#4760
      ,#4761
    )),.UNSPECIFIED.,.F.,.F.,.F.,(6,3,3,6),(6,3,3,6),(0.,0.765761828864,
    1.4942602341,1.86316740631),(-3.66976331407E-15,0.911238685224,
    1.82247737045,2.27809667911),.UNSPECIFIED.);
#4618 = CARTESIAN_POINT('',(434.933087914,758.563607628,188.952652133));
#4619 = CARTESIAN_POINT('',(435.069574069,758.442847749,188.952647006));
#4620 = CARTESIAN_POINT('',(435.206060655,758.322088359,188.952637969));
#4621 = CARTESIAN_POINT('',(435.342551581,758.201333873,188.952642379));
#4622 = CARTESIAN_POINT('',(435.61553147,757.959822685,188.952639376));
#4623 = CARTESIAN_POINT('',(435.888510618,757.718310658,188.952639102));
#4624 = CARTESIAN_POINT('',(436.025001682,757.597556328,188.952639556));
#4625 = CARTESIAN_POINT('',(436.229734176,757.416420208,188.95263839));
#4626 = CARTESIAN_POINT('',(436.434472555,757.23529074,188.952642867));
#4627 = CARTESIAN_POINT('',(436.502717561,757.174912991,188.952644866));
#4628 = CARTESIAN_POINT('',(436.570964623,757.114537566,188.952649711));
#4629 = CARTESIAN_POINT('',(436.639211011,757.054161379,188.952652487));
#4630 = CARTESIAN_POINT('',(434.869736638,758.492002036,188.833525217));
#4631 = CARTESIAN_POINT('',(435.006220809,758.371239916,188.833468091));
#4632 = CARTESIAN_POINT('',(435.142708317,758.250481567,188.833501952));
#4633 = CARTESIAN_POINT('',(435.279199177,758.129727007,188.833481972));
#4634 = CARTESIAN_POINT('',(435.552182212,757.888219374,188.833486728));
#4635 = CARTESIAN_POINT('',(435.82516077,757.64670668,188.833476487));
#4636 = CARTESIAN_POINT('',(435.961652885,757.525953538,188.833480989));
#4637 = CARTESIAN_POINT('',(436.166385906,757.344818014,188.833477619));
#4638 = CARTESIAN_POINT('',(436.371124643,757.163688951,188.833482207));
#4639 = CARTESIAN_POINT('',(436.439382118,757.103325296,188.833489617));
#4640 = CARTESIAN_POINT('',(436.507611424,757.042929801,188.83349029));
#4641 = CARTESIAN_POINT('',(436.575877512,756.982575881,188.833506079));
#4642 = CARTESIAN_POINT('',(434.803382377,758.417002187,188.718378772));
#4643 = CARTESIAN_POINT('',(434.939902644,758.296280866,188.718038431));
#4644 = CARTESIAN_POINT('',(435.076454481,758.175595228,188.717760422));
#4645 = CARTESIAN_POINT('',(435.213063223,758.054973909,188.717645286));
#4646 = CARTESIAN_POINT('',(435.486209175,757.81365042,188.717239778));
#4647 = CARTESIAN_POINT('',(435.759390833,757.572367289,188.71694263));
#4648 = CARTESIAN_POINT('',(435.895996435,757.451742422,188.716780691));
#4649 = CARTESIAN_POINT('',(436.100906396,757.270806892,188.716573568));
#4650 = CARTESIAN_POINT('',(436.305983957,757.090060799,188.716359264));
#4651 = CARTESIAN_POINT('',(436.374361579,757.029832945,188.716282673));
#4652 = CARTESIAN_POINT('',(436.442850967,756.969731419,188.716242428));
#4653 = CARTESIAN_POINT('',(436.511326834,756.909614611,188.716188559));
#4654 = CARTESIAN_POINT('',(434.734064857,758.338652984,188.606858347));
#4655 = CARTESIAN_POINT('',(434.870837164,758.218216542,188.60620855));
#4656 = CARTESIAN_POINT('',(435.007591929,758.097760272,188.605587178));
#4657 = CARTESIAN_POINT('',(435.144343033,757.977299865,188.604993102));
#4658 = CARTESIAN_POINT('',(435.417862033,757.736398029,188.603923102));
#4659 = CARTESIAN_POINT('',(435.691431612,757.495553364,188.602949422));
#4660 = CARTESIAN_POINT('',(435.828247719,757.375166428,188.602507943));
#4661 = CARTESIAN_POINT('',(436.033585902,757.194714915,188.601872225));
#4662 = CARTESIAN_POINT('',(436.239176033,757.014548177,188.60124877));
#4663 = CARTESIAN_POINT('',(436.307747477,756.9545394,188.601042544));
#4664 = CARTESIAN_POINT('',(436.376312268,756.894523101,188.60081974));
#4665 = CARTESIAN_POINT('',(436.444913981,756.834548536,188.600604124));
#4666 = CARTESIAN_POINT('',(434.593871648,758.180193387,188.396746174));
#4667 = CARTESIAN_POINT('',(434.731071992,758.060240753,188.395081874));
#4668 = CARTESIAN_POINT('',(434.868284318,757.940301661,188.393520845));
#4669 = CARTESIAN_POINT('',(435.00548012,757.820343894,188.392026132));
#4670 = CARTESIAN_POINT('',(435.279829333,757.580380444,188.389150381));
#4671 = CARTESIAN_POINT('',(435.554272913,757.340523656,188.386614972));
#4672 = CARTESIAN_POINT('',(435.691547541,757.220654984,188.38543002));
#4673 = CARTESIAN_POINT('',(435.897663822,757.041082951,188.383783724));
#4674 = CARTESIAN_POINT('',(436.104064547,756.861832423,188.382281791));
#4675 = CARTESIAN_POINT('',(436.172885369,756.802105516,188.381791213));
#4676 = CARTESIAN_POINT('',(436.241743965,756.742421304,188.381326226));
#4677 = CARTESIAN_POINT('',(436.310626006,756.682763592,188.38087592));
#4678 = CARTESIAN_POINT('',(434.444779338,758.011675186,188.200886708));
#4679 = CARTESIAN_POINT('',(434.582387275,757.892183252,188.198354027));
#4680 = CARTESIAN_POINT('',(434.71996277,757.772654648,188.195885928));
#4681 = CARTESIAN_POINT('',(434.857524273,757.65311023,188.193520591));
#4682 = CARTESIAN_POINT('',(435.132579657,757.413944962,188.189029311));
#4683 = CARTESIAN_POINT('',(435.4076543,757.17480146,188.185015643));
#4684 = CARTESIAN_POINT('',(435.54522728,757.055270014,188.183136285));
#4685 = CARTESIAN_POINT('',(435.751766868,756.876176443,188.180555702));
#4686 = CARTESIAN_POINT('',(435.95849566,756.697296728,188.178233858));
#4687 = CARTESIAN_POINT('',(436.02743003,756.637698163,188.177487739));
#4688 = CARTESIAN_POINT('',(436.096373311,756.57810967,188.176752507));
#4689 = CARTESIAN_POINT('',(436.165305499,756.518508639,188.176021316));
#4690 = CARTESIAN_POINT('',(434.370190424,757.927367754,188.108765145));
#4691 = CARTESIAN_POINT('',(434.507908662,757.808000493,188.105895039));
#4692 = CARTESIAN_POINT('',(434.645621651,757.688627299,188.103139999));
#4693 = CARTESIAN_POINT('',(434.783297422,757.569212037,188.100473115));
#4694 = CARTESIAN_POINT('',(435.058564534,757.330286084,188.095410152));
#4695 = CARTESIAN_POINT('',(435.333790938,757.091314117,188.090879734));
#4696 = CARTESIAN_POINT('',(435.471428007,756.971855111,188.088748847));
#4697 = CARTESIAN_POINT('',(435.677986521,756.792782931,188.085803151));
#4698 = CARTESIAN_POINT('',(435.884700797,756.613886808,188.083203991));
#4699 = CARTESIAN_POINT('',(435.953612098,756.554262169,188.082364255));
#4700 = CARTESIAN_POINT('',(436.022495062,756.4946055,188.081529294));
#4701 = CARTESIAN_POINT('',(436.0914168,756.434992657,188.080738907));
#4702 = CARTESIAN_POINT('',(434.255254414,757.797456228,187.974997213));
#4703 = CARTESIAN_POINT('',(434.392955344,757.678069403,187.972088471));
#4704 = CARTESIAN_POINT('',(434.530640108,757.558664306,187.969269528));
#4705 = CARTESIAN_POINT('',(434.668299458,757.439230484,187.966582449));
#4706 = CARTESIAN_POINT('',(434.94352139,757.200253463,187.961494492));
#4707 = CARTESIAN_POINT('',(435.218632384,756.96115105,187.9568941));
#4708 = CARTESIAN_POINT('',(435.356160671,756.841569088,187.95470686));
#4709 = CARTESIAN_POINT('',(435.5625422,756.662296864,187.951665214));
#4710 = CARTESIAN_POINT('',(435.768794432,756.482878494,187.948869704));
#4711 = CARTESIAN_POINT('',(435.83754063,756.42306724,187.947979591));
#4712 = CARTESIAN_POINT('',(435.906294963,756.363265181,187.947120303));
#4713 = CARTESIAN_POINT('',(435.974957633,756.303359515,187.946228177));
#4714 = CARTESIAN_POINT('',(434.136757278,757.66351958,187.848595618));
#4715 = CARTESIAN_POINT('',(434.274014373,757.543631092,187.846679883));
#4716 = CARTESIAN_POINT('',(434.411270933,757.423741998,187.844828108));
#4717 = CARTESIAN_POINT('',(434.54852488,757.303849951,187.843110715));
#4718 = CARTESIAN_POINT('',(434.822932652,757.063952689,187.839797227));
#4719 = CARTESIAN_POINT('',(435.097248254,756.823951249,187.83679535));
#4720 = CARTESIAN_POINT('',(435.23438086,756.703922052,187.835360344));
#4721 = CARTESIAN_POINT('',(435.440084568,756.523883689,187.833324987));
#4722 = CARTESIAN_POINT('',(435.645692015,756.343736523,187.831430085));
#4723 = CARTESIAN_POINT('',(435.714173817,756.283626424,187.830787151));
#4724 = CARTESIAN_POINT('',(435.782560746,756.22340909,187.830114171));
#4725 = CARTESIAN_POINT('',(435.850906863,756.163145625,187.8294371));
#4726 = CARTESIAN_POINT('',(434.0965368,757.618058599,187.806924768));
#4727 = CARTESIAN_POINT('',(434.233575884,757.497923694,187.805465865));
#4728 = CARTESIAN_POINT('',(434.37067523,757.377856903,187.804117017));
#4729 = CARTESIAN_POINT('',(434.50772065,757.257729159,187.802828399));
#4730 = CARTESIAN_POINT('',(434.781753849,757.01740852,187.800350479));
#4731 = CARTESIAN_POINT('',(435.055730943,756.777024466,187.798111906));
#4732 = CARTESIAN_POINT('',(435.192662552,756.656768082,187.79701767));
#4733 = CARTESIAN_POINT('',(435.398140526,756.476474573,187.795510263));
#4734 = CARTESIAN_POINT('',(435.603450249,756.295990892,187.794030406));
#4735 = CARTESIAN_POINT('',(435.672000514,756.235958176,187.793620271));
#4736 = CARTESIAN_POINT('',(435.740271633,756.175609942,187.79305805));
#4737 = CARTESIAN_POINT('',(435.808357027,756.115051785,187.792376029));
#4738 = CARTESIAN_POINT('',(434.055956719,757.572191162,187.766071346));
#4739 = CARTESIAN_POINT('',(434.192760645,757.451790459,187.765297602));
#4740 = CARTESIAN_POINT('',(434.329584425,757.331412197,187.764515521));
#4741 = CARTESIAN_POINT('',(434.466377941,757.210999727,187.763821288));
#4742 = CARTESIAN_POINT('',(434.739947083,756.970154567,187.762446641));
#4743 = CARTESIAN_POINT('',(435.013458554,756.729244222,187.761202418));
#4744 = CARTESIAN_POINT('',(435.150211641,756.608786055,187.760604451));
#4745 = CARTESIAN_POINT('',(435.355303972,756.428056657,187.759742523));
#4746 = CARTESIAN_POINT('',(435.560389812,756.247319922,187.758934803));
#4747 = CARTESIAN_POINT('',(435.628724548,756.187043595,187.758663105));
#4748 = CARTESIAN_POINT('',(435.697105605,756.126819623,187.75840446));
#4749 = CARTESIAN_POINT('',(435.765375212,756.06646968,187.758099567));
#4750 = CARTESIAN_POINT('',(434.015070328,757.525977504,187.726085166));
#4751 = CARTESIAN_POINT('',(434.151557562,757.405218845,187.726075562));
#4752 = CARTESIAN_POINT('',(434.288037747,757.284452219,187.726070742));
#4753 = CARTESIAN_POINT('',(434.424536965,757.163707107,187.726072678));
#4754 = CARTESIAN_POINT('',(434.697511874,756.922190289,187.726068832));
#4755 = CARTESIAN_POINT('',(434.970495193,756.680682976,187.726069126));
#4756 = CARTESIAN_POINT('',(435.106981754,756.559923557,187.726067104));
#4757 = CARTESIAN_POINT('',(435.311719192,756.378793025,187.726070341));
#4758 = CARTESIAN_POINT('',(435.516436185,756.197639385,187.726063409));
#4759 = CARTESIAN_POINT('',(435.584682562,756.137263185,187.726064726));
#4760 = CARTESIAN_POINT('',(435.652907864,756.076863164,187.726052711));
#4761 = CARTESIAN_POINT('',(435.72113317,756.016463148,187.726038978));
#4762 = DEFINITIONAL_REPRESENTATION('',(#4763),#4766);
#4763 = B_SPLINE_CURVE_WITH_KNOTS('',1,(#4764,#4765),.UNSPECIFIED.,.F.,
  .F.,(2,2),(0.,2.63043104139),.PIECEWISE_BEZIER_KNOTS.);
#4764 = CARTESIAN_POINT('',(1.86318188118,2.188709840526E-11));
#4765 = CARTESIAN_POINT('',(1.36235739735E-05,-1.116981202991E-10));
#4766 = ( GEOMETRIC_REPRESENTATION_CONTEXT(2) 
PARAMETRIC_REPRESENTATION_CONTEXT() REPRESENTATION_CONTEXT('2D SPACE',''
  ) );
#4767 = ORIENTED_EDGE('',*,*,#4768,.F.);
#4768 = EDGE_CURVE('',#4769,#4596,#4771,.T.);
#4769 = VERTEX_POINT('',#4770);
#4770 = CARTESIAN_POINT('',(434.015063412,757.525969687,121.465796402));
#4771 = SURFACE_CURVE('',#4772,(#4776,#4783),.PCURVE_S1.);
#4772 = LINE('',#4773,#4774);
#4773 = CARTESIAN_POINT('',(434.015063412,757.525969687,154.595935575));
#4774 = VECTOR('',#4775,1.);
#4775 = DIRECTION('',(0.,0.,1.));
#4776 = PCURVE('',#2158,#4777);
#4777 = DEFINITIONAL_REPRESENTATION('',(#4778),#4782);
#4778 = LINE('',#4779,#4780);
#4779 = CARTESIAN_POINT('',(34.026650966734,-105.604064425));
#4780 = VECTOR('',#4781,1.);
#4781 = DIRECTION('',(0.,1.));
#4782 = ( GEOMETRIC_REPRESENTATION_CONTEXT(2) 
PARAMETRIC_REPRESENTATION_CONTEXT() REPRESENTATION_CONTEXT('2D SPACE',''
  ) );
#4783 = PCURVE('',#4784,#4789);
#4784 = CYLINDRICAL_SURFACE('',#4785,6.5);
#4785 = AXIS2_PLACEMENT_3D('',#4786,#4787,#4788);
#4786 = CARTESIAN_POINT('',(429.146851227,761.833,121.936333298));
#4787 = DIRECTION('',(-0.,0.,1.));
#4788 = DIRECTION('',(0.,-1.,0.));
#4789 = DEFINITIONAL_REPRESENTATION('',(#4790),#4794);
#4790 = LINE('',#4791,#4792);
#4791 = CARTESIAN_POINT('',(0.846484687251,32.659602277));
#4792 = VECTOR('',#4793,1.);
#4793 = DIRECTION('',(0.,1.));
#4794 = ( GEOMETRIC_REPRESENTATION_CONTEXT(2) 
PARAMETRIC_REPRESENTATION_CONTEXT() REPRESENTATION_CONTEXT('2D SPACE',''
  ) );
#4795 = ORIENTED_EDGE('',*,*,#4796,.T.);
#4796 = EDGE_CURVE('',#4769,#2979,#4797,.T.);
#4797 = SURFACE_CURVE('',#4798,(#4808,#4821),.PCURVE_S1.);
#4798 = B_SPLINE_CURVE_WITH_KNOTS('',5,(#4799,#4800,#4801,#4802,#4803,
    #4804,#4805,#4806,#4807),.UNSPECIFIED.,.F.,.F.,(6,3,6),(0.,
    10.94639372,14.1205512756),.UNSPECIFIED.);
#4799 = CARTESIAN_POINT('',(434.015063412,757.525969687,121.465796402));
#4800 = CARTESIAN_POINT('',(434.015063412,757.525969687,119.917805764));
#4801 = CARTESIAN_POINT('',(433.915064905,757.412941935,118.369805198));
#4802 = CARTESIAN_POINT('',(433.715035726,757.186850078,116.842851467));
#4803 = CARTESIAN_POINT('',(433.336612052,756.759119924,114.923614244));
#4804 = CARTESIAN_POINT('',(432.818283376,756.17325593,113.09060636));
#4805 = CARTESIAN_POINT('',(432.694724703,756.033598256,112.682587965));
#4806 = CARTESIAN_POINT('',(432.56474102,755.886678428,112.280113198));
#4807 = CARTESIAN_POINT('',(432.428383021,755.732553747,111.882757836));
#4808 = PCURVE('',#2158,#4809);
#4809 = DEFINITIONAL_REPRESENTATION('',(#4810),#4820);
#4810 = B_SPLINE_CURVE_WITH_KNOTS('',5,(#4811,#4812,#4813,#4814,#4815,
    #4816,#4817,#4818,#4819),.UNSPECIFIED.,.F.,.F.,(6,3,6),(0.,
    10.94639372,14.1205512756),.UNSPECIFIED.);
#4811 = CARTESIAN_POINT('',(34.026650966733,-138.734203598));
#4812 = CARTESIAN_POINT('',(34.026650966733,-140.282194236));
#4813 = CARTESIAN_POINT('',(33.875737169735,-141.830194802));
#4814 = CARTESIAN_POINT('',(33.573861035778,-143.357148533));
#4815 = CARTESIAN_POINT('',(33.002758976874,-145.276385756));
#4816 = CARTESIAN_POINT('',(32.22051781468,-147.10939364));
#4817 = CARTESIAN_POINT('',(32.034047946925,-147.517412035));
#4818 = CARTESIAN_POINT('',(31.83788170695,-147.919886802));
#4819 = CARTESIAN_POINT('',(31.632095601529,-148.317242164));
#4820 = ( GEOMETRIC_REPRESENTATION_CONTEXT(2) 
PARAMETRIC_REPRESENTATION_CONTEXT() REPRESENTATION_CONTEXT('2D SPACE',''
  ) );
#4821 = PCURVE('',#2907,#4822);
#4822 = DEFINITIONAL_REPRESENTATION('',(#4823),#4849);
#4823 = B_SPLINE_CURVE_WITH_KNOTS('',3,(#4824,#4825,#4826,#4827,#4828,
    #4829,#4830,#4831,#4832,#4833,#4834,#4835,#4836,#4837,#4838,#4839,
    #4840,#4841,#4842,#4843,#4844,#4845,#4846,#4847,#4848),
  .UNSPECIFIED.,.F.,.F.,(4,1,1,1,1,1,1,1,1,1,1,1,1,1,1,1,1,1,1,1,1,1,4),
  (0.,0.6418432398,1.2836864796,1.9255297194,2.5673729592,3.209216199,
    3.8510594388,4.4929026786,5.1347459184,5.7765891582,6.418432398,
    7.0602756378,7.7021188776,8.3439621174,8.9858053572,9.627648597,
    10.2694918368,10.9113350766,11.5531783164,12.1950215562,12.836864796
    ,13.4787080358,14.1205512756),.QUASI_UNIFORM_KNOTS.);
#4824 = CARTESIAN_POINT('',(60.5732663326,5.73889684556));
#4825 = CARTESIAN_POINT('',(60.705582620937,5.73889678054));
#4826 = CARTESIAN_POINT('',(60.970215018051,5.738897026176));
#4827 = CARTESIAN_POINT('',(61.367183025017,5.738899140161));
#4828 = CARTESIAN_POINT('',(61.764190674679,5.738903888198));
#4829 = CARTESIAN_POINT('',(62.161257213442,5.738911213732));
#4830 = CARTESIAN_POINT('',(62.558401318847,5.738920651055));
#4831 = CARTESIAN_POINT('',(62.955641026498,5.738931381346));
#4832 = CARTESIAN_POINT('',(63.352993752747,5.738942403448));
#4833 = CARTESIAN_POINT('',(63.750476258012,5.73895265716));
#4834 = CARTESIAN_POINT('',(64.148104593781,5.738961139917));
#4835 = CARTESIAN_POINT('',(64.545894023842,5.738967003561));
#4836 = CARTESIAN_POINT('',(64.943858921933,5.738969633232));
#4837 = CARTESIAN_POINT('',(65.342012653976,5.738968705132));
#4838 = CARTESIAN_POINT('',(65.740367417149,5.738964227737));
#4839 = CARTESIAN_POINT('',(66.138934145671,5.738956546877));
#4840 = CARTESIAN_POINT('',(66.537722078269,5.738946385968));
#4841 = CARTESIAN_POINT('',(66.936739504018,5.738934655246));
#4842 = CARTESIAN_POINT('',(67.335990031065,5.738923024374));
#4843 = CARTESIAN_POINT('',(67.735485489579,5.73891154991));
#4844 = CARTESIAN_POINT('',(68.135391231092,5.73889749136));
#4845 = CARTESIAN_POINT('',(68.535635813727,5.738892339826));
#4846 = CARTESIAN_POINT('',(68.93605107359,5.738895655465));
#4847 = CARTESIAN_POINT('',(69.203087294631,5.738897297283));
#4848 = CARTESIAN_POINT('',(69.3366168134,5.73889684556));
#4849 = ( GEOMETRIC_REPRESENTATION_CONTEXT(2) 
PARAMETRIC_REPRESENTATION_CONTEXT() REPRESENTATION_CONTEXT('2D SPACE',''
  ) );
#4850 = ADVANCED_FACE('',(#4851),#2387,.T.);
#4851 = FACE_BOUND('',#4852,.T.);
#4852 = EDGE_LOOP('',(#4853,#4898,#4926,#4952,#4953,#4976));
#4853 = ORIENTED_EDGE('',*,*,#4854,.T.);
#4854 = EDGE_CURVE('',#4855,#4857,#4859,.T.);
#4855 = VERTEX_POINT('',#4856);
#4856 = CARTESIAN_POINT('',(408.889379497,751.078952015,68.5531781933));
#4857 = VERTEX_POINT('',#4858);
#4858 = CARTESIAN_POINT('',(406.83892626,750.288375437,72.2725485676));
#4859 = SURFACE_CURVE('',#4860,(#4870,#4883),.PCURVE_S1.);
#4860 = B_SPLINE_CURVE_WITH_KNOTS('',5,(#4861,#4862,#4863,#4864,#4865,
    #4866,#4867,#4868,#4869),.UNSPECIFIED.,.F.,.F.,(6,3,6),(0.,
    3.94664246557,6.31997047165),.UNSPECIFIED.);
#4861 = CARTESIAN_POINT('',(408.889379497,751.078952015,68.5531781933));
#4862 = CARTESIAN_POINT('',(408.853895991,750.963420924,69.0967092432));
#4863 = CARTESIAN_POINT('',(408.744671318,750.848863626,69.6356589573));
#4864 = CARTESIAN_POINT('',(408.561876226,750.738038134,70.1570519032));
#4865 = CARTESIAN_POINT('',(408.157414654,750.570904392,70.9433543366));
#4866 = CARTESIAN_POINT('',(407.592821691,750.426569637,71.622395972));
#4867 = CARTESIAN_POINT('',(407.359784877,750.376109561,71.8597919644));
#4868 = CARTESIAN_POINT('',(407.107724898,750.329886381,72.0772549267));
#4869 = CARTESIAN_POINT('',(406.83892626,750.288375437,72.2725485676));
#4870 = PCURVE('',#2387,#4871);
#4871 = DEFINITIONAL_REPRESENTATION('',(#4872),#4882);
#4872 = B_SPLINE_CURVE_WITH_KNOTS('',5,(#4873,#4874,#4875,#4876,#4877,
    #4878,#4879,#4880,#4881),.UNSPECIFIED.,.F.,.F.,(6,3,6),(0.,
    3.94664246557,6.31997047165),.UNSPECIFIED.);
#4873 = CARTESIAN_POINT('',(34.654198833,-1.458872225139));
#4874 = CARTESIAN_POINT('',(34.618715327,-2.014546081995));
#4875 = CARTESIAN_POINT('',(34.509490654,-2.56553625328));
#4876 = CARTESIAN_POINT('',(34.326695562,-3.098577427779));
#4877 = CARTESIAN_POINT('',(33.92223399,-3.902446325353));
#4878 = CARTESIAN_POINT('',(33.357641027,-4.596658154773));
#4879 = CARTESIAN_POINT('',(33.124604213,-4.839357714883));
#4880 = CARTESIAN_POINT('',(32.872544234,-5.061678929214));
#4881 = CARTESIAN_POINT('',(32.603745596,-5.261335546054));
#4882 = ( GEOMETRIC_REPRESENTATION_CONTEXT(2) 
PARAMETRIC_REPRESENTATION_CONTEXT() REPRESENTATION_CONTEXT('2D SPACE',''
  ) );
#4883 = PCURVE('',#4884,#4893);
#4884 = SURFACE_OF_LINEAR_EXTRUSION('',#4885,#4891);
#4885 = B_SPLINE_CURVE_WITH_KNOTS('',4,(#4886,#4887,#4888,#4889,#4890),
  .UNSPECIFIED.,.F.,.F.,(5,5),(0.,4.55331253882),
  .PIECEWISE_BEZIER_KNOTS.);
#4886 = CARTESIAN_POINT('',(406.838926261,750.288375436,72.2725485675));
#4887 = CARTESIAN_POINT('',(407.733708138,750.426557838,71.6224514806));
#4888 = CARTESIAN_POINT('',(408.431110963,750.620316462,70.7108888243));
#4889 = CARTESIAN_POINT('',(408.818348058,750.847680058,69.6412272038));
#4890 = CARTESIAN_POINT('',(408.889379497,751.078952015,68.5531781937));
#4891 = VECTOR('',#4892,1.);
#4892 = DIRECTION('',(-0.,0.978147600734,0.207911690818));
#4893 = DEFINITIONAL_REPRESENTATION('',(#4894),#4897);
#4894 = B_SPLINE_CURVE_WITH_KNOTS('',1,(#4895,#4896),.UNSPECIFIED.,.F.,
  .F.,(2,2),(0.,6.31997047165),.PIECEWISE_BEZIER_KNOTS.);
#4895 = CARTESIAN_POINT('',(4.553312539219,-8.324992235835E-11));
#4896 = CARTESIAN_POINT('',(-7.528026582004E-10,9.989165226377E-10));
#4897 = ( GEOMETRIC_REPRESENTATION_CONTEXT(2) 
PARAMETRIC_REPRESENTATION_CONTEXT() REPRESENTATION_CONTEXT('2D SPACE',''
  ) );
#4898 = ORIENTED_EDGE('',*,*,#4899,.F.);
#4899 = EDGE_CURVE('',#4900,#4857,#4902,.T.);
#4900 = VERTEX_POINT('',#4901);
#4901 = CARTESIAN_POINT('',(406.373328093,750.216472468,72.6108254381));
#4902 = SURFACE_CURVE('',#4903,(#4907,#4914),.PCURVE_S1.);
#4903 = LINE('',#4904,#4905);
#4904 = CARTESIAN_POINT('',(406.606127177,750.252423952,72.4416870029));
#4905 = VECTOR('',#4906,1.);
#4906 = DIRECTION('',(0.802775827521,0.123973780415,-0.583250780126));
#4907 = PCURVE('',#2387,#4908);
#4908 = DEFINITIONAL_REPRESENTATION('',(#4909),#4913);
#4909 = LINE('',#4910,#4911);
#4910 = CARTESIAN_POINT('',(32.370946513,-5.434252634768));
#4911 = VECTOR('',#4912,1.);
#4912 = DIRECTION('',(0.802775827521,0.59628094951));
#4913 = ( GEOMETRIC_REPRESENTATION_CONTEXT(2) 
PARAMETRIC_REPRESENTATION_CONTEXT() REPRESENTATION_CONTEXT('2D SPACE',''
  ) );
#4914 = PCURVE('',#4915,#4920);
#4915 = PLANE('',#4916);
#4916 = AXIS2_PLACEMENT_3D('',#4917,#4918,#4919);
#4917 = CARTESIAN_POINT('',(406.606107374,750.252420894,72.4417013907));
#4918 = DIRECTION('',(-0.596280948866,0.166906479747,-0.785233250085));
#4919 = DIRECTION('',(0.802775827999,0.123973780281,-0.583250779496));
#4920 = DEFINITIONAL_REPRESENTATION('',(#4921),#4925);
#4921 = LINE('',#4922,#4923);
#4922 = CARTESIAN_POINT('',(2.46681771196E-05,2.165046116486E-10));
#4923 = VECTOR('',#4924,1.);
#4924 = DIRECTION('',(1.,-8.744394097704E-14));
#4925 = ( GEOMETRIC_REPRESENTATION_CONTEXT(2) 
PARAMETRIC_REPRESENTATION_CONTEXT() REPRESENTATION_CONTEXT('2D SPACE',''
  ) );
#4926 = ORIENTED_EDGE('',*,*,#4927,.F.);
#4927 = EDGE_CURVE('',#2249,#4900,#4928,.T.);
#4928 = SURFACE_CURVE('',#4929,(#4936,#4946),.PCURVE_S1.);
#4929 = B_SPLINE_CURVE_WITH_KNOTS('',5,(#4930,#4931,#4932,#4933,#4934,
    #4935),.UNSPECIFIED.,.F.,.F.,(6,6),(0.,1.29479647942),
  .PIECEWISE_BEZIER_KNOTS.);
#4930 = CARTESIAN_POINT('',(405.682400673,750.091784774,73.1974349186));
#4931 = CARTESIAN_POINT('',(405.811135602,750.118850299,73.0701016362));
#4932 = CARTESIAN_POINT('',(405.944769159,750.144883501,72.9476250489));
#4933 = CARTESIAN_POINT('',(406.083598151,750.169928906,72.8297956815));
#4934 = CARTESIAN_POINT('',(406.226376224,750.193770243,72.7176310105));
#4935 = CARTESIAN_POINT('',(406.373327612,750.216472602,72.6108248095));
#4936 = PCURVE('',#2387,#4937);
#4937 = DEFINITIONAL_REPRESENTATION('',(#4938),#4945);
#4938 = B_SPLINE_CURVE_WITH_KNOTS('',5,(#4939,#4940,#4941,#4942,#4943,
    #4944),.UNSPECIFIED.,.F.,.F.,(6,6),(0.,1.29479647942),
  .PIECEWISE_BEZIER_KNOTS.);
#4939 = CARTESIAN_POINT('',(31.447220009,-6.206884408379));
#4940 = CARTESIAN_POINT('',(31.575954938,-6.07670642464));
#4941 = CARTESIAN_POINT('',(31.709588495,-5.951493637582));
#4942 = CARTESIAN_POINT('',(31.848417487,-5.831031892062));
#4943 = CARTESIAN_POINT('',(31.99119556,-5.71636139555));
#4944 = CARTESIAN_POINT('',(32.138146948,-5.607169080453));
#4945 = ( GEOMETRIC_REPRESENTATION_CONTEXT(2) 
PARAMETRIC_REPRESENTATION_CONTEXT() REPRESENTATION_CONTEXT('2D SPACE',''
  ) );
#4946 = PCURVE('',#3587,#4947);
#4947 = DEFINITIONAL_REPRESENTATION('',(#4948),#4951);
#4948 = B_SPLINE_CURVE_WITH_KNOTS('',1,(#4949,#4950),.UNSPECIFIED.,.F.,
  .F.,(2,2),(0.,1.29479647942),.PIECEWISE_BEZIER_KNOTS.);
#4949 = CARTESIAN_POINT('',(0.917050057766,2.377491969893E-05));
#4950 = CARTESIAN_POINT('',(2.916499998818E-10,2.377508050944E-05));
#4951 = ( GEOMETRIC_REPRESENTATION_CONTEXT(2) 
PARAMETRIC_REPRESENTATION_CONTEXT() REPRESENTATION_CONTEXT('2D SPACE',''
  ) );
#4952 = ORIENTED_EDGE('',*,*,#2371,.F.);
#4953 = ORIENTED_EDGE('',*,*,#4954,.F.);
#4954 = EDGE_CURVE('',#4955,#2372,#4957,.T.);
#4955 = VERTEX_POINT('',#4956);
#4956 = CARTESIAN_POINT('',(425.257520595,751.078952015,68.5531781933));
#4957 = SURFACE_CURVE('',#4958,(#4962,#4969),.PCURVE_S1.);
#4958 = LINE('',#4959,#4960);
#4959 = CARTESIAN_POINT('',(424.820835234,750.585369002,70.8753036973));
#4960 = VECTOR('',#4961,1.);
#4961 = DIRECTION('',(-0.180909587929,-0.204481092004,0.962007902259));
#4962 = PCURVE('',#2387,#4963);
#4963 = DEFINITIONAL_REPRESENTATION('',(#4964),#4968);
#4964 = LINE('',#4965,#4966);
#4965 = CARTESIAN_POINT('',(50.58565457,-3.832875394271));
#4966 = VECTOR('',#4967,1.);
#4967 = DIRECTION('',(-0.180909587929,-0.98349973106));
#4968 = ( GEOMETRIC_REPRESENTATION_CONTEXT(2) 
PARAMETRIC_REPRESENTATION_CONTEXT() REPRESENTATION_CONTEXT('2D SPACE',''
  ) );
#4969 = PCURVE('',#3732,#4970);
#4970 = DEFINITIONAL_REPRESENTATION('',(#4971),#4975);
#4971 = LINE('',#4972,#4973);
#4972 = CARTESIAN_POINT('',(0.865656639721,18.188356987434));
#4973 = VECTOR('',#4974,1.);
#4974 = DIRECTION('',(-4.396806845305E-11,-1.));
#4975 = ( GEOMETRIC_REPRESENTATION_CONTEXT(2) 
PARAMETRIC_REPRESENTATION_CONTEXT() REPRESENTATION_CONTEXT('2D SPACE',''
  ) );
#4976 = ORIENTED_EDGE('',*,*,#4977,.F.);
#4977 = EDGE_CURVE('',#4855,#4955,#4978,.T.);
#4978 = SURFACE_CURVE('',#4979,(#4983,#4990),.PCURVE_S1.);
#4979 = LINE('',#4980,#4981);
#4980 = CARTESIAN_POINT('',(417.073450046,751.078952015,68.5531781933));
#4981 = VECTOR('',#4982,1.);
#4982 = DIRECTION('',(1.,0.,0.));
#4983 = PCURVE('',#2387,#4984);
#4984 = DEFINITIONAL_REPRESENTATION('',(#4985),#4989);
#4985 = LINE('',#4986,#4987);
#4986 = CARTESIAN_POINT('',(42.838269382,-1.458872225139));
#4987 = VECTOR('',#4988,1.);
#4988 = DIRECTION('',(1.,0.));
#4989 = ( GEOMETRIC_REPRESENTATION_CONTEXT(2) 
PARAMETRIC_REPRESENTATION_CONTEXT() REPRESENTATION_CONTEXT('2D SPACE',''
  ) );
#4990 = PCURVE('',#4991,#4996);
#4991 = CYLINDRICAL_SURFACE('',#4992,20.);
#4992 = AXIS2_PLACEMENT_3D('',#4993,#4994,#4995);
#4993 = CARTESIAN_POINT('',(417.190143077,731.516,64.3949443774));
#4994 = DIRECTION('',(-1.,0.,0.));
#4995 = DIRECTION('',(0.,0.978147600734,0.207911690818));
#4996 = DEFINITIONAL_REPRESENTATION('',(#4997),#5001);
#4997 = LINE('',#4998,#4999);
#4998 = CARTESIAN_POINT('',(0.,0.116693031));
#4999 = VECTOR('',#5000,1.);
#5000 = DIRECTION('',(0.,-1.));
#5001 = ( GEOMETRIC_REPRESENTATION_CONTEXT(2) 
PARAMETRIC_REPRESENTATION_CONTEXT() REPRESENTATION_CONTEXT('2D SPACE',''
  ) );
#5002 = ADVANCED_FACE('',(#5003),#2579,.T.);
#5003 = FACE_BOUND('',#5004,.T.);
#5004 = EDGE_LOOP('',(#5005,#5006,#5007,#5030));
#5005 = ORIENTED_EDGE('',*,*,#2661,.F.);
#5006 = ORIENTED_EDGE('',*,*,#2539,.F.);
#5007 = ORIENTED_EDGE('',*,*,#5008,.T.);
#5008 = EDGE_CURVE('',#2471,#5009,#5011,.T.);
#5009 = VERTEX_POINT('',#5010);
#5010 = CARTESIAN_POINT('',(434.134505229,754.223106494,111.882757013));
#5011 = SURFACE_CURVE('',#5012,(#5016,#5023),.PCURVE_S1.);
#5012 = LINE('',#5013,#5014);
#5013 = CARTESIAN_POINT('',(444.321002879,765.736847605,141.566953737));
#5014 = VECTOR('',#5015,1.);
#5015 = DIRECTION('',(0.304722500368,0.344426131564,0.887983579615));
#5016 = PCURVE('',#2579,#5017);
#5017 = DEFINITIONAL_REPRESENTATION('',(#5018),#5022);
#5018 = LINE('',#5019,#5020);
#5019 = CARTESIAN_POINT('',(0.452442228322,-8.3192475131E-10));
#5020 = VECTOR('',#5021,1.);
#5021 = DIRECTION('',(0.,1.));
#5022 = ( GEOMETRIC_REPRESENTATION_CONTEXT(2) 
PARAMETRIC_REPRESENTATION_CONTEXT() REPRESENTATION_CONTEXT('2D SPACE',''
  ) );
#5023 = PCURVE('',#3495,#5024);
#5024 = DEFINITIONAL_REPRESENTATION('',(#5025),#5029);
#5025 = LINE('',#5026,#5027);
#5026 = CARTESIAN_POINT('',(47.005157062747,-118.633046263));
#5027 = VECTOR('',#5028,1.);
#5028 = DIRECTION('',(0.45987515951,0.887983579615));
#5029 = ( GEOMETRIC_REPRESENTATION_CONTEXT(2) 
PARAMETRIC_REPRESENTATION_CONTEXT() REPRESENTATION_CONTEXT('2D SPACE',''
  ) );
#5030 = ORIENTED_EDGE('',*,*,#5031,.F.);
#5031 = EDGE_CURVE('',#2662,#5009,#5032,.T.);
#5032 = SURFACE_CURVE('',#5033,(#5038,#5045),.PCURVE_S1.);
#5033 = CIRCLE('',#5034,8.778);
#5034 = AXIS2_PLACEMENT_3D('',#5035,#5036,#5037);
#5035 = CARTESIAN_POINT('',(427.560171214,760.039584489,111.88275498));
#5036 = DIRECTION('',(0.304722500368,0.344426131564,0.887983579615));
#5037 = DIRECTION('',(2.957911693358E-13,0.932323801216,-0.361624570082)
  );
#5038 = PCURVE('',#2579,#5039);
#5039 = DEFINITIONAL_REPRESENTATION('',(#5040),#5044);
#5040 = LINE('',#5041,#5042);
#5041 = CARTESIAN_POINT('',(-3.59403488183,-33.42876989981));
#5042 = VECTOR('',#5043,1.);
#5043 = DIRECTION('',(1.,-1.25636855501E-13));
#5044 = ( GEOMETRIC_REPRESENTATION_CONTEXT(2) 
PARAMETRIC_REPRESENTATION_CONTEXT() REPRESENTATION_CONTEXT('2D SPACE',''
  ) );
#5045 = PCURVE('',#2698,#5046);
#5046 = DEFINITIONAL_REPRESENTATION('',(#5047),#5050);
#5047 = B_SPLINE_CURVE_WITH_KNOTS('',1,(#5048,#5049),.UNSPECIFIED.,.F.,
  .F.,(2,2),(3.59403488183,4.046477110098),.PIECEWISE_BEZIER_KNOTS.);
#5048 = CARTESIAN_POINT('',(68.898880304764,3.875080577696));
#5049 = CARTESIAN_POINT('',(68.898882232505,7.750161235855));
#5050 = ( GEOMETRIC_REPRESENTATION_CONTEXT(2) 
PARAMETRIC_REPRESENTATION_CONTEXT() REPRESENTATION_CONTEXT('2D SPACE',''
  ) );
#5051 = ADVANCED_FACE('',(#5052),#2698,.T.);
#5052 = FACE_BOUND('',#5053,.T.);
#5053 = EDGE_LOOP('',(#5054,#5086,#5114,#5115,#5116,#5117,#5118));
#5054 = ORIENTED_EDGE('',*,*,#5055,.F.);
#5055 = EDGE_CURVE('',#5056,#5058,#5060,.T.);
#5056 = VERTEX_POINT('',#5057);
#5057 = CARTESIAN_POINT('',(432.752141315,753.829552781,121.465796403));
#5058 = VERTEX_POINT('',#5059);
#5059 = CARTESIAN_POINT('',(435.721184544,756.016521217,121.465796403));
#5060 = SURFACE_CURVE('',#5061,(#5068,#5075),.PCURVE_S1.);
#5061 = B_SPLINE_CURVE_WITH_KNOTS('',5,(#5062,#5063,#5064,#5065,#5066,
    #5067),.UNSPECIFIED.,.F.,.F.,(6,6),(3.87507973072,7.75015946191),
  .PIECEWISE_BEZIER_KNOTS.);
#5062 = CARTESIAN_POINT('',(432.752112807,753.829616067,121.465796403));
#5063 = CARTESIAN_POINT('',(433.429591591,754.134798007,121.465796403));
#5064 = CARTESIAN_POINT('',(434.074787421,754.511645449,121.465796403));
#5065 = CARTESIAN_POINT('',(434.677588141,754.955603199,121.465796403));
#5066 = CARTESIAN_POINT('',(435.228828521,755.460013968,121.465796403));
#5067 = CARTESIAN_POINT('',(435.721184544,756.016521217,121.465796403));
#5068 = PCURVE('',#2698,#5069);
#5069 = DEFINITIONAL_REPRESENTATION('',(#5070),#5074);
#5070 = LINE('',#5071,#5072);
#5071 = CARTESIAN_POINT('',(60.5732663326,1.595168441781E-12));
#5072 = VECTOR('',#5073,1.);
#5073 = DIRECTION('',(-1.833620944729E-15,1.));
#5074 = ( GEOMETRIC_REPRESENTATION_CONTEXT(2) 
PARAMETRIC_REPRESENTATION_CONTEXT() REPRESENTATION_CONTEXT('2D SPACE',''
  ) );
#5075 = PCURVE('',#5076,#5081);
#5076 = CYLINDRICAL_SURFACE('',#5077,8.778);
#5077 = AXIS2_PLACEMENT_3D('',#5078,#5079,#5080);
#5078 = CARTESIAN_POINT('',(429.146851227,761.833,121.936333298));
#5079 = DIRECTION('',(0.,0.,1.));
#5080 = DIRECTION('',(0.410718852613,-0.911762043577,0.));
#5081 = DEFINITIONAL_REPRESENTATION('',(#5082),#5085);
#5082 = B_SPLINE_CURVE_WITH_KNOTS('',1,(#5083,#5084),.UNSPECIFIED.,.F.,
  .F.,(2,2),(3.87507973072,7.75015946191),.PIECEWISE_BEZIER_KNOTS.);
#5083 = CARTESIAN_POINT('',(0.,-0.470536895));
#5084 = CARTESIAN_POINT('',(0.423242343623,-0.470536895));
#5085 = ( GEOMETRIC_REPRESENTATION_CONTEXT(2) 
PARAMETRIC_REPRESENTATION_CONTEXT() REPRESENTATION_CONTEXT('2D SPACE',''
  ) );
#5086 = ORIENTED_EDGE('',*,*,#5087,.F.);
#5087 = EDGE_CURVE('',#3104,#5056,#5088,.T.);
#5088 = SURFACE_CURVE('',#5089,(#5096,#5103),.PCURVE_S1.);
#5089 = B_SPLINE_CURVE_WITH_KNOTS('',5,(#5090,#5091,#5092,#5093,#5094,
    #5095),.UNSPECIFIED.,.F.,.F.,(6,6),(0.,3.87507973072),
  .PIECEWISE_BEZIER_KNOTS.);
#5090 = CARTESIAN_POINT('',(429.146851227,753.055,121.465796403));
#5091 = CARTESIAN_POINT('',(429.889895485,753.055,121.465796403));
#5092 = CARTESIAN_POINT('',(430.632939744,753.133621948,121.465796403));
#5093 = CARTESIAN_POINT('',(431.364872283,753.29091769,121.465796403));
#5094 = CARTESIAN_POINT('',(432.074634022,753.524434128,121.465796403));
#5095 = CARTESIAN_POINT('',(432.752112807,753.829616067,121.465796403));
#5096 = PCURVE('',#2698,#5097);
#5097 = DEFINITIONAL_REPRESENTATION('',(#5098),#5102);
#5098 = LINE('',#5099,#5100);
#5099 = CARTESIAN_POINT('',(60.5732663326,8.024259572099E-14));
#5100 = VECTOR('',#5101,1.);
#5101 = DIRECTION('',(-1.833620945069E-15,1.));
#5102 = ( GEOMETRIC_REPRESENTATION_CONTEXT(2) 
PARAMETRIC_REPRESENTATION_CONTEXT() REPRESENTATION_CONTEXT('2D SPACE',''
  ) );
#5103 = PCURVE('',#5104,#5109);
#5104 = CYLINDRICAL_SURFACE('',#5105,8.778);
#5105 = AXIS2_PLACEMENT_3D('',#5106,#5107,#5108);
#5106 = CARTESIAN_POINT('',(429.146851227,761.833,121.936333298));
#5107 = DIRECTION('',(0.,0.,1.));
#5108 = DIRECTION('',(-0.410718852613,0.911762043577,0.));
#5109 = DEFINITIONAL_REPRESENTATION('',(#5110),#5113);
#5110 = B_SPLINE_CURVE_WITH_KNOTS('',1,(#5111,#5112),.UNSPECIFIED.,.F.,
  .F.,(2,2),(0.,3.875079730469),.PIECEWISE_BEZIER_KNOTS.);
#5111 = CARTESIAN_POINT('',(2.718350309982,-0.470536895));
#5112 = CARTESIAN_POINT('',(3.141592653543,-0.470536895));
#5113 = ( GEOMETRIC_REPRESENTATION_CONTEXT(2) 
PARAMETRIC_REPRESENTATION_CONTEXT() REPRESENTATION_CONTEXT('2D SPACE',''
  ) );
#5114 = ORIENTED_EDGE('',*,*,#3131,.T.);
#5115 = ORIENTED_EDGE('',*,*,#2770,.T.);
#5116 = ORIENTED_EDGE('',*,*,#2684,.T.);
#5117 = ORIENTED_EDGE('',*,*,#5031,.T.);
#5118 = ORIENTED_EDGE('',*,*,#5119,.F.);
#5119 = EDGE_CURVE('',#5058,#5009,#5120,.T.);
#5120 = SURFACE_CURVE('',#5121,(#5128,#5135),.PCURVE_S1.);
#5121 = B_SPLINE_CURVE_WITH_KNOTS('',5,(#5122,#5123,#5124,#5125,#5126,
    #5127),.UNSPECIFIED.,.F.,.F.,(6,6),(60.5732663326,68.8988803065),
  .PIECEWISE_BEZIER_KNOTS.);
#5122 = CARTESIAN_POINT('',(435.721184544,756.016521217,121.465796403));
#5123 = CARTESIAN_POINT('',(435.721184538,756.01652121,119.461962845));
#5124 = CARTESIAN_POINT('',(435.553615118,755.827118435,117.458077263));
#5125 = CARTESIAN_POINT('',(435.218170788,755.447967592,115.504169716));
#5126 = CARTESIAN_POINT('',(434.737621342,754.904805251,113.64027739));
#5127 = CARTESIAN_POINT('',(434.134504159,754.223105285,111.882757849));
#5128 = PCURVE('',#2698,#5129);
#5129 = DEFINITIONAL_REPRESENTATION('',(#5130),#5134);
#5130 = LINE('',#5131,#5132);
#5131 = CARTESIAN_POINT('',(2.13162820728E-14,7.750159461911));
#5132 = VECTOR('',#5133,1.);
#5133 = DIRECTION('',(1.,-2.218948799198E-14));
#5134 = ( GEOMETRIC_REPRESENTATION_CONTEXT(2) 
PARAMETRIC_REPRESENTATION_CONTEXT() REPRESENTATION_CONTEXT('2D SPACE',''
  ) );
#5135 = PCURVE('',#3495,#5136);
#5136 = DEFINITIONAL_REPRESENTATION('',(#5137),#5144);
#5137 = B_SPLINE_CURVE_WITH_KNOTS('',5,(#5138,#5139,#5140,#5141,#5142,
    #5143),.UNSPECIFIED.,.F.,.F.,(6,6),(60.5732663326,68.8988803065),
  .PIECEWISE_BEZIER_KNOTS.);
#5138 = CARTESIAN_POINT('',(34.026650966733,-138.734203597));
#5139 = CARTESIAN_POINT('',(34.026650957515,-140.738037155));
#5140 = CARTESIAN_POINT('',(33.773761808485,-142.741922737));
#5141 = CARTESIAN_POINT('',(33.26752247746,-144.695830284));
#5142 = CARTESIAN_POINT('',(32.542296237773,-146.55972261));
#5143 = CARTESIAN_POINT('',(31.632095611496,-148.317242151));
#5144 = ( GEOMETRIC_REPRESENTATION_CONTEXT(2) 
PARAMETRIC_REPRESENTATION_CONTEXT() REPRESENTATION_CONTEXT('2D SPACE',''
  ) );
#5145 = ADVANCED_FACE('',(#5146),#2857,.F.);
#5146 = FACE_BOUND('',#5147,.T.);
#5147 = EDGE_LOOP('',(#5148,#5178,#5199,#5200,#5201,#5224));
#5148 = ORIENTED_EDGE('',*,*,#5149,.T.);
#5149 = EDGE_CURVE('',#5150,#5152,#5154,.T.);
#5150 = VERTEX_POINT('',#5151);
#5151 = CARTESIAN_POINT('',(413.900000001,755.333,186.300000001));
#5152 = VERTEX_POINT('',#5153);
#5153 = CARTESIAN_POINT('',(429.146851227,755.333,186.300000001));
#5154 = SURFACE_CURVE('',#5155,(#5159,#5166),.PCURVE_S1.);
#5155 = LINE('',#5156,#5157);
#5156 = CARTESIAN_POINT('',(421.523425614,755.333,186.300000001));
#5157 = VECTOR('',#5158,1.);
#5158 = DIRECTION('',(1.,0.,0.));
#5159 = PCURVE('',#2857,#5160);
#5160 = DEFINITIONAL_REPRESENTATION('',(#5161),#5165);
#5161 = LINE('',#5162,#5163);
#5162 = CARTESIAN_POINT('',(108.886035477,-173.699999999));
#5163 = VECTOR('',#5164,1.);
#5164 = DIRECTION('',(1.,0.));
#5165 = ( GEOMETRIC_REPRESENTATION_CONTEXT(2) 
PARAMETRIC_REPRESENTATION_CONTEXT() REPRESENTATION_CONTEXT('2D SPACE',''
  ) );
#5166 = PCURVE('',#5167,#5172);
#5167 = PLANE('',#5168);
#5168 = AXIS2_PLACEMENT_3D('',#5169,#5170,#5171);
#5169 = CARTESIAN_POINT('',(421.523425613,755.333,186.3));
#5170 = DIRECTION('',(0.,0.,1.));
#5171 = DIRECTION('',(1.,0.,-0.));
#5172 = DEFINITIONAL_REPRESENTATION('',(#5173),#5177);
#5173 = LINE('',#5174,#5175);
#5174 = CARTESIAN_POINT('',(1.000046268018E-09,0.));
#5175 = VECTOR('',#5176,1.);
#5176 = DIRECTION('',(1.,0.));
#5177 = ( GEOMETRIC_REPRESENTATION_CONTEXT(2) 
PARAMETRIC_REPRESENTATION_CONTEXT() REPRESENTATION_CONTEXT('2D SPACE',''
  ) );
#5178 = ORIENTED_EDGE('',*,*,#5179,.F.);
#5179 = EDGE_CURVE('',#2842,#5152,#5180,.T.);
#5180 = SURFACE_CURVE('',#5181,(#5185,#5192),.PCURVE_S1.);
#5181 = LINE('',#5182,#5183);
#5182 = CARTESIAN_POINT('',(429.146851227,755.333,153.882898202));
#5183 = VECTOR('',#5184,1.);
#5184 = DIRECTION('',(0.,0.,1.));
#5185 = PCURVE('',#2857,#5186);
#5186 = DEFINITIONAL_REPRESENTATION('',(#5187),#5191);
#5187 = LINE('',#5188,#5189);
#5188 = CARTESIAN_POINT('',(116.50946109,-206.117101798));
#5189 = VECTOR('',#5190,1.);
#5190 = DIRECTION('',(0.,1.));
#5191 = ( GEOMETRIC_REPRESENTATION_CONTEXT(2) 
PARAMETRIC_REPRESENTATION_CONTEXT() REPRESENTATION_CONTEXT('2D SPACE',''
  ) );
#5192 = PCURVE('',#4784,#5193);
#5193 = DEFINITIONAL_REPRESENTATION('',(#5194),#5198);
#5194 = LINE('',#5195,#5196);
#5195 = CARTESIAN_POINT('',(0.,31.946564904));
#5196 = VECTOR('',#5197,1.);
#5197 = DIRECTION('',(0.,1.));
#5198 = ( GEOMETRIC_REPRESENTATION_CONTEXT(2) 
PARAMETRIC_REPRESENTATION_CONTEXT() REPRESENTATION_CONTEXT('2D SPACE',''
  ) );
#5199 = ORIENTED_EDGE('',*,*,#2841,.T.);
#5200 = ORIENTED_EDGE('',*,*,#3200,.T.);
#5201 = ORIENTED_EDGE('',*,*,#5202,.F.);
#5202 = EDGE_CURVE('',#5203,#3201,#5205,.T.);
#5203 = VERTEX_POINT('',#5204);
#5204 = CARTESIAN_POINT('',(410.364466094,755.333,184.835533906));
#5205 = SURFACE_CURVE('',#5206,(#5211,#5218),.PCURVE_S1.);
#5206 = CIRCLE('',#5207,5.0000000061);
#5207 = AXIS2_PLACEMENT_3D('',#5208,#5209,#5210);
#5208 = CARTESIAN_POINT('',(413.900000007,755.333,181.299999998));
#5209 = DIRECTION('',(0.,-1.,0.));
#5210 = DIRECTION('',(0.,-0.,-1.));
#5211 = PCURVE('',#2857,#5212);
#5212 = DEFINITIONAL_REPRESENTATION('',(#5213),#5217);
#5213 = CIRCLE('',#5214,5.0000000061);
#5214 = AXIS2_PLACEMENT_2D('',#5215,#5216);
#5215 = CARTESIAN_POINT('',(101.26260987,-178.700000002));
#5216 = DIRECTION('',(0.,-1.));
#5217 = ( GEOMETRIC_REPRESENTATION_CONTEXT(2) 
PARAMETRIC_REPRESENTATION_CONTEXT() REPRESENTATION_CONTEXT('2D SPACE',''
  ) );
#5218 = PCURVE('',#3261,#5219);
#5219 = DEFINITIONAL_REPRESENTATION('',(#5220),#5223);
#5220 = B_SPLINE_CURVE_WITH_KNOTS('',1,(#5221,#5222),.UNSPECIFIED.,.F.,
  .F.,(2,2),(3.926990817694,4.712388979785),.PIECEWISE_BEZIER_KNOTS.);
#5221 = CARTESIAN_POINT('',(0.,0.));
#5222 = CARTESIAN_POINT('',(0.785398163197,0.));
#5223 = ( GEOMETRIC_REPRESENTATION_CONTEXT(2) 
PARAMETRIC_REPRESENTATION_CONTEXT() REPRESENTATION_CONTEXT('2D SPACE',''
  ) );
#5224 = ORIENTED_EDGE('',*,*,#5225,.F.);
#5225 = EDGE_CURVE('',#5150,#5203,#5226,.T.);
#5226 = SURFACE_CURVE('',#5227,(#5232,#5239),.PCURVE_S1.);
#5227 = CIRCLE('',#5228,4.99999999745);
#5228 = AXIS2_PLACEMENT_3D('',#5229,#5230,#5231);
#5229 = CARTESIAN_POINT('',(413.9,755.333,181.300000003));
#5230 = DIRECTION('',(0.,-1.,0.));
#5231 = DIRECTION('',(0.,-0.,-1.));
#5232 = PCURVE('',#2857,#5233);
#5233 = DEFINITIONAL_REPRESENTATION('',(#5234),#5238);
#5234 = CIRCLE('',#5235,4.99999999745);
#5235 = AXIS2_PLACEMENT_2D('',#5236,#5237);
#5236 = CARTESIAN_POINT('',(101.262609863,-178.699999997));
#5237 = DIRECTION('',(0.,-1.));
#5238 = ( GEOMETRIC_REPRESENTATION_CONTEXT(2) 
PARAMETRIC_REPRESENTATION_CONTEXT() REPRESENTATION_CONTEXT('2D SPACE',''
  ) );
#5239 = PCURVE('',#5240,#5245);
#5240 = CYLINDRICAL_SURFACE('',#5241,5.);
#5241 = AXIS2_PLACEMENT_3D('',#5242,#5243,#5244);
#5242 = CARTESIAN_POINT('',(413.9,755.333,181.3));
#5243 = DIRECTION('',(0.,-1.,0.));
#5244 = DIRECTION('',(0.707106781187,0.,-0.707106781187));
#5245 = DEFINITIONAL_REPRESENTATION('',(#5246),#5250);
#5246 = LINE('',#5247,#5248);
#5247 = CARTESIAN_POINT('',(-0.785398163397,0.));
#5248 = VECTOR('',#5249,1.);
#5249 = DIRECTION('',(1.,0.));
#5250 = ( GEOMETRIC_REPRESENTATION_CONTEXT(2) 
PARAMETRIC_REPRESENTATION_CONTEXT() REPRESENTATION_CONTEXT('2D SPACE',''
  ) );
#5251 = ADVANCED_FACE('',(#5252),#2907,.F.);
#5252 = FACE_BOUND('',#5253,.F.);
#5253 = EDGE_LOOP('',(#5254,#5277,#5278,#5279));
#5254 = ORIENTED_EDGE('',*,*,#5255,.F.);
#5255 = EDGE_CURVE('',#2842,#4769,#5256,.T.);
#5256 = SURFACE_CURVE('',#5257,(#5264,#5271),.PCURVE_S1.);
#5257 = B_SPLINE_CURVE_WITH_KNOTS('',5,(#5258,#5259,#5260,#5261,#5262,
    #5263),.UNSPECIFIED.,.F.,.F.,(6,6),(0.,5.73889684556),
  .PIECEWISE_BEZIER_KNOTS.);
#5258 = CARTESIAN_POINT('',(429.146851227,755.333,121.465796403));
#5259 = CARTESIAN_POINT('',(430.24728132,755.333,121.465796403));
#5260 = CARTESIAN_POINT('',(431.347711414,755.565874306,121.465796403));
#5261 = CARTESIAN_POINT('',(432.382316786,756.031930043,121.465796403));
#5262 = CARTESIAN_POINT('',(433.285896371,756.701796273,121.465796403));
#5263 = CARTESIAN_POINT('',(434.015063412,757.525969687,121.465796403));
#5264 = PCURVE('',#2907,#5265);
#5265 = DEFINITIONAL_REPRESENTATION('',(#5266),#5270);
#5266 = LINE('',#5267,#5268);
#5267 = CARTESIAN_POINT('',(60.5732663326,-2.88944870468E-14));
#5268 = VECTOR('',#5269,1.);
#5269 = DIRECTION('',(-3.714351842601E-15,1.));
#5270 = ( GEOMETRIC_REPRESENTATION_CONTEXT(2) 
PARAMETRIC_REPRESENTATION_CONTEXT() REPRESENTATION_CONTEXT('2D SPACE',''
  ) );
#5271 = PCURVE('',#4784,#5272);
#5272 = DEFINITIONAL_REPRESENTATION('',(#5273),#5276);
#5273 = B_SPLINE_CURVE_WITH_KNOTS('',1,(#5274,#5275),.UNSPECIFIED.,.F.,
  .F.,(2,2),(0.,5.73889684556),.PIECEWISE_BEZIER_KNOTS.);
#5274 = CARTESIAN_POINT('',(0.,-0.470536895));
#5275 = CARTESIAN_POINT('',(0.846484687251,-0.470536895));
#5276 = ( GEOMETRIC_REPRESENTATION_CONTEXT(2) 
PARAMETRIC_REPRESENTATION_CONTEXT() REPRESENTATION_CONTEXT('2D SPACE',''
  ) );
#5277 = ORIENTED_EDGE('',*,*,#2869,.T.);
#5278 = ORIENTED_EDGE('',*,*,#2978,.T.);
#5279 = ORIENTED_EDGE('',*,*,#4796,.F.);
#5280 = ADVANCED_FACE('',(#5281),#3119,.T.);
#5281 = FACE_BOUND('',#5282,.T.);
#5282 = EDGE_LOOP('',(#5283,#5309,#5330,#5331,#5332,#5355));
#5283 = ORIENTED_EDGE('',*,*,#5284,.T.);
#5284 = EDGE_CURVE('',#5285,#5287,#5289,.T.);
#5285 = VERTEX_POINT('',#5286);
#5286 = CARTESIAN_POINT('',(413.900000001,753.055,186.300000001));
#5287 = VERTEX_POINT('',#5288);
#5288 = CARTESIAN_POINT('',(410.364466094,753.055,184.835533906));
#5289 = SURFACE_CURVE('',#5290,(#5295,#5302),.PCURVE_S1.);
#5290 = CIRCLE('',#5291,4.99999999745);
#5291 = AXIS2_PLACEMENT_3D('',#5292,#5293,#5294);
#5292 = CARTESIAN_POINT('',(413.9,753.055,181.300000003));
#5293 = DIRECTION('',(0.,-1.,0.));
#5294 = DIRECTION('',(0.,-0.,-1.));
#5295 = PCURVE('',#3119,#5296);
#5296 = DEFINITIONAL_REPRESENTATION('',(#5297),#5301);
#5297 = CIRCLE('',#5298,4.99999999745);
#5298 = AXIS2_PLACEMENT_2D('',#5299,#5300);
#5299 = CARTESIAN_POINT('',(101.262609863,-178.699999997));
#5300 = DIRECTION('',(0.,-1.));
#5301 = ( GEOMETRIC_REPRESENTATION_CONTEXT(2) 
PARAMETRIC_REPRESENTATION_CONTEXT() REPRESENTATION_CONTEXT('2D SPACE',''
  ) );
#5302 = PCURVE('',#5240,#5303);
#5303 = DEFINITIONAL_REPRESENTATION('',(#5304),#5308);
#5304 = LINE('',#5305,#5306);
#5305 = CARTESIAN_POINT('',(-0.785398163397,2.278));
#5306 = VECTOR('',#5307,1.);
#5307 = DIRECTION('',(1.,0.));
#5308 = ( GEOMETRIC_REPRESENTATION_CONTEXT(2) 
PARAMETRIC_REPRESENTATION_CONTEXT() REPRESENTATION_CONTEXT('2D SPACE',''
  ) );
#5309 = ORIENTED_EDGE('',*,*,#5310,.T.);
#5310 = EDGE_CURVE('',#5287,#3225,#5311,.T.);
#5311 = SURFACE_CURVE('',#5312,(#5317,#5324),.PCURVE_S1.);
#5312 = CIRCLE('',#5313,5.0000000061);
#5313 = AXIS2_PLACEMENT_3D('',#5314,#5315,#5316);
#5314 = CARTESIAN_POINT('',(413.900000007,753.055,181.299999998));
#5315 = DIRECTION('',(0.,-1.,0.));
#5316 = DIRECTION('',(0.,-0.,-1.));
#5317 = PCURVE('',#3119,#5318);
#5318 = DEFINITIONAL_REPRESENTATION('',(#5319),#5323);
#5319 = CIRCLE('',#5320,5.0000000061);
#5320 = AXIS2_PLACEMENT_2D('',#5321,#5322);
#5321 = CARTESIAN_POINT('',(101.26260987,-178.700000002));
#5322 = DIRECTION('',(0.,-1.));
#5323 = ( GEOMETRIC_REPRESENTATION_CONTEXT(2) 
PARAMETRIC_REPRESENTATION_CONTEXT() REPRESENTATION_CONTEXT('2D SPACE',''
  ) );
#5324 = PCURVE('',#3261,#5325);
#5325 = DEFINITIONAL_REPRESENTATION('',(#5326),#5329);
#5326 = B_SPLINE_CURVE_WITH_KNOTS('',1,(#5327,#5328),.UNSPECIFIED.,.F.,
  .F.,(2,2),(3.926990817694,4.712388979785),.PIECEWISE_BEZIER_KNOTS.);
#5327 = CARTESIAN_POINT('',(0.,2.278));
#5328 = CARTESIAN_POINT('',(0.785398163197,2.278));
#5329 = ( GEOMETRIC_REPRESENTATION_CONTEXT(2) 
PARAMETRIC_REPRESENTATION_CONTEXT() REPRESENTATION_CONTEXT('2D SPACE',''
  ) );
#5330 = ORIENTED_EDGE('',*,*,#3224,.F.);
#5331 = ORIENTED_EDGE('',*,*,#3103,.F.);
#5332 = ORIENTED_EDGE('',*,*,#5333,.T.);
#5333 = EDGE_CURVE('',#3104,#5334,#5336,.T.);
#5334 = VERTEX_POINT('',#5335);
#5335 = CARTESIAN_POINT('',(429.146851227,753.055,186.300000001));
#5336 = SURFACE_CURVE('',#5337,(#5341,#5348),.PCURVE_S1.);
#5337 = LINE('',#5338,#5339);
#5338 = CARTESIAN_POINT('',(429.146851227,753.055,153.882898202));
#5339 = VECTOR('',#5340,1.);
#5340 = DIRECTION('',(0.,0.,1.));
#5341 = PCURVE('',#3119,#5342);
#5342 = DEFINITIONAL_REPRESENTATION('',(#5343),#5347);
#5343 = LINE('',#5344,#5345);
#5344 = CARTESIAN_POINT('',(116.50946109,-206.117101798));
#5345 = VECTOR('',#5346,1.);
#5346 = DIRECTION('',(0.,1.));
#5347 = ( GEOMETRIC_REPRESENTATION_CONTEXT(2) 
PARAMETRIC_REPRESENTATION_CONTEXT() REPRESENTATION_CONTEXT('2D SPACE',''
  ) );
#5348 = PCURVE('',#5104,#5349);
#5349 = DEFINITIONAL_REPRESENTATION('',(#5350),#5354);
#5350 = LINE('',#5351,#5352);
#5351 = CARTESIAN_POINT('',(2.718350309982,31.946564904));
#5352 = VECTOR('',#5353,1.);
#5353 = DIRECTION('',(0.,1.));
#5354 = ( GEOMETRIC_REPRESENTATION_CONTEXT(2) 
PARAMETRIC_REPRESENTATION_CONTEXT() REPRESENTATION_CONTEXT('2D SPACE',''
  ) );
#5355 = ORIENTED_EDGE('',*,*,#5356,.F.);
#5356 = EDGE_CURVE('',#5285,#5334,#5357,.T.);
#5357 = SURFACE_CURVE('',#5358,(#5362,#5369),.PCURVE_S1.);
#5358 = LINE('',#5359,#5360);
#5359 = CARTESIAN_POINT('',(421.523425614,753.055,186.300000001));
#5360 = VECTOR('',#5361,1.);
#5361 = DIRECTION('',(1.,0.,0.));
#5362 = PCURVE('',#3119,#5363);
#5363 = DEFINITIONAL_REPRESENTATION('',(#5364),#5368);
#5364 = LINE('',#5365,#5366);
#5365 = CARTESIAN_POINT('',(108.886035477,-173.699999999));
#5366 = VECTOR('',#5367,1.);
#5367 = DIRECTION('',(1.,0.));
#5368 = ( GEOMETRIC_REPRESENTATION_CONTEXT(2) 
PARAMETRIC_REPRESENTATION_CONTEXT() REPRESENTATION_CONTEXT('2D SPACE',''
  ) );
#5369 = PCURVE('',#5167,#5370);
#5370 = DEFINITIONAL_REPRESENTATION('',(#5371),#5375);
#5371 = LINE('',#5372,#5373);
#5372 = CARTESIAN_POINT('',(1.000046268018E-09,-2.278));
#5373 = VECTOR('',#5374,1.);
#5374 = DIRECTION('',(1.,0.));
#5375 = ( GEOMETRIC_REPRESENTATION_CONTEXT(2) 
PARAMETRIC_REPRESENTATION_CONTEXT() REPRESENTATION_CONTEXT('2D SPACE',''
  ) );
#5376 = ADVANCED_FACE('',(#5377),#3261,.T.);
#5377 = FACE_BOUND('',#5378,.T.);
#5378 = EDGE_LOOP('',(#5379,#5400,#5401,#5402));
#5379 = ORIENTED_EDGE('',*,*,#5380,.F.);
#5380 = EDGE_CURVE('',#5203,#5287,#5381,.T.);
#5381 = SURFACE_CURVE('',#5382,(#5386,#5393),.PCURVE_S1.);
#5382 = LINE('',#5383,#5384);
#5383 = CARTESIAN_POINT('',(410.364466094,755.333000001,184.835533906));
#5384 = VECTOR('',#5385,1.);
#5385 = DIRECTION('',(0.,-1.,0.));
#5386 = PCURVE('',#3261,#5387);
#5387 = DEFINITIONAL_REPRESENTATION('',(#5388),#5392);
#5388 = LINE('',#5389,#5390);
#5389 = CARTESIAN_POINT('',(0.,-9.999894245993E-10));
#5390 = VECTOR('',#5391,1.);
#5391 = DIRECTION('',(0.,1.));
#5392 = ( GEOMETRIC_REPRESENTATION_CONTEXT(2) 
PARAMETRIC_REPRESENTATION_CONTEXT() REPRESENTATION_CONTEXT('2D SPACE',''
  ) );
#5393 = PCURVE('',#5240,#5394);
#5394 = DEFINITIONAL_REPRESENTATION('',(#5395),#5399);
#5395 = LINE('',#5396,#5397);
#5396 = CARTESIAN_POINT('',(3.14159265359,-9.999894245993E-10));
#5397 = VECTOR('',#5398,1.);
#5398 = DIRECTION('',(0.,1.));
#5399 = ( GEOMETRIC_REPRESENTATION_CONTEXT(2) 
PARAMETRIC_REPRESENTATION_CONTEXT() REPRESENTATION_CONTEXT('2D SPACE',''
  ) );
#5400 = ORIENTED_EDGE('',*,*,#5202,.T.);
#5401 = ORIENTED_EDGE('',*,*,#3247,.T.);
#5402 = ORIENTED_EDGE('',*,*,#5310,.F.);
#5403 = ADVANCED_FACE('',(#5404),#3369,.F.);
#5404 = FACE_BOUND('',#5405,.T.);
#5405 = EDGE_LOOP('',(#5406,#5436,#5457,#5458,#5509,#5532));
#5406 = ORIENTED_EDGE('',*,*,#5407,.T.);
#5407 = EDGE_CURVE('',#5408,#5410,#5412,.T.);
#5408 = VERTEX_POINT('',#5409);
#5409 = CARTESIAN_POINT('',(408.889379497,748.85073178,68.0795553616));
#5410 = VERTEX_POINT('',#5411);
#5411 = CARTESIAN_POINT('',(425.257520595,748.85073178,68.0795553616));
#5412 = SURFACE_CURVE('',#5413,(#5417,#5424),.PCURVE_S1.);
#5413 = LINE('',#5414,#5415);
#5414 = CARTESIAN_POINT('',(417.073450046,748.85073178,68.0795553616));
#5415 = VECTOR('',#5416,1.);
#5416 = DIRECTION('',(1.,0.,0.));
#5417 = PCURVE('',#3369,#5418);
#5418 = DEFINITIONAL_REPRESENTATION('',(#5419),#5423);
#5419 = LINE('',#5420,#5421);
#5420 = CARTESIAN_POINT('',(42.838269382,-1.458872225139));
#5421 = VECTOR('',#5422,1.);
#5422 = DIRECTION('',(1.,0.));
#5423 = ( GEOMETRIC_REPRESENTATION_CONTEXT(2) 
PARAMETRIC_REPRESENTATION_CONTEXT() REPRESENTATION_CONTEXT('2D SPACE',''
  ) );
#5424 = PCURVE('',#5425,#5430);
#5425 = CYLINDRICAL_SURFACE('',#5426,17.722);
#5426 = AXIS2_PLACEMENT_3D('',#5427,#5428,#5429);
#5427 = CARTESIAN_POINT('',(417.190143077,731.516,64.3949443774));
#5428 = DIRECTION('',(-1.,-0.,0.));
#5429 = DIRECTION('',(0.,-0.994521895368,-0.104528463268));
#5430 = DEFINITIONAL_REPRESENTATION('',(#5431),#5435);
#5431 = LINE('',#5432,#5433);
#5432 = CARTESIAN_POINT('',(3.036872898494,0.116693031));
#5433 = VECTOR('',#5434,1.);
#5434 = DIRECTION('',(0.,-1.));
#5435 = ( GEOMETRIC_REPRESENTATION_CONTEXT(2) 
PARAMETRIC_REPRESENTATION_CONTEXT() REPRESENTATION_CONTEXT('2D SPACE',''
  ) );
#5436 = ORIENTED_EDGE('',*,*,#5437,.T.);
#5437 = EDGE_CURVE('',#5410,#3354,#5438,.T.);
#5438 = SURFACE_CURVE('',#5439,(#5443,#5450),.PCURVE_S1.);
#5439 = LINE('',#5440,#5441);
#5440 = CARTESIAN_POINT('',(424.820835233,748.357148767,70.4016808656));
#5441 = VECTOR('',#5442,1.);
#5442 = DIRECTION('',(-0.180909588303,-0.204481091989,0.962007902192));
#5443 = PCURVE('',#3369,#5444);
#5444 = DEFINITIONAL_REPRESENTATION('',(#5445),#5449);
#5445 = LINE('',#5446,#5447);
#5446 = CARTESIAN_POINT('',(50.585654569,-3.832875394271));
#5447 = VECTOR('',#5448,1.);
#5448 = DIRECTION('',(-0.180909588303,-0.983499730991));
#5449 = ( GEOMETRIC_REPRESENTATION_CONTEXT(2) 
PARAMETRIC_REPRESENTATION_CONTEXT() REPRESENTATION_CONTEXT('2D SPACE',''
  ) );
#5450 = PCURVE('',#3557,#5451);
#5451 = DEFINITIONAL_REPRESENTATION('',(#5452),#5456);
#5452 = LINE('',#5453,#5454);
#5453 = CARTESIAN_POINT('',(0.432828319926,18.188356987161));
#5454 = VECTOR('',#5455,1.);
#5455 = DIRECTION('',(1.075882804478E-11,-1.));
#5456 = ( GEOMETRIC_REPRESENTATION_CONTEXT(2) 
PARAMETRIC_REPRESENTATION_CONTEXT() REPRESENTATION_CONTEXT('2D SPACE',''
  ) );
#5457 = ORIENTED_EDGE('',*,*,#3353,.T.);
#5458 = ORIENTED_EDGE('',*,*,#5459,.T.);
#5459 = EDGE_CURVE('',#3284,#5460,#5462,.T.);
#5460 = VERTEX_POINT('',#5461);
#5461 = CARTESIAN_POINT('',(406.373288485,747.988246117,72.1372313821));
#5462 = SURFACE_CURVE('',#5463,(#5470,#5480),.PCURVE_S1.);
#5463 = B_SPLINE_CURVE_WITH_KNOTS('',5,(#5464,#5465,#5466,#5467,#5468,
    #5469),.UNSPECIFIED.,.F.,.F.,(6,6),(0.,1.29605617657),
  .PIECEWISE_BEZIER_KNOTS.);
#5464 = CARTESIAN_POINT('',(405.682394763,747.863565754,72.7238063696));
#5465 = CARTESIAN_POINT('',(405.801581769,747.892405932,72.5881239998));
#5466 = CARTESIAN_POINT('',(405.935758703,747.918540398,72.4651710028));
#5467 = CARTESIAN_POINT('',(406.079597914,747.942705315,72.3514840107));
#5468 = CARTESIAN_POINT('',(406.226381168,747.965559017,72.2439657964));
#5469 = CARTESIAN_POINT('',(406.373288485,747.988246117,72.1372313821));
#5470 = PCURVE('',#3369,#5471);
#5471 = DEFINITIONAL_REPRESENTATION('',(#5472),#5479);
#5472 = B_SPLINE_CURVE_WITH_KNOTS('',5,(#5473,#5474,#5475,#5476,#5477,
    #5478),.UNSPECIFIED.,.F.,.F.,(6,6),(0.,1.29605617657),
  .PIECEWISE_BEZIER_KNOTS.);
#5473 = CARTESIAN_POINT('',(31.447214099,-6.206878563403));
#5474 = CARTESIAN_POINT('',(31.566401105,-6.06816496875));
#5475 = CARTESIAN_POINT('',(31.700578039,-5.942465128717));
#5476 = CARTESIAN_POINT('',(31.84441725,-5.826238301407));
#5477 = CARTESIAN_POINT('',(31.991200504,-5.71631806623));
#5478 = CARTESIAN_POINT('',(32.138107821,-5.607199141646));
#5479 = ( GEOMETRIC_REPRESENTATION_CONTEXT(2) 
PARAMETRIC_REPRESENTATION_CONTEXT() REPRESENTATION_CONTEXT('2D SPACE',''
  ) );
#5480 = PCURVE('',#3587,#5481);
#5481 = DEFINITIONAL_REPRESENTATION('',(#5482),#5508);
#5482 = B_SPLINE_CURVE_WITH_KNOTS('',3,(#5483,#5484,#5485,#5486,#5487,
    #5488,#5489,#5490,#5491,#5492,#5493,#5494,#5495,#5496,#5497,#5498,
    #5499,#5500,#5501,#5502,#5503,#5504,#5505,#5506,#5507),
  .UNSPECIFIED.,.F.,.F.,(4,1,1,1,1,1,1,1,1,1,1,1,1,1,1,1,1,1,1,1,1,1,4),
  (0.,5.891164438955E-02,0.117823288779,0.176734933169,0.235646577558,
    0.294558221948,0.353469866337,0.412381510727,0.471293155116,
    0.530204799506,0.589116443895,0.648028088285,0.706939732675,
    0.765851377064,0.824763021454,0.883674665843,0.942586310233,
    1.001497954622,1.060409599012,1.119321243401,1.178232887791,
    1.23714453218,1.29605617657),.UNSPECIFIED.);
#5483 = CARTESIAN_POINT('',(0.917019529917,-2.278000001469));
#5484 = CARTESIAN_POINT('',(0.90319884789,-2.278000011456));
#5485 = CARTESIAN_POINT('',(0.875540261724,-2.278000025041));
#5486 = CARTESIAN_POINT('',(0.834007343796,-2.278000023787));
#5487 = CARTESIAN_POINT('',(0.792436290515,-2.277999988164));
#5488 = CARTESIAN_POINT('',(0.750833040361,-2.277999941398));
#5489 = CARTESIAN_POINT('',(0.709202757006,-2.277999899794));
#5490 = CARTESIAN_POINT('',(0.667549714944,-2.277999874271));
#5491 = CARTESIAN_POINT('',(0.625877343176,-2.277999869337));
#5492 = CARTESIAN_POINT('',(0.584188296699,-2.277999885513));
#5493 = CARTESIAN_POINT('',(0.542484582164,-2.277999920512));
#5494 = CARTESIAN_POINT('',(0.500767721175,-2.277999969622));
#5495 = CARTESIAN_POINT('',(0.45903894628,-2.278000025671));
#5496 = CARTESIAN_POINT('',(0.417299422229,-2.278000079389));
#5497 = CARTESIAN_POINT('',(0.375550486596,-2.278000120691));
#5498 = CARTESIAN_POINT('',(0.333793904271,-2.278000140954));
#5499 = CARTESIAN_POINT('',(0.292032130528,-2.278000135792));
#5500 = CARTESIAN_POINT('',(0.250268578208,-2.278000107346));
#5501 = CARTESIAN_POINT('',(0.208507881075,-2.278000064918));
#5502 = CARTESIAN_POINT('',(0.166756156364,-2.278000022895));
#5503 = CARTESIAN_POINT('',(0.125021225205,-2.277999995574));
#5504 = CARTESIAN_POINT('',(8.33129104656E-02,-2.277999989987));
#5505 = CARTESIAN_POINT('',(4.164292618577E-02,-2.277999999472));
#5506 = CARTESIAN_POINT('',(1.389839370444E-02,-2.278000003597));
#5507 = CARTESIAN_POINT('',(3.731799890349E-05,-2.278000002606));
#5508 = ( GEOMETRIC_REPRESENTATION_CONTEXT(2) 
PARAMETRIC_REPRESENTATION_CONTEXT() REPRESENTATION_CONTEXT('2D SPACE',''
  ) );
#5509 = ORIENTED_EDGE('',*,*,#5510,.T.);
#5510 = EDGE_CURVE('',#5460,#5511,#5513,.T.);
#5511 = VERTEX_POINT('',#5512);
#5512 = CARTESIAN_POINT('',(406.83892626,748.060155202,71.7989257359));
#5513 = SURFACE_CURVE('',#5514,(#5518,#5525),.PCURVE_S1.);
#5514 = LINE('',#5515,#5516);
#5515 = CARTESIAN_POINT('',(406.606107373,748.024200659,71.968078559));
#5516 = VECTOR('',#5517,1.);
#5517 = DIRECTION('',(0.802775828051,0.123973780267,-0.583250779428));
#5518 = PCURVE('',#3369,#5519);
#5519 = DEFINITIONAL_REPRESENTATION('',(#5520),#5524);
#5520 = LINE('',#5521,#5522);
#5521 = CARTESIAN_POINT('',(32.370926709,-5.434267343954));
#5522 = VECTOR('',#5523,1.);
#5523 = DIRECTION('',(0.802775828051,0.596280948796));
#5524 = ( GEOMETRIC_REPRESENTATION_CONTEXT(2) 
PARAMETRIC_REPRESENTATION_CONTEXT() REPRESENTATION_CONTEXT('2D SPACE',''
  ) );
#5525 = PCURVE('',#4915,#5526);
#5526 = DEFINITIONAL_REPRESENTATION('',(#5527),#5531);
#5527 = LINE('',#5528,#5529);
#5528 = CARTESIAN_POINT('',(-8.582086707953E-10,2.27800000052));
#5529 = VECTOR('',#5530,1.);
#5530 = DIRECTION('',(1.,-4.439643097598E-13));
#5531 = ( GEOMETRIC_REPRESENTATION_CONTEXT(2) 
PARAMETRIC_REPRESENTATION_CONTEXT() REPRESENTATION_CONTEXT('2D SPACE',''
  ) );
#5532 = ORIENTED_EDGE('',*,*,#5533,.F.);
#5533 = EDGE_CURVE('',#5408,#5511,#5534,.T.);
#5534 = SURFACE_CURVE('',#5535,(#5545,#5558),.PCURVE_S1.);
#5535 = B_SPLINE_CURVE_WITH_KNOTS('',5,(#5536,#5537,#5538,#5539,#5540,
    #5541,#5542,#5543,#5544),.UNSPECIFIED.,.F.,.F.,(6,3,6),(0.,
    3.94665824084,6.3199663435),.UNSPECIFIED.);
#5536 = CARTESIAN_POINT('',(408.889379497,748.85073178,68.0795553616));
#5537 = CARTESIAN_POINT('',(408.853895845,748.73520021,68.6230886636));
#5538 = CARTESIAN_POINT('',(408.744669115,748.620642787,69.1620389662));
#5539 = CARTESIAN_POINT('',(408.561869362,748.509817306,69.6834318617));
#5540 = CARTESIAN_POINT('',(408.157405177,748.342684026,70.4697321236));
#5541 = CARTESIAN_POINT('',(407.592813656,748.198348911,71.1487754516));
#5542 = CARTESIAN_POINT('',(407.359779733,748.147888935,71.386170972));
#5543 = CARTESIAN_POINT('',(407.107722683,748.101665804,71.6036337042));
#5544 = CARTESIAN_POINT('',(406.83892626,748.060155202,71.7989257359));
#5545 = PCURVE('',#3369,#5546);
#5546 = DEFINITIONAL_REPRESENTATION('',(#5547),#5557);
#5547 = B_SPLINE_CURVE_WITH_KNOTS('',5,(#5548,#5549,#5550,#5551,#5552,
    #5553,#5554,#5555,#5556),.UNSPECIFIED.,.F.,.F.,(6,3,6),(0.,
    3.94665824084,6.3199663435),.UNSPECIFIED.);
#5548 = CARTESIAN_POINT('',(34.654198833,-1.458872225139));
#5549 = CARTESIAN_POINT('',(34.618715181,-2.014548384471));
#5550 = CARTESIAN_POINT('',(34.509488451,-2.565539157385));
#5551 = CARTESIAN_POINT('',(34.326688698,-3.098580280299));
#5552 = CARTESIAN_POINT('',(33.922224513,-3.902446957769));
#5553 = CARTESIAN_POINT('',(33.357632992,-4.596660517651));
#5554 = CARTESIAN_POINT('',(33.124599069,-4.839359595284));
#5555 = CARTESIAN_POINT('',(32.872542019,-5.061680574355));
#5556 = CARTESIAN_POINT('',(32.603745596,-5.261335546054));
#5557 = ( GEOMETRIC_REPRESENTATION_CONTEXT(2) 
PARAMETRIC_REPRESENTATION_CONTEXT() REPRESENTATION_CONTEXT('2D SPACE',''
  ) );
#5558 = PCURVE('',#4884,#5559);
#5559 = DEFINITIONAL_REPRESENTATION('',(#5560),#5563);
#5560 = B_SPLINE_CURVE_WITH_KNOTS('',1,(#5561,#5562),.UNSPECIFIED.,.F.,
  .F.,(2,2),(0.,6.3199663435),.PIECEWISE_BEZIER_KNOTS.);
#5561 = CARTESIAN_POINT('',(4.553312539123,-2.278000000603));
#5562 = CARTESIAN_POINT('',(-8.097525454185E-10,-2.277999999521));
#5563 = ( GEOMETRIC_REPRESENTATION_CONTEXT(2) 
PARAMETRIC_REPRESENTATION_CONTEXT() REPRESENTATION_CONTEXT('2D SPACE',''
  ) );
#5564 = ADVANCED_FACE('',(#5565),#3495,.T.);
#5565 = FACE_BOUND('',#5566,.T.);
#5566 = EDGE_LOOP('',(#5567,#5568,#5569,#5592,#5680,#5708,#5759,#5810,
    #5838,#5956,#5984,#6130,#6158,#6209,#6232,#6283,#6304,#6305));
#5567 = ORIENTED_EDGE('',*,*,#3638,.F.);
#5568 = ORIENTED_EDGE('',*,*,#3476,.F.);
#5569 = ORIENTED_EDGE('',*,*,#5570,.T.);
#5570 = EDGE_CURVE('',#3477,#5571,#5573,.T.);
#5571 = VERTEX_POINT('',#5572);
#5572 = CARTESIAN_POINT('',(431.831853999,751.620432735,69.9046034215));
#5573 = SURFACE_CURVE('',#5574,(#5578,#5585),.PCURVE_S1.);
#5574 = LINE('',#5575,#5576);
#5575 = CARTESIAN_POINT('',(428.104719372,747.407673388,89.7240724079));
#5576 = VECTOR('',#5577,1.);
#5577 = DIRECTION('',(0.18090958821,0.204481091993,-0.962007902208));
#5578 = PCURVE('',#3495,#5579);
#5579 = DEFINITIONAL_REPRESENTATION('',(#5580),#5584);
#5580 = LINE('',#5581,#5582);
#5581 = CARTESIAN_POINT('',(22.532182616298,-170.4759275921));
#5582 = VECTOR('',#5583,1.);
#5583 = DIRECTION('',(0.273021603704,-0.962007902208));
#5584 = ( GEOMETRIC_REPRESENTATION_CONTEXT(2) 
PARAMETRIC_REPRESENTATION_CONTEXT() REPRESENTATION_CONTEXT('2D SPACE',''
  ) );
#5585 = PCURVE('',#3529,#5586);
#5586 = DEFINITIONAL_REPRESENTATION('',(#5587),#5591);
#5587 = LINE('',#5588,#5589);
#5588 = CARTESIAN_POINT('',(2.708764513289,-1.094951684877E-09));
#5589 = VECTOR('',#5590,1.);
#5590 = DIRECTION('',(2.483678997271E-15,1.));
#5591 = ( GEOMETRIC_REPRESENTATION_CONTEXT(2) 
PARAMETRIC_REPRESENTATION_CONTEXT() REPRESENTATION_CONTEXT('2D SPACE',''
  ) );
#5592 = ORIENTED_EDGE('',*,*,#5593,.T.);
#5593 = EDGE_CURVE('',#5571,#5594,#5596,.T.);
#5594 = VERTEX_POINT('',#5595);
#5595 = CARTESIAN_POINT('',(432.344193572,752.199527278,64.3949412394));
#5596 = SURFACE_CURVE('',#5597,(#5604,#5614),.PCURVE_S1.);
#5597 = B_SPLINE_CURVE_WITH_KNOTS('',5,(#5598,#5599,#5600,#5601,#5602,
    #5603),.UNSPECIFIED.,.F.,.F.,(6,6),(0.,7.89935429669),
  .PIECEWISE_BEZIER_KNOTS.);
#5598 = CARTESIAN_POINT('',(431.831854,751.620432736,69.9046034187));
#5599 = CARTESIAN_POINT('',(432.03366095,751.848533999,68.8314723709));
#5600 = CARTESIAN_POINT('',(432.18723157,752.022114008,67.7370343482));
#5601 = CARTESIAN_POINT('',(432.291303735,752.139746192,66.6280351961));
#5602 = CARTESIAN_POINT('',(432.344194435,752.199528254,65.5115235897));
#5603 = CARTESIAN_POINT('',(432.344193572,752.199527278,64.3949412394));
#5604 = PCURVE('',#3495,#5605);
#5605 = DEFINITIONAL_REPRESENTATION('',(#5606),#5613);
#5606 = B_SPLINE_CURVE_WITH_KNOTS('',5,(#5607,#5608,#5609,#5610,#5611,
    #5612),.UNSPECIFIED.,.F.,.F.,(6,6),(0.,7.89935429669),
  .PIECEWISE_BEZIER_KNOTS.);
#5607 = CARTESIAN_POINT('',(28.157026957202,-190.2953965813));
#5608 = CARTESIAN_POINT('',(28.461586033984,-191.3685276291));
#5609 = CARTESIAN_POINT('',(28.693348746368,-192.4629656518));
#5610 = CARTESIAN_POINT('',(28.850410346514,-193.5719648039));
#5611 = CARTESIAN_POINT('',(28.930230902034,-194.6884764103));
#5612 = CARTESIAN_POINT('',(28.930229599212,-195.8050587606));
#5613 = ( GEOMETRIC_REPRESENTATION_CONTEXT(2) 
PARAMETRIC_REPRESENTATION_CONTEXT() REPRESENTATION_CONTEXT('2D SPACE',''
  ) );
#5614 = PCURVE('',#5615,#5652);
#5615 = B_SPLINE_SURFACE_WITH_KNOTS('',5,5,(
    (#5616,#5617,#5618,#5619,#5620,#5621)
    ,(#5622,#5623,#5624,#5625,#5626,#5627)
    ,(#5628,#5629,#5630,#5631,#5632,#5633)
    ,(#5634,#5635,#5636,#5637,#5638,#5639)
    ,(#5640,#5641,#5642,#5643,#5644,#5645)
    ,(#5646,#5647,#5648,#5649,#5650,#5651
    )),.UNSPECIFIED.,.F.,.F.,.F.,(6,6),(6,6),(46.7750556887,
    51.3935711801),(0.,7.6094193804),.PIECEWISE_BEZIER_KNOTS.);
#5616 = CARTESIAN_POINT('',(425.257520683,748.850731852,68.0795548404));
#5617 = CARTESIAN_POINT('',(426.752191234,748.793569336,68.3484835526));
#5618 = CARTESIAN_POINT('',(428.246861785,749.058114384,68.6857933089));
#5619 = CARTESIAN_POINT('',(429.648014186,749.648405879,69.074756125));
#5620 = CARTESIAN_POINT('',(430.863097877,750.525453195,69.4896797733));
#5621 = CARTESIAN_POINT('',(431.831853999,751.620432735,69.9046034211));
#5622 = CARTESIAN_POINT('',(425.458942597,749.002984589,67.3632626677));
#5623 = CARTESIAN_POINT('',(426.950215631,748.968176796,67.5816620415));
#5624 = CARTESIAN_POINT('',(428.441488665,749.252346004,67.8539681144));
#5625 = CARTESIAN_POINT('',(429.841077396,749.858051177,68.166882061));
#5626 = CARTESIAN_POINT('',(431.058213299,750.74599081,68.5002009476));
#5627 = CARTESIAN_POINT('',(432.033275915,751.848098796,68.8335198349));
#5628 = CARTESIAN_POINT('',(425.613436644,749.119765052,66.6319280386));
#5629 = CARTESIAN_POINT('',(427.102126942,749.102220934,66.7974322951));
#5630 = CARTESIAN_POINT('',(428.59081724,749.401453009,67.0029421719));
#5631 = CARTESIAN_POINT('',(429.989214223,750.018939098,67.2385335249));
#5632 = CARTESIAN_POINT('',(431.207903149,750.915184845,67.4892382893));
#5633 = CARTESIAN_POINT('',(432.187769962,752.02272255,67.7399430556));
#5634 = CARTESIAN_POINT('',(425.717730856,749.198600001,65.8897369104));
#5635 = CARTESIAN_POINT('',(427.204687185,749.192751382,66.0006341181));
#5636 = CARTESIAN_POINT('',(428.691643514,749.502154157,66.1380574792));
#5637 = CARTESIAN_POINT('',(430.089239264,750.127577644,66.2954083749));
#5638 = CARTESIAN_POINT('',(431.308968212,751.029414084,66.4627704619));
#5639 = CARTESIAN_POINT('',(432.292064169,752.140605707,66.6301325451));
#5640 = CARTESIAN_POINT('',(425.76986112,749.238004718,65.1423685056));
#5641 = CARTESIAN_POINT('',(427.255950584,749.238001871,65.1978192149));
#5642 = CARTESIAN_POINT('',(428.742040048,749.552488498,65.2665334858));
#5643 = CARTESIAN_POINT('',(430.139235247,750.181879536,65.3452118864));
#5644 = CARTESIAN_POINT('',(431.359484155,751.086510407,65.428896063));
#5645 = CARTESIAN_POINT('',(432.344194436,752.199528254,65.5125802347));
#5646 = CARTESIAN_POINT('',(425.769860255,749.238004053,64.3949421883));
#5647 = CARTESIAN_POINT('',(427.2559496,749.238001562,64.3949420605));
#5648 = CARTESIAN_POINT('',(428.742038945,749.552488332,64.3949418954));
#5649 = CARTESIAN_POINT('',(430.139234089,750.181879279,64.3949417007));
#5650 = CARTESIAN_POINT('',(431.359483069,751.086509857,64.3949414887));
#5651 = CARTESIAN_POINT('',(432.344193572,752.199527278,64.3949412722));
#5652 = DEFINITIONAL_REPRESENTATION('',(#5653),#5679);
#5653 = B_SPLINE_CURVE_WITH_KNOTS('',3,(#5654,#5655,#5656,#5657,#5658,
    #5659,#5660,#5661,#5662,#5663,#5664,#5665,#5666,#5667,#5668,#5669,
    #5670,#5671,#5672,#5673,#5674,#5675,#5676,#5677,#5678),
  .UNSPECIFIED.,.F.,.F.,(4,1,1,1,1,1,1,1,1,1,1,1,1,1,1,1,1,1,1,1,1,1,4),
  (0.,0.35906155894,0.718123117881,1.077184676821,1.436246235762,
    1.795307794702,2.154369353643,2.513430912583,2.872492471524,
    3.231554030464,3.590615589405,3.949677148345,4.308738707285,
    4.667800266226,5.026861825166,5.385923384107,5.744984943047,
    6.104046501988,6.463108060928,6.822169619869,7.181231178809,
    7.54029273775,7.89935429669),.UNSPECIFIED.);
#5654 = CARTESIAN_POINT('',(46.7750556887,7.6094193804));
#5655 = CARTESIAN_POINT('',(46.845166953155,7.609419273138));
#5656 = CARTESIAN_POINT('',(46.985370224011,7.609401652018));
#5657 = CARTESIAN_POINT('',(47.195620687391,7.609335384896));
#5658 = CARTESIAN_POINT('',(47.4058200948,7.609242173994));
#5659 = CARTESIAN_POINT('',(47.615971638302,7.609133135376));
#5660 = CARTESIAN_POINT('',(47.826078395095,7.609018221659));
#5661 = CARTESIAN_POINT('',(48.03614331582,7.608906055882));
#5662 = CARTESIAN_POINT('',(48.246169237928,7.608803972566));
#5663 = CARTESIAN_POINT('',(48.456158892874,7.608718001959));
#5664 = CARTESIAN_POINT('',(48.666114915543,7.608652868286));
#5665 = CARTESIAN_POINT('',(48.87603985368,7.608611983104));
#5666 = CARTESIAN_POINT('',(49.085936177959,7.608597438887));
#5667 = CARTESIAN_POINT('',(49.295806292549,7.608610001551));
#5668 = CARTESIAN_POINT('',(49.505652546237,7.608649102353));
#5669 = CARTESIAN_POINT('',(49.715477244116,7.608712829078));
#5670 = CARTESIAN_POINT('',(49.925282659867,7.608797916745));
#5671 = CARTESIAN_POINT('',(50.135071048622,7.608899737436));
#5672 = CARTESIAN_POINT('',(50.344844660484,7.609012290866));
#5673 = CARTESIAN_POINT('',(50.554605754545,7.609128190069));
#5674 = CARTESIAN_POINT('',(50.764356614009,7.609238663348));
#5675 = CARTESIAN_POINT('',(50.974099560208,7.609333493913));
#5676 = CARTESIAN_POINT('',(51.183836973856,7.609401190637));
#5677 = CARTESIAN_POINT('',(51.323659852891,7.609419260314));
#5678 = CARTESIAN_POINT('',(51.3935711801,7.6094193804));
#5679 = ( GEOMETRIC_REPRESENTATION_CONTEXT(2) 
PARAMETRIC_REPRESENTATION_CONTEXT() REPRESENTATION_CONTEXT('2D SPACE',''
  ) );
#5680 = ORIENTED_EDGE('',*,*,#5681,.F.);
#5681 = EDGE_CURVE('',#5682,#5594,#5684,.T.);
#5682 = VERTEX_POINT('',#5683);
#5683 = CARTESIAN_POINT('',(432.344188209,752.199521216,45.3184166353));
#5684 = SURFACE_CURVE('',#5685,(#5689,#5696),.PCURVE_S1.);
#5685 = LINE('',#5686,#5687);
#5686 = CARTESIAN_POINT('',(432.34419089,752.199524247,54.8566789374));
#5687 = VECTOR('',#5688,1.);
#5688 = DIRECTION('',(2.81115777448E-07,3.17743583417E-07,1.));
#5689 = PCURVE('',#3495,#5690);
#5690 = DEFINITIONAL_REPRESENTATION('',(#5691),#5695);
#5691 = LINE('',#5692,#5693);
#5692 = CARTESIAN_POINT('',(28.93022555198,-205.3433210626));
#5693 = VECTOR('',#5694,1.);
#5694 = DIRECTION('',(4.242488245509E-07,1.));
#5695 = ( GEOMETRIC_REPRESENTATION_CONTEXT(2) 
PARAMETRIC_REPRESENTATION_CONTEXT() REPRESENTATION_CONTEXT('2D SPACE',''
  ) );
#5696 = PCURVE('',#5697,#5702);
#5697 = CYLINDRICAL_SURFACE('',#5698,8.778);
#5698 = AXIS2_PLACEMENT_3D('',#5699,#5700,#5701);
#5699 = CARTESIAN_POINT('',(425.769854892,758.016,121.936333298));
#5700 = DIRECTION('',(0.,0.,1.));
#5701 = DIRECTION('',(0.410718852613,-0.911762043577,0.));
#5702 = DEFINITIONAL_REPRESENTATION('',(#5703),#5707);
#5703 = LINE('',#5704,#5705);
#5704 = CARTESIAN_POINT('',(0.423242804527,-67.07965436059));
#5705 = VECTOR('',#5706,1.);
#5706 = DIRECTION('',(4.833092110787E-08,1.));
#5707 = ( GEOMETRIC_REPRESENTATION_CONTEXT(2) 
PARAMETRIC_REPRESENTATION_CONTEXT() REPRESENTATION_CONTEXT('2D SPACE',''
  ) );
#5708 = ORIENTED_EDGE('',*,*,#5709,.T.);
#5709 = EDGE_CURVE('',#5682,#5710,#5712,.T.);
#5710 = VERTEX_POINT('',#5711);
#5711 = CARTESIAN_POINT('',(434.640714138,754.795271582,44.5625431675));
#5712 = SURFACE_CURVE('',#5713,(#5720,#5730),.PCURVE_S1.);
#5713 = B_SPLINE_CURVE_WITH_KNOTS('',5,(#5714,#5715,#5716,#5717,#5718,
    #5719),.UNSPECIFIED.,.F.,.F.,(6,6),(0.,5.02191758373),
  .PIECEWISE_BEZIER_KNOTS.);
#5714 = CARTESIAN_POINT('',(432.344188209,752.199521216,45.3184166353));
#5715 = CARTESIAN_POINT('',(432.811544049,752.727770899,45.2420957304));
#5716 = CARTESIAN_POINT('',(433.275226482,753.25186855,45.1157060633));
#5717 = CARTESIAN_POINT('',(433.735864793,753.772525447,44.9513103317));
#5718 = CARTESIAN_POINT('',(434.189760905,754.285561674,44.7633209972));
#5719 = CARTESIAN_POINT('',(434.640714138,754.795271582,44.5625431675));
#5720 = PCURVE('',#3495,#5721);
#5721 = DEFINITIONAL_REPRESENTATION('',(#5722),#5729);
#5722 = B_SPLINE_CURVE_WITH_KNOTS('',5,(#5723,#5724,#5725,#5726,#5727,
    #5728),.UNSPECIFIED.,.F.,.F.,(6,6),(0.,5.02191758373),
  .PIECEWISE_BEZIER_KNOTS.);
#5723 = CARTESIAN_POINT('',(28.930221505411,-214.8815833647));
#5724 = CARTESIAN_POINT('',(29.635536476733,-214.9579042696));
#5725 = CARTESIAN_POINT('',(30.335307686813,-215.0842939367));
#5726 = CARTESIAN_POINT('',(31.030484828234,-215.2486896683));
#5727 = CARTESIAN_POINT('',(31.715486909036,-215.4366790028));
#5728 = CARTESIAN_POINT('',(32.396047713569,-215.6374568325));
#5729 = ( GEOMETRIC_REPRESENTATION_CONTEXT(2) 
PARAMETRIC_REPRESENTATION_CONTEXT() REPRESENTATION_CONTEXT('2D SPACE',''
  ) );
#5730 = PCURVE('',#3911,#5731);
#5731 = DEFINITIONAL_REPRESENTATION('',(#5732),#5758);
#5732 = B_SPLINE_CURVE_WITH_KNOTS('',3,(#5733,#5734,#5735,#5736,#5737,
    #5738,#5739,#5740,#5741,#5742,#5743,#5744,#5745,#5746,#5747,#5748,
    #5749,#5750,#5751,#5752,#5753,#5754,#5755,#5756,#5757),
  .UNSPECIFIED.,.F.,.F.,(4,1,1,1,1,1,1,1,1,1,1,1,1,1,1,1,1,1,1,1,1,1,4),
  (0.,0.228268981079,0.456537962157,0.684806943236,0.913075924315,
    1.141344905393,1.369613886472,1.59788286755,1.826151848629,
    2.054420829708,2.282689810786,2.510958791865,2.739227772944,
    2.967496754022,3.195765735101,3.42403471618,3.652303697258,
    3.880572678337,4.108841659415,4.337110640494,4.565379621573,
    4.793648602651,5.02191758373),.UNSPECIFIED.);
#5733 = CARTESIAN_POINT('',(3.553331617915,2.278309811354));
#5734 = CARTESIAN_POINT('',(3.499578360747,2.278309779951));
#5735 = CARTESIAN_POINT('',(3.392066040641,2.278309771721));
#5736 = CARTESIAN_POINT('',(3.230773739517,2.278309923599));
#5737 = CARTESIAN_POINT('',(3.069450597575,2.278310268485));
#5738 = CARTESIAN_POINT('',(2.908091751658,2.278310736159));
#5739 = CARTESIAN_POINT('',(2.746693700102,2.278311236548));
#5740 = CARTESIAN_POINT('',(2.585254459107,2.278311676815));
#5741 = CARTESIAN_POINT('',(2.423773462452,2.278311984036));
#5742 = CARTESIAN_POINT('',(2.262251530215,2.278312114904));
#5743 = CARTESIAN_POINT('',(2.100690820601,2.278312058997));
#5744 = CARTESIAN_POINT('',(1.939094788848,2.278311836086));
#5745 = CARTESIAN_POINT('',(1.777468147296,2.278311489522));
#5746 = CARTESIAN_POINT('',(1.615816828314,2.27831107705));
#5747 = CARTESIAN_POINT('',(1.454147949252,2.27831066028));
#5748 = CARTESIAN_POINT('',(1.292469778841,2.278310294074));
#5749 = CARTESIAN_POINT('',(1.130791703863,2.278310017205));
#5750 = CARTESIAN_POINT('',(0.969124194913,2.278309845877));
#5751 = CARTESIAN_POINT('',(0.807478768889,2.278309771759));
#5752 = CARTESIAN_POINT('',(0.645867948942,2.27830976596));
#5753 = CARTESIAN_POINT('',(0.48430520999,2.278309789274));
#5754 = CARTESIAN_POINT('',(0.322804944182,2.278309807807));
#5755 = CARTESIAN_POINT('',(0.16138230717,2.278309807256));
#5756 = CARTESIAN_POINT('',(5.382973756581E-02,2.278309804545));
#5757 = CARTESIAN_POINT('',(7.172796761449E-05,2.278309803775));
#5758 = ( GEOMETRIC_REPRESENTATION_CONTEXT(2) 
PARAMETRIC_REPRESENTATION_CONTEXT() REPRESENTATION_CONTEXT('2D SPACE',''
  ) );
#5759 = ORIENTED_EDGE('',*,*,#5760,.F.);
#5760 = EDGE_CURVE('',#5761,#5710,#5763,.T.);
#5761 = VERTEX_POINT('',#5762);
#5762 = CARTESIAN_POINT('',(435.605670799,755.885956679,44.1329167828));
#5763 = SURFACE_CURVE('',#5764,(#5771,#5781),.PCURVE_S1.);
#5764 = B_SPLINE_CURVE_WITH_KNOTS('',5,(#5765,#5766,#5767,#5768,#5769,
    #5770),.UNSPECIFIED.,.F.,.F.,(6,6),(0.,2.13770182874),
  .PIECEWISE_BEZIER_KNOTS.);
#5765 = CARTESIAN_POINT('',(435.605670799,755.885956679,44.1329167828));
#5766 = CARTESIAN_POINT('',(435.408540801,755.663141749,44.1689514911));
#5767 = CARTESIAN_POINT('',(435.215422325,755.44486102,44.2549647));
#5768 = CARTESIAN_POINT('',(435.019137347,755.223001211,44.3687006962));
#5769 = CARTESIAN_POINT('',(434.831897249,755.01136478,44.4774181248));
#5770 = CARTESIAN_POINT('',(434.640759721,754.795323105,44.5625228722));
#5771 = PCURVE('',#3495,#5772);
#5772 = DEFINITIONAL_REPRESENTATION('',(#5773),#5780);
#5773 = B_SPLINE_CURVE_WITH_KNOTS('',5,(#5774,#5775,#5776,#5777,#5778,
    #5779),.UNSPECIFIED.,.F.,.F.,(6,6),(0.,2.13770182874),
  .PIECEWISE_BEZIER_KNOTS.);
#5774 = CARTESIAN_POINT('',(33.852322185784,-216.0670832172));
#5775 = CARTESIAN_POINT('',(33.554821380504,-216.0310485089));
#5776 = CARTESIAN_POINT('',(33.263374605903,-215.9450353));
#5777 = CARTESIAN_POINT('',(32.967149071153,-215.8312993038));
#5778 = CARTESIAN_POINT('',(32.684573712664,-215.7225818752));
#5779 = CARTESIAN_POINT('',(32.396116506224,-215.6374771278));
#5780 = ( GEOMETRIC_REPRESENTATION_CONTEXT(2) 
PARAMETRIC_REPRESENTATION_CONTEXT() REPRESENTATION_CONTEXT('2D SPACE',''
  ) );
#5781 = PCURVE('',#3976,#5782);
#5782 = DEFINITIONAL_REPRESENTATION('',(#5783),#5809);
#5783 = B_SPLINE_CURVE_WITH_KNOTS('',3,(#5784,#5785,#5786,#5787,#5788,
    #5789,#5790,#5791,#5792,#5793,#5794,#5795,#5796,#5797,#5798,#5799,
    #5800,#5801,#5802,#5803,#5804,#5805,#5806,#5807,#5808),
  .UNSPECIFIED.,.F.,.F.,(4,1,1,1,1,1,1,1,1,1,1,1,1,1,1,1,1,1,1,1,1,1,4),
  (0.,9.716826494273E-02,0.194336529885,0.291504794828,0.388673059771,
    0.485841324714,0.583009589656,0.680177854599,0.777346119542,
    0.874514384485,0.971682649427,1.06885091437,1.166019179313,
    1.263187444255,1.360355709198,1.457523974141,1.554692239084,
    1.651860504026,1.749028768969,1.846197033912,1.943365298855,
    2.040533563797,2.13770182874),.UNSPECIFIED.);
#5784 = CARTESIAN_POINT('',(1.519442896107,2.278111627047));
#5785 = CARTESIAN_POINT('',(1.496973349914,2.278111659545));
#5786 = CARTESIAN_POINT('',(1.451783426584,2.278111622762));
#5787 = CARTESIAN_POINT('',(1.383539212347,2.278111410357));
#5788 = CARTESIAN_POINT('',(1.315230757362,2.27811135121));
#5789 = CARTESIAN_POINT('',(1.246896412974,2.278111187478));
#5790 = CARTESIAN_POINT('',(1.178390214505,2.278110854278));
#5791 = CARTESIAN_POINT('',(1.109616782115,2.27811057571));
#5792 = CARTESIAN_POINT('',(1.040578908772,2.278110410413));
#5793 = CARTESIAN_POINT('',(0.971286039739,2.278110454301));
#5794 = CARTESIAN_POINT('',(0.901771251603,2.278110728634));
#5795 = CARTESIAN_POINT('',(0.832080356923,2.278111179782));
#5796 = CARTESIAN_POINT('',(0.762268118905,2.278111686002));
#5797 = CARTESIAN_POINT('',(0.692392680379,2.27811210569));
#5798 = CARTESIAN_POINT('',(0.622509185165,2.278112291967));
#5799 = CARTESIAN_POINT('',(0.55266810548,2.278112257761));
#5800 = CARTESIAN_POINT('',(0.482930554112,2.278112257757));
#5801 = CARTESIAN_POINT('',(0.413345632773,2.278112256895));
#5802 = CARTESIAN_POINT('',(0.343950730361,2.278112180769));
#5803 = CARTESIAN_POINT('',(0.274769194488,2.278112001765));
#5804 = CARTESIAN_POINT('',(0.205809066701,2.278111783666));
#5805 = CARTESIAN_POINT('',(0.137060332234,2.278111632721));
#5806 = CARTESIAN_POINT('',(6.849582708876E-02,2.278111609247));
#5807 = CARTESIAN_POINT('',(2.286978991457E-02,2.278111621141));
#5808 = CARTESIAN_POINT('',(6.938842254989E-05,2.278111626591));
#5809 = ( GEOMETRIC_REPRESENTATION_CONTEXT(2) 
PARAMETRIC_REPRESENTATION_CONTEXT() REPRESENTATION_CONTEXT('2D SPACE',''
  ) );
#5810 = ORIENTED_EDGE('',*,*,#5811,.F.);
#5811 = EDGE_CURVE('',#5812,#5761,#5814,.T.);
#5812 = VERTEX_POINT('',#5813);
#5813 = CARTESIAN_POINT('',(501.587371954,830.464703097,114.905504563));
#5814 = SURFACE_CURVE('',#5815,(#5819,#5826),.PCURVE_S1.);
#5815 = LINE('',#5816,#5817);
#5816 = CARTESIAN_POINT('',(468.596521376,793.175329888,79.5192106728));
#5817 = VECTOR('',#5818,1.);
#5818 = DIRECTION('',(-0.540102311577,-0.610474610837,-0.579318774556));
#5819 = PCURVE('',#3495,#5820);
#5820 = DEFINITIONAL_REPRESENTATION('',(#5821),#5825);
#5821 = LINE('',#5822,#5823);
#5822 = CARTESIAN_POINT('',(83.640810575311,-180.6807893272));
#5823 = VECTOR('',#5824,1.);
#5824 = DIRECTION('',(-0.815101071921,-0.579318774556));
#5825 = ( GEOMETRIC_REPRESENTATION_CONTEXT(2) 
PARAMETRIC_REPRESENTATION_CONTEXT() REPRESENTATION_CONTEXT('2D SPACE',''
  ) );
#5826 = PCURVE('',#5827,#5832);
#5827 = CYLINDRICAL_SURFACE('',#5828,5.722);
#5828 = AXIS2_PLACEMENT_3D('',#5829,#5830,#5831);
#5829 = CARTESIAN_POINT('',(471.999098149,788.385826961,78.5721525644));
#5830 = DIRECTION('',(0.540102311575,0.610474610834,0.579318774561));
#5831 = DIRECTION('',(-0.438877107144,0.791651386468,-0.425058780792));
#5832 = DEFINITIONAL_REPRESENTATION('',(#5833),#5837);
#5833 = LINE('',#5834,#5835);
#5834 = CARTESIAN_POINT('',(0.548584368813,1.634778897836));
#5835 = VECTOR('',#5836,1.);
#5836 = DIRECTION('',(1.073757988456E-12,-1.));
#5837 = ( GEOMETRIC_REPRESENTATION_CONTEXT(2) 
PARAMETRIC_REPRESENTATION_CONTEXT() REPRESENTATION_CONTEXT('2D SPACE',''
  ) );
#5838 = ORIENTED_EDGE('',*,*,#5839,.T.);
#5839 = EDGE_CURVE('',#5812,#5840,#5842,.T.);
#5840 = VERTEX_POINT('',#5841);
#5841 = CARTESIAN_POINT('',(504.068857178,833.269511916,121.433873902));
#5842 = SURFACE_CURVE('',#5843,(#5856,#5872),.PCURVE_S1.);
#5843 = B_SPLINE_CURVE_WITH_KNOTS('',5,(#5844,#5845,#5846,#5847,#5848,
    #5849,#5850,#5851,#5852,#5853,#5854,#5855),.UNSPECIFIED.,.F.,.F.,(6,
    3,3,6),(0.,6.25364897221,10.8892384889,11.0889928041),
  .UNSPECIFIED.);
#5844 = CARTESIAN_POINT('',(501.58738196,830.464714406,114.905519967));
#5845 = CARTESIAN_POINT('',(502.070142573,831.010376018,115.423337589));
#5846 = CARTESIAN_POINT('',(502.517458278,831.515974448,116.011254229));
#5847 = CARTESIAN_POINT('',(502.920191475,831.97118152,116.671463473));
#5848 = CARTESIAN_POINT('',(503.515888858,832.644494928,117.938222517));
#5849 = CARTESIAN_POINT('',(503.887046356,833.064012165,119.368434431));
#5850 = CARTESIAN_POINT('',(503.99860824,833.190109936,120.000755749));
#5851 = CARTESIAN_POINT('',(504.061619189,833.261330858,120.674631891));
#5852 = CARTESIAN_POINT('',(504.068570007,833.269187327,121.350146326));
#5853 = CARTESIAN_POINT('',(504.068761457,833.269403723,121.378055764));
#5854 = CARTESIAN_POINT('',(504.068857178,833.269511916,121.40596487));
#5855 = CARTESIAN_POINT('',(504.068857178,833.269511916,121.433873902));
#5856 = PCURVE('',#3495,#5857);
#5857 = DEFINITIONAL_REPRESENTATION('',(#5858),#5871);
#5858 = B_SPLINE_CURVE_WITH_KNOTS('',5,(#5859,#5860,#5861,#5862,#5863,
    #5864,#5865,#5866,#5867,#5868,#5869,#5870),.UNSPECIFIED.,.F.,.F.,(6,
    3,3,6),(0.,6.25364897221,10.8892384889,11.0889928041),
  .UNSPECIFIED.);
#5859 = CARTESIAN_POINT('',(133.42931406561,-145.294480033));
#5860 = CARTESIAN_POINT('',(134.1578773122,-144.776662411));
#5861 = CARTESIAN_POINT('',(134.83294850278,-144.188745771));
#5862 = CARTESIAN_POINT('',(135.44073753391,-143.528536527));
#5863 = CARTESIAN_POINT('',(136.33974049137,-142.261777483));
#5864 = CARTESIAN_POINT('',(136.89987672521,-140.831565569));
#5865 = CARTESIAN_POINT('',(137.06824151313,-140.199244251));
#5866 = CARTESIAN_POINT('',(137.16333514817,-139.525368109));
#5867 = CARTESIAN_POINT('',(137.17382504693,-138.849853674));
#5868 = CARTESIAN_POINT('',(137.17411397656,-138.821944236));
#5869 = CARTESIAN_POINT('',(137.17425843498,-138.79403513));
#5870 = CARTESIAN_POINT('',(137.17425843498,-138.766126098));
#5871 = ( GEOMETRIC_REPRESENTATION_CONTEXT(2) 
PARAMETRIC_REPRESENTATION_CONTEXT() REPRESENTATION_CONTEXT('2D SPACE',''
  ) );
#5872 = PCURVE('',#5873,#5928);
#5873 = B_SPLINE_SURFACE_WITH_KNOTS('',5,5,(
    (#5874,#5875,#5876,#5877,#5878,#5879)
    ,(#5880,#5881,#5882,#5883,#5884,#5885)
    ,(#5886,#5887,#5888,#5889,#5890,#5891)
    ,(#5892,#5893,#5894,#5895,#5896,#5897)
    ,(#5898,#5899,#5900,#5901,#5902,#5903)
    ,(#5904,#5905,#5906,#5907,#5908,#5909)
    ,(#5910,#5911,#5912,#5913,#5914,#5915)
    ,(#5916,#5917,#5918,#5919,#5920,#5921)
    ,(#5922,#5923,#5924,#5925,#5926,#5927
    )),.UNSPECIFIED.,.F.,.F.,.F.,(6,3,6),(6,6),(57.0745201071,
    61.292136604,67.3352674835),(0.,5.56476342337),.UNSPECIFIED.);
#5874 = CARTESIAN_POINT('',(501.58738196,830.464714407,114.905519967));
#5875 = CARTESIAN_POINT('',(502.069369786,831.009496986,113.882083162));
#5876 = CARTESIAN_POINT('',(502.809297064,831.326074015,112.858646357));
#5877 = CARTESIAN_POINT('',(503.759485707,831.358724644,111.9383772));
#5878 = CARTESIAN_POINT('',(504.816196151,831.103884147,111.221748711));
#5879 = CARTESIAN_POINT('',(505.872906594,830.611974719,110.75493769));
#5880 = CARTESIAN_POINT('',(501.953569929,830.878614612,115.298299697));
#5881 = CARTESIAN_POINT('',(502.461176786,831.452350957,114.350418354));
#5882 = CARTESIAN_POINT('',(503.210621598,831.812127154,113.402537012));
#5883 = CARTESIAN_POINT('',(504.15454305,831.902907868,112.543705894));
#5884 = CARTESIAN_POINT('',(505.196818807,831.715020088,111.860975665));
#5885 = CARTESIAN_POINT('',(506.239094563,831.289023533,111.397438088));
#5886 = CARTESIAN_POINT('',(502.296462246,831.266183874,115.72843046));
#5887 = CARTESIAN_POINT('',(502.827231867,831.866098051,114.858387937));
#5888 = CARTESIAN_POINT('',(503.585037163,832.26514803,113.988345413));
#5889 = CARTESIAN_POINT('',(504.52327048,832.409405032,113.194743785));
#5890 = CARTESIAN_POINT('',(505.55262868,832.284634795,112.552519035));
#5891 = CARTESIAN_POINT('',(506.581986881,831.923000727,112.101036462));
#5892 = CARTESIAN_POINT('',(502.611967928,831.622798175,116.194410529));
#5893 = CARTESIAN_POINT('',(503.163428977,832.246110056,115.404337396));
#5894 = CARTESIAN_POINT('',(503.928520995,832.680417221,114.614264263));
#5895 = CARTESIAN_POINT('',(504.861659209,832.873144322,113.889453605));
#5896 = CARTESIAN_POINT('',(505.879575886,832.806721751,113.294021915));
#5897 = CARTESIAN_POINT('',(506.897492562,832.506342383,112.863276272));
#5898 = CARTESIAN_POINT('',(503.30187709,832.402598628,117.408955844));
#5899 = CARTESIAN_POINT('',(503.89755989,833.075897625,116.818195839));
#5900 = CARTESIAN_POINT('',(504.677918256,833.585809483,116.227435835));
#5901 = CARTESIAN_POINT('',(505.600145809,833.883275966,115.677911258));
#5902 = CARTESIAN_POINT('',(506.593773767,833.944867775,115.210357008));
#5903 = CARTESIAN_POINT('',(507.587401725,833.781922328,114.850002209));
#5904 = CARTESIAN_POINT('',(503.778184158,832.940965833,118.795174917));
#5905 = CARTESIAN_POINT('',(504.402798368,833.646960799,118.413900152));
#5906 = CARTESIAN_POINT('',(505.192662598,834.206754898,118.032625387));
#5907 = CARTESIAN_POINT('',(506.107720444,834.574573827,117.675139679));
#5908 = CARTESIAN_POINT('',(507.085714618,834.725163562,117.364988545));
#5909 = CARTESIAN_POINT('',(508.063708792,834.662571878,117.117548994));
#5910 = CARTESIAN_POINT('',(503.971958321,833.159987681,119.657839185));
#5911 = CARTESIAN_POINT('',(504.608084699,833.879004627,119.402603452));
#5912 = CARTESIAN_POINT('',(505.401655676,834.458726359,119.147367718));
#5913 = CARTESIAN_POINT('',(506.313857198,834.854842793,118.907397612));
#5914 = CARTESIAN_POINT('',(507.285670076,835.041701931,118.697814136));
#5915 = CARTESIAN_POINT('',(508.257482955,835.020842691,118.528676165));
#5916 = CARTESIAN_POINT('',(504.068857178,833.269511916,120.545856735));
#5917 = CARTESIAN_POINT('',(504.710748534,833.995038112,120.418236463));
#5918 = CARTESIAN_POINT('',(505.506176593,834.584726507,120.290616191));
#5919 = CARTESIAN_POINT('',(506.41694766,834.994998957,120.170629816));
#5920 = CARTESIAN_POINT('',(507.385664736,835.2,120.065838904));
#5921 = CARTESIAN_POINT('',(508.354381812,835.2,119.981275154));
#5922 = CARTESIAN_POINT('',(504.068857178,833.269511916,121.433873902));
#5923 = CARTESIAN_POINT('',(504.710748534,833.995038112,121.433873902));
#5924 = CARTESIAN_POINT('',(505.506176593,834.584726507,121.433873902));
#5925 = CARTESIAN_POINT('',(506.41694766,834.994998957,121.433873902));
#5926 = CARTESIAN_POINT('',(507.385664736,835.2,121.433873902));
#5927 = CARTESIAN_POINT('',(508.354381812,835.2,121.433873902));
#5928 = DEFINITIONAL_REPRESENTATION('',(#5929),#5955);
#5929 = B_SPLINE_CURVE_WITH_KNOTS('',3,(#5930,#5931,#5932,#5933,#5934,
    #5935,#5936,#5937,#5938,#5939,#5940,#5941,#5942,#5943,#5944,#5945,
    #5946,#5947,#5948,#5949,#5950,#5951,#5952,#5953,#5954),
  .UNSPECIFIED.,.F.,.F.,(4,1,1,1,1,1,1,1,1,1,1,1,1,1,1,1,1,1,1,1,1,1,4),
  (0.,0.504045127459,1.008090254918,1.512135382377,2.016180509836,
    2.520225637295,3.024270764755,3.528315892214,4.032361019673,
    4.536406147132,5.040451274591,5.54449640205,6.048541529509,
    6.552586656968,7.056631784427,7.560676911886,8.064722039345,
    8.568767166805,9.072812294264,9.576857421723,10.080902549182,
    10.584947676641,11.0889928041),.UNSPECIFIED.);
#5930 = CARTESIAN_POINT('',(57.0745201071,0.));
#5931 = CARTESIAN_POINT('',(57.22390301531,5.383915397706E-07));
#5932 = CARTESIAN_POINT('',(57.523176227284,6.645159968459E-06));
#5933 = CARTESIAN_POINT('',(57.973705198667,2.234800187017E-05));
#5934 = CARTESIAN_POINT('',(58.425963271004,3.391225393653E-05));
#5935 = CARTESIAN_POINT('',(58.880014959126,3.812568014197E-05));
#5936 = CARTESIAN_POINT('',(59.335900223171,3.461519697191E-05));
#5937 = CARTESIAN_POINT('',(59.793634072138,2.524523975134E-05));
#5938 = CARTESIAN_POINT('',(60.253211989424,1.270897142673E-05));
#5939 = CARTESIAN_POINT('',(60.714613269772,-3.159844947914E-07));
#5940 = CARTESIAN_POINT('',(61.177806693804,-1.1729062719E-05));
#5941 = CARTESIAN_POINT('',(61.642748551529,-2.009296611222E-05));
#5942 = CARTESIAN_POINT('',(62.109423679626,-2.414342163334E-05));
#5943 = CARTESIAN_POINT('',(62.577820565126,-2.406121881052E-05));
#5944 = CARTESIAN_POINT('',(63.047935089545,-2.005248728875E-05));
#5945 = CARTESIAN_POINT('',(63.519699768333,-1.477199452252E-05));
#5946 = CARTESIAN_POINT('',(63.992988545511,-1.051259054115E-05));
#5947 = CARTESIAN_POINT('',(64.467667068057,-7.606811677341E-06));
#5948 = CARTESIAN_POINT('',(64.943582299173,-5.766157719002E-06));
#5949 = CARTESIAN_POINT('',(65.420566259426,-4.442871425389E-06));
#5950 = CARTESIAN_POINT('',(65.898435412754,-3.195371213576E-06));
#5951 = CARTESIAN_POINT('',(66.376989948572,-1.855821952475E-06));
#5952 = CARTESIAN_POINT('',(66.856014016339,-5.34479695505E-07));
#5953 = CARTESIAN_POINT('',(67.175516655781,-5.998918462803E-08));
#5954 = CARTESIAN_POINT('',(67.3352674835,0.));
#5955 = ( GEOMETRIC_REPRESENTATION_CONTEXT(2) 
PARAMETRIC_REPRESENTATION_CONTEXT() REPRESENTATION_CONTEXT('2D SPACE',''
  ) );
#5956 = ORIENTED_EDGE('',*,*,#5957,.T.);
#5957 = EDGE_CURVE('',#5840,#5958,#5960,.T.);
#5958 = VERTEX_POINT('',#5959);
#5959 = CARTESIAN_POINT('',(504.068859642,833.2695147,155.346505499));
#5960 = SURFACE_CURVE('',#5961,(#5965,#5972),.PCURVE_S1.);
#5961 = LINE('',#5962,#5963);
#5962 = CARTESIAN_POINT('',(504.06885841,833.269513308,138.390189701));
#5963 = VECTOR('',#5964,1.);
#5964 = DIRECTION('',(7.26429959263E-08,8.21079679767E-08,1.));
#5965 = PCURVE('',#3495,#5966);
#5966 = DEFINITIONAL_REPRESENTATION('',(#5967),#5971);
#5967 = LINE('',#5968,#5969);
#5968 = CARTESIAN_POINT('',(137.17426029387,-121.809810299));
#5969 = VECTOR('',#5970,1.);
#5970 = DIRECTION('',(1.096299378017E-07,1.));
#5971 = ( GEOMETRIC_REPRESENTATION_CONTEXT(2) 
PARAMETRIC_REPRESENTATION_CONTEXT() REPRESENTATION_CONTEXT('2D SPACE',''
  ) );
#5972 = PCURVE('',#5973,#5978);
#5973 = CYLINDRICAL_SURFACE('',#5974,5.722);
#5974 = AXIS2_PLACEMENT_3D('',#5975,#5976,#5977);
#5975 = CARTESIAN_POINT('',(508.354381812,829.478,122.757771359));
#5976 = DIRECTION('',(0.,0.,1.));
#5977 = DIRECTION('',(-0.410718852613,0.911762043577,0.));
#5978 = DEFINITIONAL_REPRESENTATION('',(#5979),#5983);
#5979 = LINE('',#5980,#5981);
#5980 = CARTESIAN_POINT('',(0.423242018686,15.632418342));
#5981 = VECTOR('',#5982,1.);
#5982 = DIRECTION('',(-1.915937351681E-08,1.));
#5983 = ( GEOMETRIC_REPRESENTATION_CONTEXT(2) 
PARAMETRIC_REPRESENTATION_CONTEXT() REPRESENTATION_CONTEXT('2D SPACE',''
  ) );
#5984 = ORIENTED_EDGE('',*,*,#5985,.T.);
#5985 = EDGE_CURVE('',#5958,#5986,#5988,.T.);
#5986 = VERTEX_POINT('',#5987);
#5987 = CARTESIAN_POINT('',(500.00306474,828.673969547,163.195118601));
#5988 = SURFACE_CURVE('',#5989,(#6005,#6024),.PCURVE_S1.);
#5989 = B_SPLINE_CURVE_WITH_KNOTS('',5,(#5990,#5991,#5992,#5993,#5994,
    #5995,#5996,#5997,#5998,#5999,#6000,#6001,#6002,#6003,#6004),
  .UNSPECIFIED.,.F.,.F.,(6,3,3,3,6),(0.,4.64606000318,10.8922838647,
    13.2267228455,14.9649397632),.UNSPECIFIED.);
#5990 = CARTESIAN_POINT('',(504.068859642,833.2695147,155.346505499));
#5991 = CARTESIAN_POINT('',(504.06886212,833.269517501,155.992595936));
#5992 = CARTESIAN_POINT('',(504.017313615,833.211252516,156.638883822));
#5993 = CARTESIAN_POINT('',(503.914720132,833.095291678,157.272827797));
#5994 = CARTESIAN_POINT('',(503.564372646,832.699295881,158.707240084));
#5995 = CARTESIAN_POINT('',(502.986972043,832.046663221,159.984550032));
#5996 = CARTESIAN_POINT('',(502.594200269,831.60271549,160.650972072));
#5997 = CARTESIAN_POINT('',(501.991730349,830.921747122,161.469613822));
#5998 = CARTESIAN_POINT('',(501.320848142,830.163452729,162.156679201));
#5999 = CARTESIAN_POINT('',(501.133452422,829.951640398,162.334196432));
#6000 = CARTESIAN_POINT('',(500.799881473,829.574607027,162.626497683));
#6001 = CARTESIAN_POINT('',(500.455074717,829.184873886,162.889691763));
#6002 = CARTESIAN_POINT('',(500.305923332,829.016288913,162.996836624));
#6003 = CARTESIAN_POINT('',(500.15527798,828.846015317,163.098570751));
#6004 = CARTESIAN_POINT('',(500.00306474,828.673969547,163.195118601));
#6005 = PCURVE('',#3495,#6006);
#6006 = DEFINITIONAL_REPRESENTATION('',(#6007),#6023);
#6007 = B_SPLINE_CURVE_WITH_KNOTS('',5,(#6008,#6009,#6010,#6011,#6012,
    #6013,#6014,#6015,#6016,#6017,#6018,#6019,#6020,#6021,#6022),
  .UNSPECIFIED.,.F.,.F.,(6,3,3,3,6),(0.,4.64606000318,10.8922838647,
    13.2267228455,14.9649397632),.UNSPECIFIED.);
#6008 = CARTESIAN_POINT('',(137.17426215277,-104.853494501));
#6009 = CARTESIAN_POINT('',(137.17426589257,-104.207404064));
#6010 = CARTESIAN_POINT('',(137.09647092586,-103.561116178));
#6011 = CARTESIAN_POINT('',(136.9416408942,-102.927172203));
#6012 = CARTESIAN_POINT('',(136.41291030856,-101.492759916));
#6013 = CARTESIAN_POINT('',(135.54152012888,-100.215449968));
#6014 = CARTESIAN_POINT('',(134.94876448419,-99.549027928));
#6015 = CARTESIAN_POINT('',(134.03954068186,-98.730386178));
#6016 = CARTESIAN_POINT('',(133.02707175783,-98.043320799));
#6017 = CARTESIAN_POINT('',(132.74426153978,-97.865803568));
#6018 = CARTESIAN_POINT('',(132.24084944133,-97.573502317));
#6019 = CARTESIAN_POINT('',(131.72048070651,-97.310308237));
#6020 = CARTESIAN_POINT('',(131.49538732862,-97.203163376));
#6021 = CARTESIAN_POINT('',(131.26803931439,-97.101429249));
#6022 = CARTESIAN_POINT('',(131.03832510629,-97.004881399));
#6023 = ( GEOMETRIC_REPRESENTATION_CONTEXT(2) 
PARAMETRIC_REPRESENTATION_CONTEXT() REPRESENTATION_CONTEXT('2D SPACE',''
  ) );
#6024 = PCURVE('',#6025,#6080);
#6025 = B_SPLINE_SURFACE_WITH_KNOTS('',5,5,(
    (#6026,#6027,#6028,#6029,#6030,#6031)
    ,(#6032,#6033,#6034,#6035,#6036,#6037)
    ,(#6038,#6039,#6040,#6041,#6042,#6043)
    ,(#6044,#6045,#6046,#6047,#6048,#6049)
    ,(#6050,#6051,#6052,#6053,#6054,#6055)
    ,(#6056,#6057,#6058,#6059,#6060,#6061)
    ,(#6062,#6063,#6064,#6065,#6066,#6067)
    ,(#6068,#6069,#6070,#6071,#6072,#6073)
    ,(#6074,#6075,#6076,#6077,#6078,#6079
    )),.UNSPECIFIED.,.F.,.F.,.F.,(6,3,6),(6,6),(54.9665776049,
    64.381208051,68.7413751016),(0.,6.05652988509),.UNSPECIFIED.);
#6026 = CARTESIAN_POINT('',(504.068859642,833.269514701,155.3465055));
#6027 = CARTESIAN_POINT('',(504.710749497,833.995043701,155.346505525));
#6028 = CARTESIAN_POINT('',(505.506177073,834.584734,155.34650555));
#6029 = CARTESIAN_POINT('',(506.416948513,834.995006995,155.346505573));
#6030 = CARTESIAN_POINT('',(507.385666395,835.200007009,155.346505594));
#6031 = CARTESIAN_POINT('',(508.354384277,835.200004558,155.346505611));
#6032 = CARTESIAN_POINT('',(504.068864885,833.269520627,156.713556412));
#6033 = CARTESIAN_POINT('',(504.710751529,833.995055616,156.910020641));
#6034 = CARTESIAN_POINT('',(505.506178071,834.584749978,157.10648487));
#6035 = CARTESIAN_POINT('',(506.416950307,834.995024126,157.291197068));
#6036 = CARTESIAN_POINT('',(507.385669913,835.200021927,157.452516549));
#6037 = CARTESIAN_POINT('',(508.354389519,835.200014224,157.582697273));
#6038 = CARTESIAN_POINT('',(503.839412533,833.010171922,158.081138962));
#6039 = CARTESIAN_POINT('',(504.467658053,833.720278203,158.474066919));
#6040 = CARTESIAN_POINT('',(505.258690955,834.286362374,158.866994876));
#6041 = CARTESIAN_POINT('',(506.172848222,834.663113054,159.236449835));
#6042 = CARTESIAN_POINT('',(507.148892695,834.825158272,159.559181225));
#6043 = CARTESIAN_POINT('',(508.124937168,834.775777624,159.819757688));
#6044 = CARTESIAN_POINT('',(503.379099151,832.48988229,159.355991029));
#6045 = CARTESIAN_POINT('',(503.980000335,833.169064074,159.939941404));
#6046 = CARTESIAN_POINT('',(504.762227458,833.687822218,160.523891778));
#6047 = CARTESIAN_POINT('',(505.683167827,833.997369491,161.069236153));
#6048 = CARTESIAN_POINT('',(506.673895806,834.073265313,161.537800533));
#6049 = CARTESIAN_POINT('',(507.664623785,833.924698618,161.905133281));
#6050 = CARTESIAN_POINT('',(502.45559875,831.446054971,160.987861101));
#6051 = CARTESIAN_POINT('',(502.998584085,832.059794476,161.83763009));
#6052 = CARTESIAN_POINT('',(503.76124459,832.479181806,162.68739908));
#6053 = CARTESIAN_POINT('',(504.696516017,832.649978944,163.467604756));
#6054 = CARTESIAN_POINT('',(505.718819701,832.553770513,164.10969652));
#6055 = CARTESIAN_POINT('',(506.741123385,832.217229913,164.57450942));
#6056 = CARTESIAN_POINT('',(501.259891247,830.094553492,162.244064412));
#6057 = CARTESIAN_POINT('',(501.719264629,830.613777762,163.337024563));
#6058 = CARTESIAN_POINT('',(502.450879363,830.892143229,164.429984714));
#6059 = CARTESIAN_POINT('',(503.406608402,830.873147582,165.40738551));
#6060 = CARTESIAN_POINT('',(504.476012142,830.558272269,166.156925318));
#6061 = CARTESIAN_POINT('',(505.545415881,830.006473444,166.629379186));
#6062 = CARTESIAN_POINT('',(500.858532668,829.640900143,162.601803191));
#6063 = CARTESIAN_POINT('',(501.288878701,830.12732037,163.769318727));
#6064 = CARTESIAN_POINT('',(502.009431106,830.356987689,164.936834263));
#6065 = CARTESIAN_POINT('',(502.972236778,830.273178551,165.972601336));
#6066 = CARTESIAN_POINT('',(504.05814704,829.885396207,166.74906526));
#6067 = CARTESIAN_POINT('',(505.144057302,829.264397241,167.21456034));
#6068 = CARTESIAN_POINT('',(500.438376834,829.166000363,162.919003022));
#6069 = CARTESIAN_POINT('',(500.837119701,829.616700426,164.158526524));
#6070 = CARTESIAN_POINT('',(501.54526791,829.793661764,165.398050027));
#6071 = CARTESIAN_POINT('',(502.51574225,829.640630633,166.48795782));
#6072 = CARTESIAN_POINT('',(503.619821859,829.177220391,167.284071721));
#6073 = CARTESIAN_POINT('',(504.723901469,828.487566719,167.733428761));
#6074 = CARTESIAN_POINT('',(500.00306474,828.673969547,163.195118602));
#6075 = CARTESIAN_POINT('',(500.367556334,829.085955083,164.503905518));
#6076 = CARTESIAN_POINT('',(501.061812253,829.20618979,165.812692434));
#6077 = CARTESIAN_POINT('',(502.04054611,828.979805449,166.95230935));
#6078 = CARTESIAN_POINT('',(503.164567742,828.4389972,167.760686196));
#6079 = CARTESIAN_POINT('',(504.288589374,827.682713689,168.185092467));
#6080 = DEFINITIONAL_REPRESENTATION('',(#6081),#6129);
#6081 = B_SPLINE_CURVE_WITH_KNOTS('',3,(#6082,#6083,#6084,#6085,#6086,
    #6087,#6088,#6089,#6090,#6091,#6092,#6093,#6094,#6095,#6096,#6097,
    #6098,#6099,#6100,#6101,#6102,#6103,#6104,#6105,#6106,#6107,#6108,
    #6109,#6110,#6111,#6112,#6113,#6114,#6115,#6116,#6117,#6118,#6119,
    #6120,#6121,#6122,#6123,#6124,#6125,#6126,#6127,#6128),
  .UNSPECIFIED.,.F.,.F.,(4,1,1,1,1,1,1,1,1,1,1,1,1,1,1,1,1,1,1,1,1,1,1,1
    ,1,1,1,1,1,1,1,1,1,1,1,1,1,1,1,1,1,1,1,1,4),(0.,0.340112267345,
    0.680224534691,1.020336802036,1.360449069382,1.700561336727,
    2.040673604073,2.380785871418,2.720898138764,3.061010406109,
    3.401122673455,3.7412349408,4.081347208145,4.421459475491,
    4.761571742836,5.101684010182,5.441796277527,5.781908544873,
    6.122020812218,6.462133079564,6.802245346909,7.142357614255,
    7.4824698816,7.822582148945,8.162694416291,8.502806683636,
    8.842918950982,9.183031218327,9.523143485673,9.863255753018,
    10.203368020364,10.543480287709,10.883592555055,11.2237048224,
    11.563817089745,11.903929357091,12.244041624436,12.584153891782,
    12.924266159127,13.264378426473,13.604490693818,13.944602961164,
    14.284715228509,14.624827495855,14.9649397632),.UNSPECIFIED.);
#6082 = CARTESIAN_POINT('',(54.9665776049,0.));
#6083 = CARTESIAN_POINT('',(55.075152413214,-4.930182309234E-07));
#6084 = CARTESIAN_POINT('',(55.292305015895,-1.968462504285E-05));
#6085 = CARTESIAN_POINT('',(55.617966798914,-8.254682067344E-05));
#6086 = CARTESIAN_POINT('',(55.943484179354,-1.567245763138E-04));
#6087 = CARTESIAN_POINT('',(56.268784084079,-2.272192157399E-04));
#6088 = CARTESIAN_POINT('',(56.59379664602,-2.834536771542E-04));
#6089 = CARTESIAN_POINT('',(56.918455854674,-3.193876875108E-04));
#6090 = CARTESIAN_POINT('',(57.2426996743,-3.326250244547E-04));
#6091 = CARTESIAN_POINT('',(57.566470199915,-3.237410642324E-04));
#6092 = CARTESIAN_POINT('',(57.889713696917,-2.955341329067E-04));
#6093 = CARTESIAN_POINT('',(58.212380548905,-2.523108261849E-04));
#6094 = CARTESIAN_POINT('',(58.534425181491,-1.992025953178E-04));
#6095 = CARTESIAN_POINT('',(58.85580570709,-1.415369730347E-04));
#6096 = CARTESIAN_POINT('',(59.176484306305,-8.427170425449E-05));
#6097 = CARTESIAN_POINT('',(59.496424617331,-3.15079677781E-05));
#6098 = CARTESIAN_POINT('',(59.815600892445,1.394231380168E-05));
#6099 = CARTESIAN_POINT('',(60.134005791745,5.01992069527E-05));
#6100 = CARTESIAN_POINT('',(60.451631595736,7.626149247467E-05));
#6101 = CARTESIAN_POINT('',(60.768473095628,9.207690914891E-05));
#6102 = CARTESIAN_POINT('',(61.084526260042,9.847229104074E-05));
#6103 = CARTESIAN_POINT('',(61.399788114615,9.702434581142E-05));
#6104 = CARTESIAN_POINT('',(61.714256387339,8.987036328309E-05));
#6105 = CARTESIAN_POINT('',(62.027929313347,7.947884285227E-05));
#6106 = CARTESIAN_POINT('',(62.340805496978,6.839314647456E-05));
#6107 = CARTESIAN_POINT('',(62.652883858056,5.896020911548E-05));
#6108 = CARTESIAN_POINT('',(62.964163657974,5.305803384392E-05));
#6109 = CARTESIAN_POINT('',(63.274644589044,5.181976455132E-05));
#6110 = CARTESIAN_POINT('',(63.584326984104,5.5403933556E-05));
#6111 = CARTESIAN_POINT('',(63.893211916798,6.265925625781E-05));
#6112 = CARTESIAN_POINT('',(64.201302032655,7.127612476564E-05));
#6113 = CARTESIAN_POINT('',(64.508599956533,7.623464011179E-05));
#6114 = CARTESIAN_POINT('',(64.815116963261,7.543590836799E-05));
#6115 = CARTESIAN_POINT('',(65.120876596416,7.266702461478E-05));
#6116 = CARTESIAN_POINT('',(65.425912004501,6.886211607211E-05));
#6117 = CARTESIAN_POINT('',(65.730336972716,6.251251647441E-05));
#6118 = CARTESIAN_POINT('',(66.034174949706,5.680454917062E-05));
#6119 = CARTESIAN_POINT('',(66.337401464935,5.313819829177E-05));
#6120 = CARTESIAN_POINT('',(66.639975676704,4.967298972077E-05));
#6121 = CARTESIAN_POINT('',(66.9418755426,4.259732914009E-05));
#6122 = CARTESIAN_POINT('',(67.243125482167,3.050395838692E-05));
#6123 = CARTESIAN_POINT('',(67.543845268481,2.008003887313E-05));
#6124 = CARTESIAN_POINT('',(67.844083716235,1.205263260702E-05));
#6125 = CARTESIAN_POINT('',(68.143793171844,7.245561863833E-06));
#6126 = CARTESIAN_POINT('',(68.442908100097,2.691174839861E-06));
#6127 = CARTESIAN_POINT('',(68.641947009181,7.098999588936E-07));
#6128 = CARTESIAN_POINT('',(68.7413751016,0.));
#6129 = ( GEOMETRIC_REPRESENTATION_CONTEXT(2) 
PARAMETRIC_REPRESENTATION_CONTEXT() REPRESENTATION_CONTEXT('2D SPACE',''
  ) );
#6130 = ORIENTED_EDGE('',*,*,#6131,.F.);
#6131 = EDGE_CURVE('',#6132,#5986,#6134,.T.);
#6132 = VERTEX_POINT('',#6133);
#6133 = CARTESIAN_POINT('',(442.388194828,763.552205515,199.739749814));
#6134 = SURFACE_CURVE('',#6135,(#6139,#6146),.PCURVE_S1.);
#6135 = LINE('',#6136,#6137);
#6136 = CARTESIAN_POINT('',(471.195629784,796.113087531,181.467434208));
#6137 = VECTOR('',#6138,1.);
#6138 = DIRECTION('',(0.610859609597,0.690451187582,-0.387463152997));
#6139 = PCURVE('',#3495,#6140);
#6140 = DEFINITIONAL_REPRESENTATION('',(#6141),#6145);
#6141 = LINE('',#6142,#6143);
#6142 = CARTESIAN_POINT('',(87.563282306955,-78.732565792));
#6143 = VECTOR('',#6144,1.);
#6144 = DIRECTION('',(0.921885190829,-0.387463152997));
#6145 = ( GEOMETRIC_REPRESENTATION_CONTEXT(2) 
PARAMETRIC_REPRESENTATION_CONTEXT() REPRESENTATION_CONTEXT('2D SPACE',''
  ) );
#6146 = PCURVE('',#6147,#6152);
#6147 = CYLINDRICAL_SURFACE('',#6148,5.722);
#6148 = AXIS2_PLACEMENT_3D('',#6149,#6150,#6151);
#6149 = CARTESIAN_POINT('',(471.999098149,788.385826961,183.676074153));
#6150 = DIRECTION('',(-0.61085961365,-0.690451192164,0.387463138441));
#6151 = DIRECTION('',(-0.460205829956,0.707863298045,0.535854593481));
#6152 = DEFINITIONAL_REPRESENTATION('',(#6153),#6157);
#6153 = LINE('',#6154,#6155);
#6154 = CARTESIAN_POINT('',(0.620275886109,-5.700256462471));
#6155 = VECTOR('',#6156,1.);
#6156 = DIRECTION('',(2.759383844857E-09,-1.));
#6157 = ( GEOMETRIC_REPRESENTATION_CONTEXT(2) 
PARAMETRIC_REPRESENTATION_CONTEXT() REPRESENTATION_CONTEXT('2D SPACE',''
  ) );
#6158 = ORIENTED_EDGE('',*,*,#6159,.F.);
#6159 = EDGE_CURVE('',#6160,#6132,#6162,.T.);
#6160 = VERTEX_POINT('',#6161);
#6161 = CARTESIAN_POINT('',(442.18687764,763.324657827,199.386300939));
#6162 = SURFACE_CURVE('',#6163,(#6170,#6180),.PCURVE_S1.);
#6163 = B_SPLINE_CURVE_WITH_KNOTS('',5,(#6164,#6165,#6166,#6167,#6168,
    #6169),.UNSPECIFIED.,.F.,.F.,(6,6),(0.,0.660265381647),
  .PIECEWISE_BEZIER_KNOTS.);
#6164 = CARTESIAN_POINT('',(442.18687764,763.324657827,199.386300939));
#6165 = CARTESIAN_POINT('',(442.225535414,763.368352492,199.459005637));
#6166 = CARTESIAN_POINT('',(442.262290448,763.409896501,199.534355083));
#6167 = CARTESIAN_POINT('',(442.300000868,763.452520376,199.609116156));
#6168 = CARTESIAN_POINT('',(442.34132173,763.499225115,199.67930035));
#6169 = CARTESIAN_POINT('',(442.388194828,763.552205515,199.739749814));
#6170 = PCURVE('',#3495,#6171);
#6171 = DEFINITIONAL_REPRESENTATION('',(#6172),#6179);
#6172 = B_SPLINE_CURVE_WITH_KNOTS('',5,(#6173,#6174,#6175,#6176,#6177,
    #6178),.UNSPECIFIED.,.F.,.F.,(6,6),(0.,0.660265381647),
  .PIECEWISE_BEZIER_KNOTS.);
#6173 = CARTESIAN_POINT('',(43.78441956012,-60.813699061));
#6174 = CARTESIAN_POINT('',(43.842760345512,-60.740994363));
#6175 = CARTESIAN_POINT('',(43.898229591118,-60.665644917));
#6176 = CARTESIAN_POINT('',(43.95514066646,-60.590883844));
#6177 = CARTESIAN_POINT('',(44.017500479493,-60.52069965));
#6178 = CARTESIAN_POINT('',(44.088239507619,-60.460250186));
#6179 = ( GEOMETRIC_REPRESENTATION_CONTEXT(2) 
PARAMETRIC_REPRESENTATION_CONTEXT() REPRESENTATION_CONTEXT('2D SPACE',''
  ) );
#6180 = PCURVE('',#4524,#6181);
#6181 = DEFINITIONAL_REPRESENTATION('',(#6182),#6208);
#6182 = B_SPLINE_CURVE_WITH_KNOTS('',3,(#6183,#6184,#6185,#6186,#6187,
    #6188,#6189,#6190,#6191,#6192,#6193,#6194,#6195,#6196,#6197,#6198,
    #6199,#6200,#6201,#6202,#6203,#6204,#6205,#6206,#6207),
  .UNSPECIFIED.,.F.,.F.,(4,1,1,1,1,1,1,1,1,1,1,1,1,1,1,1,1,1,1,1,1,1,4),
  (0.,3.001206280214E-02,6.002412560427E-02,9.003618840641E-02,
    0.120048251209,0.150060314011,0.180072376813,0.210084439615,
    0.240096502417,0.270108565219,0.300120628021,0.330132690823,
    0.360144753626,0.390156816428,0.42016887923,0.450180942032,
    0.480193004834,0.510205067636,0.540217130438,0.570229193241,
    0.600241256043,0.630253318845,0.660265381647),.UNSPECIFIED.);
#6183 = CARTESIAN_POINT('',(1.468315111665E-07,2.278029499963));
#6184 = CARTESIAN_POINT('',(7.070915557731E-03,2.278029500416));
#6185 = CARTESIAN_POINT('',(2.122154984161E-02,2.27802949298));
#6186 = CARTESIAN_POINT('',(4.246849591678E-02,2.278029478447));
#6187 = CARTESIAN_POINT('',(6.372976577848E-02,2.278029487479));
#6188 = CARTESIAN_POINT('',(8.500000112629E-02,2.278029528473));
#6189 = CARTESIAN_POINT('',(0.106274727276,2.278029592301));
#6190 = CARTESIAN_POINT('',(0.127550438206,2.278029659885));
#6191 = CARTESIAN_POINT('',(0.148824489519,2.278029711285));
#6192 = CARTESIAN_POINT('',(0.170094992126,2.278029732266));
#6193 = CARTESIAN_POINT('',(0.191360661832,2.278029717351));
#6194 = CARTESIAN_POINT('',(0.212620645712,2.278029669658));
#6195 = CARTESIAN_POINT('',(0.23387432971,2.278029598674));
#6196 = CARTESIAN_POINT('',(0.255121137083,2.278029517255));
#6197 = CARTESIAN_POINT('',(0.276360326724,2.278029438908));
#6198 = CARTESIAN_POINT('',(0.297590801518,2.278029375918));
#6199 = CARTESIAN_POINT('',(0.318810937824,2.278029338244));
#6200 = CARTESIAN_POINT('',(0.340018448387,2.278029332634));
#6201 = CARTESIAN_POINT('',(0.361210291599,2.27802936105));
#6202 = CARTESIAN_POINT('',(0.382382640903,2.278029418165));
#6203 = CARTESIAN_POINT('',(0.403530924273,2.278029487532));
#6204 = CARTESIAN_POINT('',(0.424649950773,2.278029542635));
#6205 = CARTESIAN_POINT('',(0.445734098172,2.278029545394));
#6206 = CARTESIAN_POINT('',(0.459763145564,2.278029516377));
#6207 = CARTESIAN_POINT('',(0.466769960577,2.278029493063));
#6208 = ( GEOMETRIC_REPRESENTATION_CONTEXT(2) 
PARAMETRIC_REPRESENTATION_CONTEXT() REPRESENTATION_CONTEXT('2D SPACE',''
  ) );
#6209 = ORIENTED_EDGE('',*,*,#6210,.F.);
#6210 = EDGE_CURVE('',#6211,#6160,#6213,.T.);
#6211 = VERTEX_POINT('',#6212);
#6212 = CARTESIAN_POINT('',(436.639202875,757.054152183,188.952642186));
#6213 = SURFACE_CURVE('',#6214,(#6218,#6225),.PCURVE_S1.);
#6214 = LINE('',#6215,#6216);
#6215 = CARTESIAN_POINT('',(439.413040258,760.189405005,194.169471563));
#6216 = VECTOR('',#6217,1.);
#6217 = DIRECTION('',(0.414702295412,0.468735676515,0.779941582263));
#6218 = PCURVE('',#3495,#6219);
#6219 = DEFINITIONAL_REPRESENTATION('',(#6220),#6224);
#6220 = LINE('',#6221,#6222);
#6221 = CARTESIAN_POINT('',(39.59825376316,-66.030528437));
#6222 = VECTOR('',#6223,1.);
#6223 = DIRECTION('',(0.625852321445,0.779941582263));
#6224 = ( GEOMETRIC_REPRESENTATION_CONTEXT(2) 
PARAMETRIC_REPRESENTATION_CONTEXT() REPRESENTATION_CONTEXT('2D SPACE',''
  ) );
#6225 = PCURVE('',#4583,#6226);
#6226 = DEFINITIONAL_REPRESENTATION('',(#6227),#6231);
#6227 = LINE('',#6228,#6229);
#6228 = CARTESIAN_POINT('',(1.992891931032,1.103478931321));
#6229 = VECTOR('',#6230,1.);
#6230 = DIRECTION('',(0.484406905707,-0.874842814283));
#6231 = ( GEOMETRIC_REPRESENTATION_CONTEXT(2) 
PARAMETRIC_REPRESENTATION_CONTEXT() REPRESENTATION_CONTEXT('2D SPACE',''
  ) );
#6232 = ORIENTED_EDGE('',*,*,#6233,.F.);
#6233 = EDGE_CURVE('',#6234,#6211,#6236,.T.);
#6234 = VERTEX_POINT('',#6235);
#6235 = CARTESIAN_POINT('',(435.721184544,756.016521217,187.726074747));
#6236 = SURFACE_CURVE('',#6237,(#6244,#6254),.PCURVE_S1.);
#6237 = B_SPLINE_CURVE_WITH_KNOTS('',5,(#6238,#6239,#6240,#6241,#6242,
    #6243),.UNSPECIFIED.,.F.,.F.,(6,6),(0.,2.63713714996),
  .PIECEWISE_BEZIER_KNOTS.);
#6238 = CARTESIAN_POINT('',(435.721184544,756.016521217,187.726074747));
#6239 = CARTESIAN_POINT('',(435.94238249,756.266540014,187.886331593));
#6240 = CARTESIAN_POINT('',(436.142533673,756.492769772,188.111453758));
#6241 = CARTESIAN_POINT('',(436.323135016,756.696902456,188.380855243));
#6242 = CARTESIAN_POINT('',(436.485334218,756.880235303,188.663257331));
#6243 = CARTESIAN_POINT('',(436.639202875,757.054152183,188.952642186));
#6244 = PCURVE('',#3495,#6245);
#6245 = DEFINITIONAL_REPRESENTATION('',(#6246),#6253);
#6246 = B_SPLINE_CURVE_WITH_KNOTS('',5,(#6247,#6248,#6249,#6250,#6251,
    #6252),.UNSPECIFIED.,.F.,.F.,(6,6),(0.,2.63713714996),
  .PIECEWISE_BEZIER_KNOTS.);
#6247 = CARTESIAN_POINT('',(34.026650966733,-72.473925253));
#6248 = CARTESIAN_POINT('',(34.360474168695,-72.313668407));
#6249 = CARTESIAN_POINT('',(34.662534426692,-72.088546242));
#6250 = CARTESIAN_POINT('',(34.93509083878,-71.819144757));
#6251 = CARTESIAN_POINT('',(35.179875466399,-71.536742669));
#6252 = CARTESIAN_POINT('',(35.412087965537,-71.247357814));
#6253 = ( GEOMETRIC_REPRESENTATION_CONTEXT(2) 
PARAMETRIC_REPRESENTATION_CONTEXT() REPRESENTATION_CONTEXT('2D SPACE',''
  ) );
#6254 = PCURVE('',#4617,#6255);
#6255 = DEFINITIONAL_REPRESENTATION('',(#6256),#6282);
#6256 = B_SPLINE_CURVE_WITH_KNOTS('',3,(#6257,#6258,#6259,#6260,#6261,
    #6262,#6263,#6264,#6265,#6266,#6267,#6268,#6269,#6270,#6271,#6272,
    #6273,#6274,#6275,#6276,#6277,#6278,#6279,#6280,#6281),
  .UNSPECIFIED.,.F.,.F.,(4,1,1,1,1,1,1,1,1,1,1,1,1,1,1,1,1,1,1,1,1,1,4),
  (0.,0.119869870453,0.239739740905,0.359609611358,0.479479481811,
    0.599349352264,0.719219222716,0.839089093169,0.958958963622,
    1.078828834075,1.198698704527,1.31856857498,1.438438445433,
    1.558308315885,1.678178186338,1.798048056791,1.917917927244,
    2.037787797696,2.157657668149,2.277527538602,2.397397409055,
    2.517267279507,2.63713714996),.UNSPECIFIED.);
#6257 = CARTESIAN_POINT('',(1.863082359356,2.278096678277));
#6258 = CARTESIAN_POINT('',(1.835100263851,2.278096679851));
#6259 = CARTESIAN_POINT('',(1.779030276285,2.27809666712));
#6260 = CARTESIAN_POINT('',(1.694797629164,2.278096659812));
#6261 = CARTESIAN_POINT('',(1.610755703668,2.278096803981));
#6262 = CARTESIAN_POINT('',(1.526772564942,2.278096958393));
#6263 = CARTESIAN_POINT('',(1.442706664872,2.278097161038));
#6264 = CARTESIAN_POINT('',(1.358515266932,2.278097452957));
#6265 = CARTESIAN_POINT('',(1.274176083791,2.278097773944));
#6266 = CARTESIAN_POINT('',(1.189678185031,2.278098100658));
#6267 = CARTESIAN_POINT('',(1.105022062697,2.278098402662));
#6268 = CARTESIAN_POINT('',(1.020217225317,2.278098644007));
#6269 = CARTESIAN_POINT('',(0.935280394384,2.278098781191));
#6270 = CARTESIAN_POINT('',(0.850233600316,2.278098774192));
#6271 = CARTESIAN_POINT('',(0.765102055375,2.278098595811));
#6272 = CARTESIAN_POINT('',(0.679913088432,2.278098260481));
#6273 = CARTESIAN_POINT('',(0.594707766769,2.278097908375));
#6274 = CARTESIAN_POINT('',(0.509518769254,2.278097577966));
#6275 = CARTESIAN_POINT('',(0.424372660777,2.278097277554));
#6276 = CARTESIAN_POINT('',(0.339291276427,2.278097015911));
#6277 = CARTESIAN_POINT('',(0.254293544202,2.278096816015));
#6278 = CARTESIAN_POINT('',(0.169397475954,2.278096702356));
#6279 = CARTESIAN_POINT('',(8.462154317034E-02,2.278096674794));
#6280 = CARTESIAN_POINT('',(2.819944007484E-02,2.27809667824));
#6281 = CARTESIAN_POINT('',(1.576003515732E-05,2.278096679057));
#6282 = ( GEOMETRIC_REPRESENTATION_CONTEXT(2) 
PARAMETRIC_REPRESENTATION_CONTEXT() REPRESENTATION_CONTEXT('2D SPACE',''
  ) );
#6283 = ORIENTED_EDGE('',*,*,#6284,.F.);
#6284 = EDGE_CURVE('',#5058,#6234,#6285,.T.);
#6285 = SURFACE_CURVE('',#6286,(#6290,#6297),.PCURVE_S1.);
#6286 = LINE('',#6287,#6288);
#6287 = CARTESIAN_POINT('',(435.721184544,756.016521217,154.595935575));
#6288 = VECTOR('',#6289,1.);
#6289 = DIRECTION('',(0.,0.,1.));
#6290 = PCURVE('',#3495,#6291);
#6291 = DEFINITIONAL_REPRESENTATION('',(#6292),#6296);
#6292 = LINE('',#6293,#6294);
#6293 = CARTESIAN_POINT('',(34.026650966733,-105.604064425));
#6294 = VECTOR('',#6295,1.);
#6295 = DIRECTION('',(0.,1.));
#6296 = ( GEOMETRIC_REPRESENTATION_CONTEXT(2) 
PARAMETRIC_REPRESENTATION_CONTEXT() REPRESENTATION_CONTEXT('2D SPACE',''
  ) );
#6297 = PCURVE('',#5076,#6298);
#6298 = DEFINITIONAL_REPRESENTATION('',(#6299),#6303);
#6299 = LINE('',#6300,#6301);
#6300 = CARTESIAN_POINT('',(0.423242343623,32.659602277));
#6301 = VECTOR('',#6302,1.);
#6302 = DIRECTION('',(0.,1.));
#6303 = ( GEOMETRIC_REPRESENTATION_CONTEXT(2) 
PARAMETRIC_REPRESENTATION_CONTEXT() REPRESENTATION_CONTEXT('2D SPACE',''
  ) );
#6304 = ORIENTED_EDGE('',*,*,#5119,.T.);
#6305 = ORIENTED_EDGE('',*,*,#5008,.F.);
#6306 = ADVANCED_FACE('',(#6307),#3529,.T.);
#6307 = FACE_BOUND('',#6308,.T.);
#6308 = EDGE_LOOP('',(#6309,#6332,#6352,#6353));
#6309 = ORIENTED_EDGE('',*,*,#6310,.T.);
#6310 = EDGE_CURVE('',#3511,#6311,#6313,.T.);
#6311 = VERTEX_POINT('',#6312);
#6312 = CARTESIAN_POINT('',(428.878613426,749.504037028,68.8993805245));
#6313 = SURFACE_CURVE('',#6314,(#6318,#6325),.PCURVE_S1.);
#6314 = LINE('',#6315,#6316);
#6315 = CARTESIAN_POINT('',(425.151479765,745.291278774,88.7188498508));
#6316 = VECTOR('',#6317,1.);
#6317 = DIRECTION('',(0.18090958821,0.204481091993,-0.962007902208));
#6318 = PCURVE('',#3529,#6319);
#6319 = DEFINITIONAL_REPRESENTATION('',(#6320),#6324);
#6320 = LINE('',#6321,#6322);
#6321 = CARTESIAN_POINT('',(3.141592653593,-6.336815516761E-10));
#6322 = VECTOR('',#6323,1.);
#6323 = DIRECTION('',(2.667650456533E-15,1.));
#6324 = ( GEOMETRIC_REPRESENTATION_CONTEXT(2) 
PARAMETRIC_REPRESENTATION_CONTEXT() REPRESENTATION_CONTEXT('2D SPACE',''
  ) );
#6325 = PCURVE('',#3557,#6326);
#6326 = DEFINITIONAL_REPRESENTATION('',(#6327),#6331);
#6327 = LINE('',#6328,#6329);
#6328 = CARTESIAN_POINT('',(0.,-6.336815516761E-10));
#6329 = VECTOR('',#6330,1.);
#6330 = DIRECTION('',(0.,1.));
#6331 = ( GEOMETRIC_REPRESENTATION_CONTEXT(2) 
PARAMETRIC_REPRESENTATION_CONTEXT() REPRESENTATION_CONTEXT('2D SPACE',''
  ) );
#6332 = ORIENTED_EDGE('',*,*,#6333,.F.);
#6333 = EDGE_CURVE('',#5571,#6311,#6334,.T.);
#6334 = SURFACE_CURVE('',#6335,(#6340,#6346),.PCURVE_S1.);
#6335 = B_SPLINE_CURVE_WITH_KNOTS('',3,(#6336,#6337,#6338,#6339),
  .UNSPECIFIED.,.F.,.F.,(4,4),(-1.89968345581,1.89968345581),
  .PIECEWISE_BEZIER_KNOTS.);
#6336 = CARTESIAN_POINT('',(431.831853999,751.620432735,69.9046034215));
#6337 = CARTESIAN_POINT('',(431.024557257,750.707949777,69.5588336951));
#6338 = CARTESIAN_POINT('',(430.009310604,749.980388441,69.2132644266));
#6339 = CARTESIAN_POINT('',(428.878613426,749.504037028,68.8993805243));
#6340 = PCURVE('',#3529,#6341);
#6341 = DEFINITIONAL_REPRESENTATION('',(#6342),#6345);
#6342 = B_SPLINE_CURVE_WITH_KNOTS('',1,(#6343,#6344),.UNSPECIFIED.,.F.,
  .F.,(2,2),(-1.89968345581,1.89968345581),.PIECEWISE_BEZIER_KNOTS.);
#6343 = CARTESIAN_POINT('',(2.708764342856,20.602189803544));
#6344 = CARTESIAN_POINT('',(3.141592653593,20.602189732928));
#6345 = ( GEOMETRIC_REPRESENTATION_CONTEXT(2) 
PARAMETRIC_REPRESENTATION_CONTEXT() REPRESENTATION_CONTEXT('2D SPACE',''
  ) );
#6346 = PCURVE('',#5615,#6347);
#6347 = DEFINITIONAL_REPRESENTATION('',(#6348),#6351);
#6348 = B_SPLINE_CURVE_WITH_KNOTS('',1,(#6349,#6350),.UNSPECIFIED.,.F.,
  .F.,(2,2),(-1.89968345581,1.89968345581),.PIECEWISE_BEZIER_KNOTS.);
#6349 = CARTESIAN_POINT('',(46.775055688381,7.609419380509));
#6350 = CARTESIAN_POINT('',(46.775055750786,3.804709734068));
#6351 = ( GEOMETRIC_REPRESENTATION_CONTEXT(2) 
PARAMETRIC_REPRESENTATION_CONTEXT() REPRESENTATION_CONTEXT('2D SPACE',''
  ) );
#6352 = ORIENTED_EDGE('',*,*,#5570,.F.);
#6353 = ORIENTED_EDGE('',*,*,#3510,.F.);
#6354 = ADVANCED_FACE('',(#6355),#3557,.T.);
#6355 = FACE_BOUND('',#6356,.T.);
#6356 = EDGE_LOOP('',(#6357,#6358,#6359,#6360));
#6357 = ORIENTED_EDGE('',*,*,#6310,.F.);
#6358 = ORIENTED_EDGE('',*,*,#3540,.F.);
#6359 = ORIENTED_EDGE('',*,*,#5437,.F.);
#6360 = ORIENTED_EDGE('',*,*,#6361,.F.);
#6361 = EDGE_CURVE('',#6311,#5410,#6362,.T.);
#6362 = SURFACE_CURVE('',#6363,(#6368,#6375),.PCURVE_S1.);
#6363 = CIRCLE('',#6364,8.778);
#6364 = AXIS2_PLACEMENT_3D('',#6365,#6366,#6367);
#6365 = CARTESIAN_POINT('',(425.257520721,757.436911562,69.9046035117));
#6366 = DIRECTION('',(0.18090958821,0.204481091993,-0.962007902208));
#6367 = DIRECTION('',(5.427602811636E-14,-0.978147600734,-0.207911690818
    ));
#6368 = PCURVE('',#3557,#6369);
#6369 = DEFINITIONAL_REPRESENTATION('',(#6370),#6374);
#6370 = LINE('',#6371,#6372);
#6371 = CARTESIAN_POINT('',(-5.850356987246,20.602189732792));
#6372 = VECTOR('',#6373,1.);
#6373 = DIRECTION('',(1.,6.566508733786E-14));
#6374 = ( GEOMETRIC_REPRESENTATION_CONTEXT(2) 
PARAMETRIC_REPRESENTATION_CONTEXT() REPRESENTATION_CONTEXT('2D SPACE',''
  ) );
#6375 = PCURVE('',#5615,#6376);
#6376 = DEFINITIONAL_REPRESENTATION('',(#6377),#6380);
#6377 = B_SPLINE_CURVE_WITH_KNOTS('',1,(#6378,#6379),.UNSPECIFIED.,.F.,
  .F.,(2,2),(5.850356987246,6.28318530718),.PIECEWISE_BEZIER_KNOTS.);
#6378 = CARTESIAN_POINT('',(46.775055750649,3.804709734122));
#6379 = CARTESIAN_POINT('',(46.775055891738,-6.388574719338E-09));
#6380 = ( GEOMETRIC_REPRESENTATION_CONTEXT(2) 
PARAMETRIC_REPRESENTATION_CONTEXT() REPRESENTATION_CONTEXT('2D SPACE',''
  ) );
#6381 = ADVANCED_FACE('',(#6382),#3587,.T.);
#6382 = FACE_BOUND('',#6383,.T.);
#6383 = EDGE_LOOP('',(#6384,#6411,#6412,#6413));
#6384 = ORIENTED_EDGE('',*,*,#6385,.F.);
#6385 = EDGE_CURVE('',#5460,#4900,#6386,.T.);
#6386 = SURFACE_CURVE('',#6387,(#6394,#6401),.PCURVE_S1.);
#6387 = B_SPLINE_CURVE_WITH_KNOTS('',5,(#6388,#6389,#6390,#6391,#6392,
    #6393),.UNSPECIFIED.,.F.,.F.,(6,6),(-2.278,2.3774976496E-05),
  .PIECEWISE_BEZIER_KNOTS.);
#6388 = CARTESIAN_POINT('',(406.37329901,747.988256189,72.1371839956));
#6389 = CARTESIAN_POINT('',(406.373223608,748.433899122,72.2319138047));
#6390 = CARTESIAN_POINT('',(406.373224233,748.879543047,72.3266389459));
#6391 = CARTESIAN_POINT('',(406.373247038,749.325191037,72.4213449571));
#6392 = CARTESIAN_POINT('',(406.373265256,749.770819664,72.5161420727));
#6393 = CARTESIAN_POINT('',(406.373327612,750.216472602,72.610824809));
#6394 = PCURVE('',#3587,#6395);
#6395 = DEFINITIONAL_REPRESENTATION('',(#6396),#6400);
#6396 = LINE('',#6397,#6398);
#6397 = CARTESIAN_POINT('',(-9.246828086406E-15,-1.980637875931E-13));
#6398 = VECTOR('',#6399,1.);
#6399 = DIRECTION('',(2.554991854114E-14,1.));
#6400 = ( GEOMETRIC_REPRESENTATION_CONTEXT(2) 
PARAMETRIC_REPRESENTATION_CONTEXT() REPRESENTATION_CONTEXT('2D SPACE',''
  ) );
#6401 = PCURVE('',#4915,#6402);
#6402 = DEFINITIONAL_REPRESENTATION('',(#6403),#6410);
#6403 = B_SPLINE_CURVE_WITH_KNOTS('',5,(#6404,#6405,#6406,#6407,#6408,
    #6409),.UNSPECIFIED.,.F.,.F.,(6,6),(-2.278,2.3774976496E-05),
  .PIECEWISE_BEZIER_KNOTS.);
#6404 = CARTESIAN_POINT('',(-0.289979976771,2.278000000361));
#6405 = CARTESIAN_POINT('',(-0.290043703613,1.822399999882));
#6406 = CARTESIAN_POINT('',(-0.29004355228,1.366799999592));
#6407 = CARTESIAN_POINT('',(-0.290013933837,0.911200000482));
#6408 = CARTESIAN_POINT('',(-0.290043534944,0.455599999575));
#6409 = CARTESIAN_POINT('',(-0.289967977389,-2.852402758435E-10));
#6410 = ( GEOMETRIC_REPRESENTATION_CONTEXT(2) 
PARAMETRIC_REPRESENTATION_CONTEXT() REPRESENTATION_CONTEXT('2D SPACE',''
  ) );
#6411 = ORIENTED_EDGE('',*,*,#5459,.F.);
#6412 = ORIENTED_EDGE('',*,*,#3574,.F.);
#6413 = ORIENTED_EDGE('',*,*,#4927,.T.);
#6414 = ADVANCED_FACE('',(#6415),#3732,.F.);
#6415 = FACE_BOUND('',#6416,.F.);
#6416 = EDGE_LOOP('',(#6417,#6418,#6419,#6441));
#6417 = ORIENTED_EDGE('',*,*,#3715,.F.);
#6418 = ORIENTED_EDGE('',*,*,#4954,.F.);
#6419 = ORIENTED_EDGE('',*,*,#6420,.T.);
#6420 = EDGE_CURVE('',#4955,#3751,#6421,.T.);
#6421 = SURFACE_CURVE('',#6422,(#6429,#6435),.PCURVE_S1.);
#6422 = B_SPLINE_CURVE_WITH_KNOTS('',5,(#6423,#6424,#6425,#6426,#6427,
    #6428),.UNSPECIFIED.,.F.,.F.,(6,6),(0.,5.63468056205),
  .PIECEWISE_BEZIER_KNOTS.);
#6423 = CARTESIAN_POINT('',(425.257520683,751.078952096,68.5531776063));
#6424 = CARTESIAN_POINT('',(426.364305666,751.036623962,68.7523159783));
#6425 = CARTESIAN_POINT('',(427.47109065,751.232516285,69.0020896643));
#6426 = CARTESIAN_POINT('',(428.508626604,751.669619807,69.2901117997));
#6427 = CARTESIAN_POINT('',(429.408380989,752.319062454,69.597357609));
#6428 = CARTESIAN_POINT('',(430.125732868,753.129881206,69.9046034179));
#6429 = PCURVE('',#3732,#6430);
#6430 = DEFINITIONAL_REPRESENTATION('',(#6431),#6434);
#6431 = B_SPLINE_CURVE_WITH_KNOTS('',1,(#6432,#6433),.UNSPECIFIED.,.F.,
  .F.,(2,2),(2.040069678487E-08,5.63468056205),
  .PIECEWISE_BEZIER_KNOTS.);
#6432 = CARTESIAN_POINT('',(0.865656639823,20.602189631706));
#6433 = CARTESIAN_POINT('',(1.237892250275E-08,20.602189807419));
#6434 = ( GEOMETRIC_REPRESENTATION_CONTEXT(2) 
PARAMETRIC_REPRESENTATION_CONTEXT() REPRESENTATION_CONTEXT('2D SPACE',''
  ) );
#6435 = PCURVE('',#3795,#6436);
#6436 = DEFINITIONAL_REPRESENTATION('',(#6437),#6440);
#6437 = B_SPLINE_CURVE_WITH_KNOTS('',1,(#6438,#6439),.UNSPECIFIED.,.F.,
  .F.,(2,2),(2.040066028106E-08,5.63468056205),
  .PIECEWISE_BEZIER_KNOTS.);
#6438 = CARTESIAN_POINT('',(46.7750556887,0.));
#6439 = CARTESIAN_POINT('',(46.7750556887,5.63468056205));
#6440 = ( GEOMETRIC_REPRESENTATION_CONTEXT(2) 
PARAMETRIC_REPRESENTATION_CONTEXT() REPRESENTATION_CONTEXT('2D SPACE',''
  ) );
#6441 = ORIENTED_EDGE('',*,*,#3750,.F.);
#6442 = ADVANCED_FACE('',(#6443),#4784,.F.);
#6443 = FACE_BOUND('',#6444,.F.);
#6444 = EDGE_LOOP('',(#6445,#6446,#6447,#6448));
#6445 = ORIENTED_EDGE('',*,*,#5179,.F.);
#6446 = ORIENTED_EDGE('',*,*,#5255,.T.);
#6447 = ORIENTED_EDGE('',*,*,#4768,.T.);
#6448 = ORIENTED_EDGE('',*,*,#6449,.T.);
#6449 = EDGE_CURVE('',#4596,#5152,#6450,.T.);
#6450 = SURFACE_CURVE('',#6451,(#6464,#6493),.PCURVE_S1.);
#6451 = B_SPLINE_CURVE_WITH_KNOTS('',5,(#6452,#6453,#6454,#6455,#6456,
    #6457,#6458,#6459,#6460,#6461,#6462,#6463),.UNSPECIFIED.,.F.,.F.,(6,
    3,3,6),(0.,4.00932827214,6.54408189125,8.12853703705),
  .UNSPECIFIED.);
#6452 = CARTESIAN_POINT('',(434.015063412,757.525969687,187.726074745));
#6453 = CARTESIAN_POINT('',(433.707845571,757.178723085,187.425491924));
#6454 = CARTESIAN_POINT('',(433.324356553,756.807654847,187.18804242));
#6455 = CARTESIAN_POINT('',(432.904040023,756.486705491,186.995687924));
#6456 = CARTESIAN_POINT('',(432.137808866,756.016094304,186.724890019));
#6457 = CARTESIAN_POINT('',(431.285913289,755.679629183,186.529135244));
#6458 = CARTESIAN_POINT('',(430.946964598,755.571985228,186.464371837));
#6459 = CARTESIAN_POINT('',(430.383280406,755.434705945,186.376567391));
#6460 = CARTESIAN_POINT('',(429.80746974,755.360877431,186.323186753));
#6461 = CARTESIAN_POINT('',(429.587657206,755.342169775,186.308412795));
#6462 = CARTESIAN_POINT('',(429.36521521,755.333,186.3));
#6463 = CARTESIAN_POINT('',(429.146851227,755.333,186.3));
#6464 = PCURVE('',#4784,#6465);
#6465 = DEFINITIONAL_REPRESENTATION('',(#6466),#6492);
#6466 = B_SPLINE_CURVE_WITH_KNOTS('',3,(#6467,#6468,#6469,#6470,#6471,
    #6472,#6473,#6474,#6475,#6476,#6477,#6478,#6479,#6480,#6481,#6482,
    #6483,#6484,#6485,#6486,#6487,#6488,#6489,#6490,#6491),
  .UNSPECIFIED.,.F.,.F.,(4,1,1,1,1,1,1,1,1,1,1,1,1,1,1,1,1,1,1,1,1,1,4),
  (0.,0.36947895623,0.738957912459,1.108436868689,1.477915824918,
    1.847394781148,2.216873737377,2.586352693607,2.955831649836,
    3.325310606066,3.694789562295,4.064268518525,4.433747474755,
    4.803226430984,5.172705387214,5.542184343443,5.911663299673,
    6.281142255902,6.650621212132,7.020100168361,7.389579124591,
    7.75905808082,8.12853703705),.QUASI_UNIFORM_KNOTS.);
#6467 = CARTESIAN_POINT('',(0.846484687251,65.789741447));
#6468 = CARTESIAN_POINT('',(0.835518927583,65.743575749934));
#6469 = CARTESIAN_POINT('',(0.813030945636,65.654814526847));
#6470 = CARTESIAN_POINT('',(0.777978831338,65.5315515794));
#6471 = CARTESIAN_POINT('',(0.741999443172,65.417326223731));
#6472 = CARTESIAN_POINT('',(0.705332974979,65.311331007514));
#6473 = CARTESIAN_POINT('',(0.66814419562,65.212801881146));
#6474 = CARTESIAN_POINT('',(0.630527308326,65.121036851413));
#6475 = CARTESIAN_POINT('',(0.592530552773,65.03541221198));
#6476 = CARTESIAN_POINT('',(0.554175190242,64.95539937253));
#6477 = CARTESIAN_POINT('',(0.515474988121,64.880581716512));
#6478 = CARTESIAN_POINT('',(0.476453782387,64.810670745804));
#6479 = CARTESIAN_POINT('',(0.437161285651,64.745525049072));
#6480 = CARTESIAN_POINT('',(0.397685258745,64.685158278505));
#6481 = CARTESIAN_POINT('',(0.358079145855,64.629532807958));
#6482 = CARTESIAN_POINT('',(0.318372961005,64.57862884177));
#6483 = CARTESIAN_POINT('',(0.278582986897,64.532466629595));
#6484 = CARTESIAN_POINT('',(0.238716416731,64.491127608288));
#6485 = CARTESIAN_POINT('',(0.198787345809,64.454778161838));
#6486 = CARTESIAN_POINT('',(0.158792124514,64.423683982043));
#6487 = CARTESIAN_POINT('',(0.118840878019,64.398261021588));
#6488 = CARTESIAN_POINT('',(7.90606260772E-02,64.379052981428));
#6489 = CARTESIAN_POINT('',(3.936926300322E-02,64.36668888205));
#6490 = CARTESIAN_POINT('',(1.308288340676E-02,64.363697041412));
#6491 = CARTESIAN_POINT('',(0.,64.363666702));
#6492 = ( GEOMETRIC_REPRESENTATION_CONTEXT(2) 
PARAMETRIC_REPRESENTATION_CONTEXT() REPRESENTATION_CONTEXT('2D SPACE',''
  ) );
#6493 = PCURVE('',#6494,#6519);
#6494 = B_SPLINE_SURFACE_WITH_KNOTS('',5,1,(
    (#6495,#6496)
    ,(#6497,#6498)
    ,(#6499,#6500)
    ,(#6501,#6502)
    ,(#6503,#6504)
    ,(#6505,#6506)
    ,(#6507,#6508)
    ,(#6509,#6510)
    ,(#6511,#6512)
    ,(#6513,#6514)
    ,(#6515,#6516)
    ,(#6517,#6518
    )),.UNSPECIFIED.,.F.,.F.,.F.,(6,3,3,6),(2,2),(0.,2.67880878946,
    5.35774633407,6.69670961671),(-4.66293670343E-15,2.28350183272),
  .UNSPECIFIED.);
#6495 = CARTESIAN_POINT('',(429.146851227,755.333,186.3));
#6496 = CARTESIAN_POINT('',(429.146851227,753.055,186.3));
#6497 = CARTESIAN_POINT('',(429.533659628,755.333,186.3));
#6498 = CARTESIAN_POINT('',(429.669221096,753.055,186.3));
#6499 = CARTESIAN_POINT('',(429.965036068,755.361773219,186.326398798));
#6500 = CARTESIAN_POINT('',(430.251778386,753.093857126,186.326398798));
#6501 = CARTESIAN_POINT('',(430.423981766,755.432653902,186.377669224));
#6502 = CARTESIAN_POINT('',(430.8715669,753.189578761,186.377669224));
#6503 = CARTESIAN_POINT('',(431.357554054,755.672645706,186.527441938));
#6504 = CARTESIAN_POINT('',(432.132320369,753.513678462,186.527441938));
#6505 = CARTESIAN_POINT('',(432.245016899,756.087382738,186.765694581));
#6506 = CARTESIAN_POINT('',(433.330804807,754.073764873,186.765694581));
#6507 = CARTESIAN_POINT('',(432.65777386,756.333022515,186.905239164));
#6508 = CARTESIAN_POINT('',(433.888217207,754.405491944,186.905239164));
#6509 = CARTESIAN_POINT('',(433.211250013,756.735354215,187.143800387));
#6510 = CARTESIAN_POINT('',(434.635665464,754.94882543,187.143800387));
#6511 = CARTESIAN_POINT('',(433.652806834,757.142114106,187.422493213));
#6512 = CARTESIAN_POINT('',(435.231970968,755.498139018,187.422493213));
#6513 = CARTESIAN_POINT('',(433.786839123,757.275647344,187.51964606));
#6514 = CARTESIAN_POINT('',(435.412976419,755.678470521,187.51964606));
#6515 = CARTESIAN_POINT('',(433.907566346,757.404466357,187.620899308));
#6516 = CARTESIAN_POINT('',(435.576013891,755.852435643,187.620899308));
#6517 = CARTESIAN_POINT('',(434.015063412,757.525969687,187.726074746));
#6518 = CARTESIAN_POINT('',(435.721184544,756.016521217,187.726074746));
#6519 = DEFINITIONAL_REPRESENTATION('',(#6520),#6546);
#6520 = B_SPLINE_CURVE_WITH_KNOTS('',3,(#6521,#6522,#6523,#6524,#6525,
    #6526,#6527,#6528,#6529,#6530,#6531,#6532,#6533,#6534,#6535,#6536,
    #6537,#6538,#6539,#6540,#6541,#6542,#6543,#6544,#6545),
  .UNSPECIFIED.,.F.,.F.,(4,1,1,1,1,1,1,1,1,1,1,1,1,1,1,1,1,1,1,1,1,1,4),
  (0.,0.36947895623,0.738957912459,1.108436868689,1.477915824918,
    1.847394781148,2.216873737377,2.586352693607,2.955831649836,
    3.325310606066,3.694789562295,4.064268518525,4.433747474755,
    4.803226430984,5.172705387214,5.542184343443,5.911663299673,
    6.281142255902,6.650621212132,7.020100168361,7.389579124591,
    7.75905808082,8.12853703705),.UNSPECIFIED.);
#6521 = CARTESIAN_POINT('',(6.69670961671,-4.66293670343E-15));
#6522 = CARTESIAN_POINT('',(6.579144794718,-1.145748901211E-05));
#6523 = CARTESIAN_POINT('',(6.348563963692,1.139161012634E-05));
#6524 = CARTESIAN_POINT('',(6.01507197862,1.566318600254E-04));
#6525 = CARTESIAN_POINT('',(5.692757547265,4.219383959355E-04));
#6526 = CARTESIAN_POINT('',(5.380189818064,6.924222998674E-04));
#6527 = CARTESIAN_POINT('',(5.075858336471,8.597105343901E-04));
#6528 = CARTESIAN_POINT('',(4.778152843017,8.563287742337E-04));
#6529 = CARTESIAN_POINT('',(4.485538996166,6.817530103252E-04));
#6530 = CARTESIAN_POINT('',(4.196602939539,4.054246697052E-04));
#6531 = CARTESIAN_POINT('',(3.910104496526,1.418234655427E-04));
#6532 = CARTESIAN_POINT('',(3.625029948745,7.611890854571E-07));
#6533 = CARTESIAN_POINT('',(3.340644051503,1.592298843435E-06));
#6534 = CARTESIAN_POINT('',(3.056524259611,2.48034088368E-06));
#6535 = CARTESIAN_POINT('',(2.771983478803,1.643931999846E-05));
#6536 = CARTESIAN_POINT('',(2.486117924651,2.629921407867E-05));
#6537 = CARTESIAN_POINT('',(2.197860185028,2.421597675007E-05));
#6538 = CARTESIAN_POINT('',(1.90604079741,1.244338081611E-05));
#6539 = CARTESIAN_POINT('',(1.609437234917,7.246759910827E-06));
#6540 = CARTESIAN_POINT('',(1.306509519266,1.09751846964E-06));
#6541 = CARTESIAN_POINT('',(0.996309008968,3.798269664274E-05));
#6542 = CARTESIAN_POINT('',(0.677694412709,6.676539136937E-05));
#6543 = CARTESIAN_POINT('',(0.347385792913,1.5301964226E-05));
#6544 = CARTESIAN_POINT('',(0.117684348685,-3.428738933399E-06));
#6545 = CARTESIAN_POINT('',(0.,-4.66293670343E-15));
#6546 = ( GEOMETRIC_REPRESENTATION_CONTEXT(2) 
PARAMETRIC_REPRESENTATION_CONTEXT() REPRESENTATION_CONTEXT('2D SPACE',''
  ) );
#6547 = ADVANCED_FACE('',(#6548),#4617,.T.);
#6548 = FACE_BOUND('',#6549,.T.);
#6549 = EDGE_LOOP('',(#6550,#6551,#6580,#6581));
#6550 = ORIENTED_EDGE('',*,*,#4595,.F.);
#6551 = ORIENTED_EDGE('',*,*,#6552,.T.);
#6552 = EDGE_CURVE('',#4596,#6234,#6553,.T.);
#6553 = SURFACE_CURVE('',#6554,(#6567,#6574),.PCURVE_S1.);
#6554 = B_SPLINE_CURVE_WITH_KNOTS('',5,(#6555,#6556,#6557,#6558,#6559,
    #6560,#6561,#6562,#6563,#6564,#6565,#6566),.UNSPECIFIED.,.F.,.F.,(6,
    3,3,6),(-3.66976331407E-15,0.911238685224,1.82247737045,
    2.27809667911),.UNSPECIFIED.);
#6555 = CARTESIAN_POINT('',(434.015070328,757.525977504,187.726085166));
#6556 = CARTESIAN_POINT('',(434.151557562,757.405218845,187.726075562));
#6557 = CARTESIAN_POINT('',(434.288037747,757.284452219,187.726070742));
#6558 = CARTESIAN_POINT('',(434.424536965,757.163707107,187.726072678));
#6559 = CARTESIAN_POINT('',(434.697511874,756.922190289,187.726068832));
#6560 = CARTESIAN_POINT('',(434.970495193,756.680682976,187.726069126));
#6561 = CARTESIAN_POINT('',(435.106981754,756.559923557,187.726067104));
#6562 = CARTESIAN_POINT('',(435.311719192,756.378793025,187.726070341));
#6563 = CARTESIAN_POINT('',(435.516436185,756.197639385,187.726063409));
#6564 = CARTESIAN_POINT('',(435.584682562,756.137263185,187.726064726));
#6565 = CARTESIAN_POINT('',(435.652907864,756.076863164,187.726052711));
#6566 = CARTESIAN_POINT('',(435.72113317,756.016463148,187.726038978));
#6567 = PCURVE('',#4617,#6568);
#6568 = DEFINITIONAL_REPRESENTATION('',(#6569),#6573);
#6569 = LINE('',#6570,#6571);
#6570 = CARTESIAN_POINT('',(1.86316740631,-1.804278646157E-13));
#6571 = VECTOR('',#6572,1.);
#6572 = DIRECTION('',(1.064365328333E-13,1.));
#6573 = ( GEOMETRIC_REPRESENTATION_CONTEXT(2) 
PARAMETRIC_REPRESENTATION_CONTEXT() REPRESENTATION_CONTEXT('2D SPACE',''
  ) );
#6574 = PCURVE('',#6494,#6575);
#6575 = DEFINITIONAL_REPRESENTATION('',(#6576),#6579);
#6576 = B_SPLINE_CURVE_WITH_KNOTS('',1,(#6577,#6578),.UNSPECIFIED.,.F.,
  .F.,(2,2),(6.848025839221E-10,2.2780966478),.PIECEWISE_BEZIER_KNOTS.);
#6577 = CARTESIAN_POINT('',(6.696729598243,7.714568160517E-10));
#6578 = CARTESIAN_POINT('',(6.696615540835,2.283501802513));
#6579 = ( GEOMETRIC_REPRESENTATION_CONTEXT(2) 
PARAMETRIC_REPRESENTATION_CONTEXT() REPRESENTATION_CONTEXT('2D SPACE',''
  ) );
#6580 = ORIENTED_EDGE('',*,*,#6233,.T.);
#6581 = ORIENTED_EDGE('',*,*,#6582,.F.);
#6582 = EDGE_CURVE('',#4568,#6211,#6583,.T.);
#6583 = SURFACE_CURVE('',#6584,(#6597,#6604),.PCURVE_S1.);
#6584 = B_SPLINE_CURVE_WITH_KNOTS('',5,(#6585,#6586,#6587,#6588,#6589,
    #6590,#6591,#6592,#6593,#6594,#6595,#6596),.UNSPECIFIED.,.F.,.F.,(6,
    3,3,6),(-3.66976331407E-15,0.911238685224,1.82247737045,
    2.27809667911),.UNSPECIFIED.);
#6585 = CARTESIAN_POINT('',(434.933087914,758.563607628,188.952652133));
#6586 = CARTESIAN_POINT('',(435.069574069,758.442847749,188.952647006));
#6587 = CARTESIAN_POINT('',(435.206060655,758.322088359,188.952637969));
#6588 = CARTESIAN_POINT('',(435.342551581,758.201333873,188.952642379));
#6589 = CARTESIAN_POINT('',(435.61553147,757.959822685,188.952639376));
#6590 = CARTESIAN_POINT('',(435.888510618,757.718310658,188.952639102));
#6591 = CARTESIAN_POINT('',(436.025001682,757.597556328,188.952639556));
#6592 = CARTESIAN_POINT('',(436.229734176,757.416420208,188.95263839));
#6593 = CARTESIAN_POINT('',(436.434472555,757.23529074,188.952642867));
#6594 = CARTESIAN_POINT('',(436.502717561,757.174912991,188.952644866));
#6595 = CARTESIAN_POINT('',(436.570964623,757.114537566,188.952649711));
#6596 = CARTESIAN_POINT('',(436.639211011,757.054161379,188.952652487));
#6597 = PCURVE('',#4617,#6598);
#6598 = DEFINITIONAL_REPRESENTATION('',(#6599),#6603);
#6599 = LINE('',#6600,#6601);
#6600 = CARTESIAN_POINT('',(1.873801110794E-13,8.583981377143E-14));
#6601 = VECTOR('',#6602,1.);
#6602 = DIRECTION('',(-5.73269944908E-14,1.));
#6603 = ( GEOMETRIC_REPRESENTATION_CONTEXT(2) 
PARAMETRIC_REPRESENTATION_CONTEXT() REPRESENTATION_CONTEXT('2D SPACE',''
  ) );
#6604 = PCURVE('',#4583,#6605);
#6605 = DEFINITIONAL_REPRESENTATION('',(#6606),#6619);
#6606 = B_SPLINE_CURVE_WITH_KNOTS('',5,(#6607,#6608,#6609,#6610,#6611,
    #6612,#6613,#6614,#6615,#6616,#6617,#6618),.UNSPECIFIED.,.F.,.F.,(6,
    3,3,6),(-3.66976331407E-15,0.911238685224,1.82247737045,
    2.27809667911),.UNSPECIFIED.);
#6607 = CARTESIAN_POINT('',(-3.240067077596,5.851587512095));
#6608 = CARTESIAN_POINT('',(-3.080639275932,5.939872250102));
#6609 = CARTESIAN_POINT('',(-2.921212754958,6.028159298522));
#6610 = CARTESIAN_POINT('',(-2.761779167393,6.116433586643));
#6611 = CARTESIAN_POINT('',(-2.442917358202,6.29299185003));
#6612 = CARTESIAN_POINT('',(-2.124054856486,6.469548864697));
#6613 = CARTESIAN_POINT('',(-1.964622700402,6.557825738057));
#6614 = CARTESIAN_POINT('',(-1.725477044911,6.69024568945));
#6615 = CARTESIAN_POINT('',(-1.486326564969,6.822656927545));
#6616 = CARTESIAN_POINT('',(-1.406610061824,6.866794582075));
#6617 = CARTESIAN_POINT('',(-1.326891542797,6.910928595749));
#6618 = CARTESIAN_POINT('',(-1.247174113767,6.955064578215));
#6619 = ( GEOMETRIC_REPRESENTATION_CONTEXT(2) 
PARAMETRIC_REPRESENTATION_CONTEXT() REPRESENTATION_CONTEXT('2D SPACE',''
  ) );
#6620 = ADVANCED_FACE('',(#6621),#4583,.F.);
#6621 = FACE_BOUND('',#6622,.F.);
#6622 = EDGE_LOOP('',(#6623,#6649,#6650,#6651));
#6623 = ORIENTED_EDGE('',*,*,#6624,.T.);
#6624 = EDGE_CURVE('',#4503,#6160,#6625,.T.);
#6625 = SURFACE_CURVE('',#6626,(#6633,#6643),.PCURVE_S1.);
#6626 = B_SPLINE_CURVE_WITH_KNOTS('',5,(#6627,#6628,#6629,#6630,#6631,
    #6632),.UNSPECIFIED.,.F.,.F.,(6,6),(0.,3.22157849595),
  .PIECEWISE_BEZIER_KNOTS.);
#6627 = CARTESIAN_POINT('',(440.48075442,764.834103937,199.386297011));
#6628 = CARTESIAN_POINT('',(440.821983818,764.532220088,199.386306737));
#6629 = CARTESIAN_POINT('',(441.163208821,764.230331272,199.386308198));
#6630 = CARTESIAN_POINT('',(441.50442735,763.92843514,199.386297484));
#6631 = CARTESIAN_POINT('',(441.845658636,763.626553424,199.38631076));
#6632 = CARTESIAN_POINT('',(442.186877571,763.324657749,199.386300809));
#6633 = PCURVE('',#4583,#6634);
#6634 = DEFINITIONAL_REPRESENTATION('',(#6635),#6642);
#6635 = B_SPLINE_CURVE_WITH_KNOTS('',5,(#6636,#6637,#6638,#6639,#6640,
    #6641),.UNSPECIFIED.,.F.,.F.,(6,6),(0.,3.22157849595),
  .PIECEWISE_BEZIER_KNOTS.);
#6636 = CARTESIAN_POINT('',(3.240071218478,-5.85159499212));
#6637 = CARTESIAN_POINT('',(3.638655645559,-5.630910115135));
#6638 = CARTESIAN_POINT('',(4.037234938986,-5.41021596761));
#6639 = CARTESIAN_POINT('',(4.435806670013,-5.189508164416));
#6640 = CARTESIAN_POINT('',(4.83439330248,-4.968827269015));
#6641 = CARTESIAN_POINT('',(5.232965508201,-4.748120320525));
#6642 = ( GEOMETRIC_REPRESENTATION_CONTEXT(2) 
PARAMETRIC_REPRESENTATION_CONTEXT() REPRESENTATION_CONTEXT('2D SPACE',''
  ) );
#6643 = PCURVE('',#4524,#6644);
#6644 = DEFINITIONAL_REPRESENTATION('',(#6645),#6648);
#6645 = B_SPLINE_CURVE_WITH_KNOTS('',1,(#6646,#6647),.UNSPECIFIED.,.F.,
  .F.,(2,2),(0.,3.221578495934),.PIECEWISE_BEZIER_KNOTS.);
#6646 = CARTESIAN_POINT('',(5.166942790315E-10,3.493535689519E-10));
#6647 = CARTESIAN_POINT('',(-1.994224467741E-08,2.278029499959));
#6648 = ( GEOMETRIC_REPRESENTATION_CONTEXT(2) 
PARAMETRIC_REPRESENTATION_CONTEXT() REPRESENTATION_CONTEXT('2D SPACE',''
  ) );
#6649 = ORIENTED_EDGE('',*,*,#6210,.F.);
#6650 = ORIENTED_EDGE('',*,*,#6582,.F.);
#6651 = ORIENTED_EDGE('',*,*,#4567,.T.);
#6652 = ADVANCED_FACE('',(#6653),#4524,.F.);
#6653 = FACE_BOUND('',#6654,.F.);
#6654 = EDGE_LOOP('',(#6655,#6708,#6709,#6710));
#6655 = ORIENTED_EDGE('',*,*,#6656,.T.);
#6656 = EDGE_CURVE('',#4475,#6132,#6657,.T.);
#6657 = SURFACE_CURVE('',#6658,(#6665,#6671),.PCURVE_S1.);
#6658 = B_SPLINE_CURVE_WITH_KNOTS('',5,(#6659,#6660,#6661,#6662,#6663,
    #6664),.UNSPECIFIED.,.F.,.F.,(6,6),(-3.9040313767E-14,2.27802949216)
  ,.PIECEWISE_BEZIER_KNOTS.);
#6659 = CARTESIAN_POINT('',(440.682075502,765.061656026,199.739752993));
#6660 = CARTESIAN_POINT('',(441.023306658,764.759774164,199.7397384));
#6661 = CARTESIAN_POINT('',(441.364574754,764.457934056,199.739634693));
#6662 = CARTESIAN_POINT('',(441.705812897,764.156060092,199.739761705));
#6663 = CARTESIAN_POINT('',(442.046948696,763.854070449,199.739651886));
#6664 = CARTESIAN_POINT('',(442.388249757,763.5522676,199.739773209));
#6665 = PCURVE('',#4524,#6666);
#6666 = DEFINITIONAL_REPRESENTATION('',(#6667),#6670);
#6667 = B_SPLINE_CURVE_WITH_KNOTS('',1,(#6668,#6669),.UNSPECIFIED.,.F.,
  .F.,(2,2),(8.542581500535E-11,2.278029464209),
  .PIECEWISE_BEZIER_KNOTS.);
#6668 = CARTESIAN_POINT('',(0.466847689278,2.773209855274E-13));
#6669 = CARTESIAN_POINT('',(0.466847689278,2.27802949216));
#6670 = ( GEOMETRIC_REPRESENTATION_CONTEXT(2) 
PARAMETRIC_REPRESENTATION_CONTEXT() REPRESENTATION_CONTEXT('2D SPACE',''
  ) );
#6671 = PCURVE('',#6672,#6703);
#6672 = B_SPLINE_SURFACE_WITH_KNOTS('',5,1,(
    (#6673,#6674)
    ,(#6675,#6676)
    ,(#6677,#6678)
    ,(#6679,#6680)
    ,(#6681,#6682)
    ,(#6683,#6684)
    ,(#6685,#6686)
    ,(#6687,#6688)
    ,(#6689,#6690)
    ,(#6691,#6692)
    ,(#6693,#6694)
    ,(#6695,#6696)
    ,(#6697,#6698)
    ,(#6699,#6700)
    ,(#6701,#6702
    )),.UNSPECIFIED.,.F.,.F.,.F.,(6,3,3,3,6),(2,2),(0.,2.56407308872,
    6.4101827218,11.5383288993,12.8203654436),(-2.278,7.29230190365E-03)
  ,.UNSPECIFIED.);
#6673 = CARTESIAN_POINT('',(442.388194828,763.552205515,199.739749814));
#6674 = CARTESIAN_POINT('',(440.682073696,765.061653985,199.739749814));
#6675 = CARTESIAN_POINT('',(442.584821862,763.774451947,199.993328075));
#6676 = CARTESIAN_POINT('',(440.914346724,765.324190884,200.121322958));
#6677 = CARTESIAN_POINT('',(442.825440349,764.006324164,200.216536042));
#6678 = CARTESIAN_POINT('',(441.197111587,765.587737592,200.467420575));
#6679 = CARTESIAN_POINT('',(443.103446684,764.246767194,200.410237034));
#6680 = CARTESIAN_POINT('',(441.522375194,765.85222013,200.778463478));
#6681 = CARTESIAN_POINT('',(443.877874651,764.866108496,200.825754771));
#6682 = CARTESIAN_POINT('',(442.425225843,766.514803926,201.473504737));
#6683 = CARTESIAN_POINT('',(444.820537234,765.520027467,201.084273011));
#6684 = CARTESIAN_POINT('',(443.517695589,767.174199002,201.977961547));
#6685 = CARTESIAN_POINT('',(445.430331945,765.918927354,201.190942942));
#6686 = CARTESIAN_POINT('',(444.222740266,767.565168349,202.220666888));
#6687 = CARTESIAN_POINT('',(446.927068657,766.845580641,201.349736765));
#6688 = CARTESIAN_POINT('',(445.952365261,768.450458118,202.672914576));
#6689 = CARTESIAN_POINT('',(448.537360196,767.705238051,201.3449563));
#6690 = CARTESIAN_POINT('',(447.81971967,769.218306611,202.909808066));
#6691 = CARTESIAN_POINT('',(449.468955082,768.149701853,201.309247974));
#6692 = CARTESIAN_POINT('',(448.905805379,769.595133995,202.997137405));
#6693 = CARTESIAN_POINT('',(450.622874015,768.606866666,201.244544209));
#6694 = CARTESIAN_POINT('',(450.26483286,769.946889403,203.067962605));
#6695 = CARTESIAN_POINT('',(451.727656167,768.885949151,201.164433128));
#6696 = CARTESIAN_POINT('',(451.590911394,770.090073477,203.094570844));
#6697 = CARTESIAN_POINT('',(451.946286732,768.934092974,201.147891733));
#6698 = CARTESIAN_POINT('',(451.854460209,770.109774466,203.098161314));
#6699 = CARTESIAN_POINT('',(452.162217225,768.974003643,201.130886711));
#6700 = CARTESIAN_POINT('',(452.115973883,770.119931138,203.1));
#6701 = CARTESIAN_POINT('',(452.375046482,769.005117913,201.113426197));
#6702 = CARTESIAN_POINT('',(452.375046482,770.119931138,203.1));
#6703 = DEFINITIONAL_REPRESENTATION('',(#6704),#6707);
#6704 = B_SPLINE_CURVE_WITH_KNOTS('',1,(#6705,#6706),.UNSPECIFIED.,.F.,
  .F.,(2,2),(8.541105436352E-11,2.278029464209),
  .PIECEWISE_BEZIER_KNOTS.);
#6705 = CARTESIAN_POINT('',(4.141766301158E-06,7.292301611665E-03));
#6706 = CARTESIAN_POINT('',(1.027643886623E-04,-2.277999972355));
#6707 = ( GEOMETRIC_REPRESENTATION_CONTEXT(2) 
PARAMETRIC_REPRESENTATION_CONTEXT() REPRESENTATION_CONTEXT('2D SPACE',''
  ) );
#6708 = ORIENTED_EDGE('',*,*,#6159,.F.);
#6709 = ORIENTED_EDGE('',*,*,#6624,.F.);
#6710 = ORIENTED_EDGE('',*,*,#4502,.T.);
#6711 = ADVANCED_FACE('',(#6712),#4490,.T.);
#6712 = FACE_BOUND('',#6713,.T.);
#6713 = EDGE_LOOP('',(#6714,#6744,#6766,#6767));
#6714 = ORIENTED_EDGE('',*,*,#6715,.F.);
#6715 = EDGE_CURVE('',#6716,#6718,#6720,.T.);
#6716 = VERTEX_POINT('',#6717);
#6717 = CARTESIAN_POINT('',(504.288581517,828.797523221,170.171671043));
#6718 = VERTEX_POINT('',#6719);
#6719 = CARTESIAN_POINT('',(452.375046482,770.119931138,203.1));
#6720 = SURFACE_CURVE('',#6721,(#6725,#6732),.PCURVE_S1.);
#6721 = LINE('',#6722,#6723);
#6722 = CARTESIAN_POINT('',(471.999098149,792.300886575,190.652628332));
#6723 = VECTOR('',#6724,1.);
#6724 = DIRECTION('',(-0.61085961365,-0.690451192164,0.387463138441));
#6725 = PCURVE('',#4490,#6726);
#6726 = DEFINITIONAL_REPRESENTATION('',(#6727),#6731);
#6727 = LINE('',#6728,#6729);
#6728 = CARTESIAN_POINT('',(0.,-1.804210114642E-10));
#6729 = VECTOR('',#6730,1.);
#6730 = DIRECTION('',(0.,1.));
#6731 = ( GEOMETRIC_REPRESENTATION_CONTEXT(2) 
PARAMETRIC_REPRESENTATION_CONTEXT() REPRESENTATION_CONTEXT('2D SPACE',''
  ) );
#6732 = PCURVE('',#6733,#6738);
#6733 = PLANE('',#6734);
#6734 = AXIS2_PLACEMENT_3D('',#6735,#6736,#6737);
#6735 = CARTESIAN_POINT('',(2.85552647638E+03,790.814813225,
    191.486573803));
#6736 = DIRECTION('',(-1.06841432169E-16,0.489382451749,0.872069272432)
  );
#6737 = DIRECTION('',(-1.,2.192910056998E-28,-1.225148454906E-16));
#6738 = DEFINITIONAL_REPRESENTATION('',(#6739),#6743);
#6739 = LINE('',#6740,#6741);
#6740 = CARTESIAN_POINT('',(2.383527378231E+03,-1.704077184338));
#6741 = VECTOR('',#6742,1.);
#6742 = DIRECTION('',(0.61085961365,0.791738929453));
#6743 = ( GEOMETRIC_REPRESENTATION_CONTEXT(2) 
PARAMETRIC_REPRESENTATION_CONTEXT() REPRESENTATION_CONTEXT('2D SPACE',''
  ) );
#6744 = ORIENTED_EDGE('',*,*,#6745,.F.);
#6745 = EDGE_CURVE('',#4302,#6716,#6746,.T.);
#6746 = SURFACE_CURVE('',#6747,(#6754,#6760),.PCURVE_S1.);
#6747 = B_SPLINE_CURVE_WITH_KNOTS('',5,(#6748,#6749,#6750,#6751,#6752,
    #6753),.UNSPECIFIED.,.F.,.F.,(6,6),(0.,14.2677417372),
  .PIECEWISE_BEZIER_KNOTS.);
#6748 = CARTESIAN_POINT('',(498.296943608,830.183418017,163.195118602));
#6749 = CARTESIAN_POINT('',(498.806545368,830.759418583,165.024949542));
#6750 = CARTESIAN_POINT('',(499.776937984,830.928131872,166.855468387));
#6751 = CARTESIAN_POINT('',(501.144974297,830.611690294,168.448395637));
#6752 = CARTESIAN_POINT('',(502.717073221,829.854890975,169.578300972));
#6753 = CARTESIAN_POINT('',(504.288581517,828.797523221,170.171671043));
#6754 = PCURVE('',#4490,#6755);
#6755 = DEFINITIONAL_REPRESENTATION('',(#6756),#6759);
#6756 = B_SPLINE_CURVE_WITH_KNOTS('',1,(#6757,#6758),.UNSPECIFIED.,.F.,
  .F.,(2,2),(0.,14.2677417372),.PIECEWISE_BEZIER_KNOTS.);
#6757 = CARTESIAN_POINT('',(1.240551698131,-52.85910360717));
#6758 = CARTESIAN_POINT('',(1.300817097544E-06,-52.85910360699));
#6759 = ( GEOMETRIC_REPRESENTATION_CONTEXT(2) 
PARAMETRIC_REPRESENTATION_CONTEXT() REPRESENTATION_CONTEXT('2D SPACE',''
  ) );
#6760 = PCURVE('',#4341,#6761);
#6761 = DEFINITIONAL_REPRESENTATION('',(#6762),#6765);
#6762 = B_SPLINE_CURVE_WITH_KNOTS('',1,(#6763,#6764),.UNSPECIFIED.,.F.,
  .F.,(2,2),(0.,14.2677417372),.PIECEWISE_BEZIER_KNOTS.);
#6763 = CARTESIAN_POINT('',(69.9450999372,-2.526221570959E-14));
#6764 = CARTESIAN_POINT('',(69.945110928247,8.321122510667));
#6765 = ( GEOMETRIC_REPRESENTATION_CONTEXT(2) 
PARAMETRIC_REPRESENTATION_CONTEXT() REPRESENTATION_CONTEXT('2D SPACE',''
  ) );
#6766 = ORIENTED_EDGE('',*,*,#4474,.T.);
#6767 = ORIENTED_EDGE('',*,*,#6768,.T.);
#6768 = EDGE_CURVE('',#4475,#6718,#6769,.T.);
#6769 = SURFACE_CURVE('',#6770,(#6789,#6840),.PCURVE_S1.);
#6770 = B_SPLINE_CURVE_WITH_KNOTS('',5,(#6771,#6772,#6773,#6774,#6775,
    #6776,#6777,#6778,#6779,#6780,#6781,#6782,#6783,#6784,#6785,#6786,
    #6787,#6788),.UNSPECIFIED.,.F.,.F.,(6,3,3,3,3,6),(0.,6.68661003633,
    9.28375776863,13.6742446373,16.2925840683,19.4322602639),
  .UNSPECIFIED.);
#6771 = CARTESIAN_POINT('',(440.682075572,765.061656105,199.739752896));
#6772 = CARTESIAN_POINT('',(441.101014974,765.535180306,200.427976172));
#6773 = CARTESIAN_POINT('',(441.687404836,766.01559886,201.006039988));
#6774 = CARTESIAN_POINT('',(442.391433586,766.493555268,201.457706117));
#6775 = CARTESIAN_POINT('',(443.43139125,767.127161725,201.944822436));
#6776 = CARTESIAN_POINT('',(444.549253115,767.722609079,202.289551647));
#6777 = CARTESIAN_POINT('',(444.869660419,767.887210341,202.376829152));
#6778 = CARTESIAN_POINT('',(445.737223792,768.316776897,202.58626684));
#6779 = CARTESIAN_POINT('',(446.63187803,768.71557684,202.73892946));
#6780 = CARTESIAN_POINT('',(447.230282387,768.963046148,202.820825771));
#6781 = CARTESIAN_POINT('',(448.16264835,769.313822685,202.922887225));
#6782 = CARTESIAN_POINT('',(449.113307683,769.605854011,202.993860058));
#6783 = CARTESIAN_POINT('',(449.470700702,769.705613379,203.016496447));
#6784 = CARTESIAN_POINT('',(450.260302696,769.901199202,203.058722158));
#6785 = CARTESIAN_POINT('',(451.059954675,770.037369964,203.084948636));
#6786 = CARTESIAN_POINT('',(451.495561539,770.090792606,203.094724729));
#6787 = CARTESIAN_POINT('',(451.936230791,770.119931138,203.1));
#6788 = CARTESIAN_POINT('',(452.375046482,770.119931138,203.1));
#6789 = PCURVE('',#4490,#6790);
#6790 = DEFINITIONAL_REPRESENTATION('',(#6791),#6839);
#6791 = B_SPLINE_CURVE_WITH_KNOTS('',3,(#6792,#6793,#6794,#6795,#6796,
    #6797,#6798,#6799,#6800,#6801,#6802,#6803,#6804,#6805,#6806,#6807,
    #6808,#6809,#6810,#6811,#6812,#6813,#6814,#6815,#6816,#6817,#6818,
    #6819,#6820,#6821,#6822,#6823,#6824,#6825,#6826,#6827,#6828,#6829,
    #6830,#6831,#6832,#6833,#6834,#6835,#6836,#6837,#6838),
  .UNSPECIFIED.,.F.,.F.,(4,1,1,1,1,1,1,1,1,1,1,1,1,1,1,1,1,1,1,1,1,1,1,1
    ,1,1,1,1,1,1,1,1,1,1,1,1,1,1,1,1,1,1,1,1,4),(0.,0.441642278725,
    0.88328455745,1.324926836175,1.7665691149,2.208211393625,
    2.64985367235,3.091495951075,3.5331382298,3.974780508525,
    4.41642278725,4.858065065975,5.2997073447,5.741349623425,
    6.18299190215,6.624634180875,7.0662764596,7.507918738325,
    7.94956101705,8.391203295775,8.8328455745,9.274487853225,
    9.71613013195,10.157772410675,10.5994146894,11.041056968125,
    11.48269924685,11.924341525575,12.3659838043,12.807626083025,
    13.24926836175,13.690910640475,14.1325529192,14.574195197925,
    15.01583747665,15.457479755375,15.8991220341,16.340764312825,
    16.78240659155,17.224048870275,17.665691149,18.107333427725,
    18.54897570645,18.990617985175,19.4322602639),
  .QUASI_UNIFORM_KNOTS.);
#6792 = CARTESIAN_POINT('',(1.240551019813,41.45858926649));
#6793 = CARTESIAN_POINT('',(1.228449563079,41.423787491372));
#6794 = CARTESIAN_POINT('',(1.204453387873,41.349807555922));
#6795 = CARTESIAN_POINT('',(1.169091689226,41.226352255046));
#6796 = CARTESIAN_POINT('',(1.134376270971,41.091032033829));
#6797 = CARTESIAN_POINT('',(1.100316065364,40.944548851671));
#6798 = CARTESIAN_POINT('',(1.066916845155,40.787640406941));
#6799 = CARTESIAN_POINT('',(1.034180664238,40.621074721763));
#6800 = CARTESIAN_POINT('',(1.002105783483,40.44563392103));
#6801 = CARTESIAN_POINT('',(0.970686368903,40.262100906674));
#6802 = CARTESIAN_POINT('',(0.939912157153,40.071245256655));
#6803 = CARTESIAN_POINT('',(0.909768040737,39.873809329856));
#6804 = CARTESIAN_POINT('',(0.880233592994,39.670494322595));
#6805 = CARTESIAN_POINT('',(0.8512825286,39.461946312796));
#6806 = CARTESIAN_POINT('',(0.822882127187,39.248742401879));
#6807 = CARTESIAN_POINT('',(0.794992545771,39.031376478144));
#6808 = CARTESIAN_POINT('',(0.767566321956,38.810246396439));
#6809 = CARTESIAN_POINT('',(0.740546966735,38.585635871206));
#6810 = CARTESIAN_POINT('',(0.713849988235,38.357514563369));
#6811 = CARTESIAN_POINT('',(0.687442805073,38.126281920611));
#6812 = CARTESIAN_POINT('',(0.66132246612,37.892574657856));
#6813 = CARTESIAN_POINT('',(0.635489764708,37.657039952527));
#6814 = CARTESIAN_POINT('',(0.609927705914,37.420150294464));
#6815 = CARTESIAN_POINT('',(0.584566119424,37.181884622538));
#6816 = CARTESIAN_POINT('',(0.5592559396,36.941414883735));
#6817 = CARTESIAN_POINT('',(0.533923005288,36.698639140205));
#6818 = CARTESIAN_POINT('',(0.508542171954,36.453925931381));
#6819 = CARTESIAN_POINT('',(0.483124252241,36.207985993072));
#6820 = CARTESIAN_POINT('',(0.457698950462,35.961709881999));
#6821 = CARTESIAN_POINT('',(0.432298553912,35.716014613447));
#6822 = CARTESIAN_POINT('',(0.406941434409,35.471688341016));
#6823 = CARTESIAN_POINT('',(0.38161571905,35.229233854866));
#6824 = CARTESIAN_POINT('',(0.356263981342,34.988718763864));
#6825 = CARTESIAN_POINT('',(0.330766472877,34.749600188303));
#6826 = CARTESIAN_POINT('',(0.305090848578,34.512215696025));
#6827 = CARTESIAN_POINT('',(0.279205358215,34.276939053032));
#6828 = CARTESIAN_POINT('',(0.253075272267,34.044139251689));
#6829 = CARTESIAN_POINT('',(0.226662425286,33.814172563655));
#6830 = CARTESIAN_POINT('',(0.199920698469,33.587342273547));
#6831 = CARTESIAN_POINT('',(0.172804386539,33.36395530143));
#6832 = CARTESIAN_POINT('',(0.145300579169,33.144637306002));
#6833 = CARTESIAN_POINT('',(0.117362064994,32.929816748485));
#6834 = CARTESIAN_POINT('',(8.892822975878E-02,32.719872161418));
#6835 = CARTESIAN_POINT('',(5.993729195741E-02,32.515214861674));
#6836 = CARTESIAN_POINT('',(3.033584445228E-02,32.316347599611));
#6837 = CARTESIAN_POINT('',(1.018438060907E-02,32.188171879509));
#6838 = CARTESIAN_POINT('',(0.,32.125305436011));
#6839 = ( GEOMETRIC_REPRESENTATION_CONTEXT(2) 
PARAMETRIC_REPRESENTATION_CONTEXT() REPRESENTATION_CONTEXT('2D SPACE',''
  ) );
#6840 = PCURVE('',#6672,#6841);
#6841 = DEFINITIONAL_REPRESENTATION('',(#6842),#6890);
#6842 = B_SPLINE_CURVE_WITH_KNOTS('',3,(#6843,#6844,#6845,#6846,#6847,
    #6848,#6849,#6850,#6851,#6852,#6853,#6854,#6855,#6856,#6857,#6858,
    #6859,#6860,#6861,#6862,#6863,#6864,#6865,#6866,#6867,#6868,#6869,
    #6870,#6871,#6872,#6873,#6874,#6875,#6876,#6877,#6878,#6879,#6880,
    #6881,#6882,#6883,#6884,#6885,#6886,#6887,#6888,#6889),
  .UNSPECIFIED.,.F.,.F.,(4,1,1,1,1,1,1,1,1,1,1,1,1,1,1,1,1,1,1,1,1,1,1,1
    ,1,1,1,1,1,1,1,1,1,1,1,1,1,1,1,1,1,1,1,1,4),(0.,0.441642278725,
    0.88328455745,1.324926836175,1.7665691149,2.208211393625,
    2.64985367235,3.091495951075,3.5331382298,3.974780508525,
    4.41642278725,4.858065065975,5.2997073447,5.741349623425,
    6.18299190215,6.624634180875,7.0662764596,7.507918738325,
    7.94956101705,8.391203295775,8.8328455745,9.274487853225,
    9.71613013195,10.157772410675,10.5994146894,11.041056968125,
    11.48269924685,11.924341525575,12.3659838043,12.807626083025,
    13.24926836175,13.690910640475,14.1325529192,14.574195197925,
    15.01583747665,15.457479755375,15.8991220341,16.340764312825,
    16.78240659155,17.224048870275,17.665691149,18.107333427725,
    18.54897570645,18.990617985175,19.4322602639),
  .QUASI_UNIFORM_KNOTS.);
#6843 = CARTESIAN_POINT('',(4.14174154175E-06,7.29230190365E-03));
#6844 = CARTESIAN_POINT('',(0.101822423703,7.292334584019E-03));
#6845 = CARTESIAN_POINT('',(0.305663930803,7.292280991407E-03));
#6846 = CARTESIAN_POINT('',(0.611711324482,7.291566510372E-03));
#6847 = CARTESIAN_POINT('',(0.917713536775,7.289777914949E-03));
#6848 = CARTESIAN_POINT('',(1.223342415951,7.287044948583E-03));
#6849 = CARTESIAN_POINT('',(1.528276533553,7.283729802058E-03));
#6850 = CARTESIAN_POINT('',(1.832207867748,7.280295685449E-03));
#6851 = CARTESIAN_POINT('',(2.134849657623,7.277217832798E-03));
#6852 = CARTESIAN_POINT('',(2.435944824894,7.274928686113E-03));
#6853 = CARTESIAN_POINT('',(2.735274996624,7.274423469075E-03));
#6854 = CARTESIAN_POINT('',(3.032668007273,7.275879887423E-03));
#6855 = CARTESIAN_POINT('',(3.328007384448,7.278557377814E-03));
#6856 = CARTESIAN_POINT('',(3.621241756843,7.281768391331E-03));
#6857 = CARTESIAN_POINT('',(3.91239323477,7.284556817866E-03));
#6858 = CARTESIAN_POINT('',(4.20156731543,7.28598192245E-03));
#6859 = CARTESIAN_POINT('',(4.488961031356,7.285980264154E-03));
#6860 = CARTESIAN_POINT('',(4.774880546317,7.285638535312E-03));
#6861 = CARTESIAN_POINT('',(5.059965628514,7.268114349972E-03));
#6862 = CARTESIAN_POINT('',(5.344296849745,7.257590968157E-03));
#6863 = CARTESIAN_POINT('',(5.627648454576,7.268621935503E-03));
#6864 = CARTESIAN_POINT('',(5.909770496101,7.289098863661E-03));
#6865 = CARTESIAN_POINT('',(6.190614842974,7.29390520282E-03));
#6866 = CARTESIAN_POINT('',(6.470712291439,7.288686063607E-03));
#6867 = CARTESIAN_POINT('',(6.751497641809,7.194547910615E-03));
#6868 = CARTESIAN_POINT('',(7.033556517389,7.044758639119E-03));
#6869 = CARTESIAN_POINT('',(7.316930877712,6.911277945238E-03));
#6870 = CARTESIAN_POINT('',(7.601269516534,6.857274477657E-03));
#6871 = CARTESIAN_POINT('',(7.886016090883,6.907065435859E-03));
#6872 = CARTESIAN_POINT('',(8.170584815646,7.03640073614E-03));
#6873 = CARTESIAN_POINT('',(8.454538495516,7.182237560053E-03));
#6874 = CARTESIAN_POINT('',(8.737769717513,7.273355360428E-03));
#6875 = CARTESIAN_POINT('',(9.020677452572,7.276547240152E-03));
#6876 = CARTESIAN_POINT('',(9.304378403792,7.276315352093E-03));
#6877 = CARTESIAN_POINT('',(9.58898893129,7.277131348315E-03));
#6878 = CARTESIAN_POINT('',(9.874602289579,7.279196179664E-03));
#6879 = CARTESIAN_POINT('',(10.161336026626,7.283168314993E-03));
#6880 = CARTESIAN_POINT('',(10.449340988894,7.287958910802E-03));
#6881 = CARTESIAN_POINT('',(10.738853575017,7.289257472663E-03));
#6882 = CARTESIAN_POINT('',(11.030118581482,7.295530353811E-03));
#6883 = CARTESIAN_POINT('',(11.323002953777,7.322633688645E-03));
#6884 = CARTESIAN_POINT('',(11.617692420399,7.345311281533E-03));
#6885 = CARTESIAN_POINT('',(11.914495620726,7.34453501062E-03));
#6886 = CARTESIAN_POINT('',(12.213727003419,7.320026119035E-03));
#6887 = CARTESIAN_POINT('',(12.515612828927,7.295730817396E-03));
#6888 = CARTESIAN_POINT('',(12.71851479702,7.289775478279E-03));
#6889 = CARTESIAN_POINT('',(12.8203654436,7.29230190365E-03));
#6890 = ( GEOMETRIC_REPRESENTATION_CONTEXT(2) 
PARAMETRIC_REPRESENTATION_CONTEXT() REPRESENTATION_CONTEXT('2D SPACE',''
  ) );
#6891 = ADVANCED_FACE('',(#6892),#4341,.T.);
#6892 = FACE_BOUND('',#6893,.T.);
#6893 = EDGE_LOOP('',(#6894,#6895,#6951,#6977));
#6894 = ORIENTED_EDGE('',*,*,#6745,.T.);
#6895 = ORIENTED_EDGE('',*,*,#6896,.F.);
#6896 = EDGE_CURVE('',#6897,#6716,#6899,.T.);
#6897 = VERTEX_POINT('',#6898);
#6898 = CARTESIAN_POINT('',(508.354384277,837.478005263,155.346505656));
#6899 = SURFACE_CURVE('',#6900,(#6910,#6917),.PCURVE_S1.);
#6900 = B_SPLINE_CURVE_WITH_KNOTS('',5,(#6901,#6902,#6903,#6904,#6905,
    #6906,#6907,#6908,#6909),.UNSPECIFIED.,.F.,.F.,(6,3,6),(
    54.9665776049,65.2039152079,69.9450999372),.UNSPECIFIED.);
#6901 = CARTESIAN_POINT('',(508.354384277,837.478005263,155.346505656));
#6902 = CARTESIAN_POINT('',(508.354389519,837.478016421,157.928713158));
#6903 = CARTESIAN_POINT('',(508.124937168,836.988135862,160.511923604));
#6904 = CARTESIAN_POINT('',(507.664623785,836.005365513,162.919978832));
#6905 = CARTESIAN_POINT('',(506.741123385,834.033692785,166.002399106));
#6906 = CARTESIAN_POINT('',(505.545415881,831.480856151,168.375228032));
#6907 = CARTESIAN_POINT('',(505.144057302,830.623955194,169.050956856));
#6908 = CARTESIAN_POINT('',(504.723901469,829.726922254,169.650112074));
#6909 = CARTESIAN_POINT('',(504.288589374,828.797530772,170.171663689));
#6910 = PCURVE('',#4341,#6911);
#6911 = DEFINITIONAL_REPRESENTATION('',(#6912),#6916);
#6912 = LINE('',#6913,#6914);
#6913 = CARTESIAN_POINT('',(1.42108547152E-14,8.321125487809));
#6914 = VECTOR('',#6915,1.);
#6915 = DIRECTION('',(1.,1.29267020604E-14));
#6916 = ( GEOMETRIC_REPRESENTATION_CONTEXT(2) 
PARAMETRIC_REPRESENTATION_CONTEXT() REPRESENTATION_CONTEXT('2D SPACE',''
  ) );
#6917 = PCURVE('',#6918,#6923);
#6918 = CYLINDRICAL_SURFACE('',#6919,17.);
#6919 = AXIS2_PLACEMENT_3D('',#6920,#6921,#6922);
#6920 = CARTESIAN_POINT('',(484.90244428,820.478,155.3465055));
#6921 = DIRECTION('',(1.,0.,0.));
#6922 = DIRECTION('',(-0.,1.,0.));
#6923 = DEFINITIONAL_REPRESENTATION('',(#6924),#6950);
#6924 = B_SPLINE_CURVE_WITH_KNOTS('',3,(#6925,#6926,#6927,#6928,#6929,
    #6930,#6931,#6932,#6933,#6934,#6935,#6936,#6937,#6938,#6939,#6940,
    #6941,#6942,#6943,#6944,#6945,#6946,#6947,#6948,#6949),
  .UNSPECIFIED.,.F.,.F.,(4,1,1,1,1,1,1,1,1,1,1,1,1,1,1,1,1,1,1,1,1,1,4),
  (54.9665776049,55.647419529095,56.328261453291,57.009103377486,
    57.689945301682,58.370787225877,59.051629150073,59.732471074268,
    60.413312998464,61.094154922659,61.774996846855,62.45583877105,
    63.136680695245,63.817522619441,64.498364543636,65.179206467832,
    65.860048392027,66.540890316223,67.221732240418,67.902574164614,
    68.583416088809,69.264258013005,69.9450999372),.UNSPECIFIED.);
#6925 = CARTESIAN_POINT('',(9.176467670641E-09,23.451939997));
#6926 = CARTESIAN_POINT('',(1.68369324969E-02,23.451951376118));
#6927 = CARTESIAN_POINT('',(5.051061682536E-02,23.445166838578));
#6928 = CARTESIAN_POINT('',(0.100976348062,23.414756418599));
#6929 = CARTESIAN_POINT('',(0.151350935224,23.364252625513));
#6930 = CARTESIAN_POINT('',(0.201595171238,23.293963815722));
#6931 = CARTESIAN_POINT('',(0.251673319917,23.204293168329));
#6932 = CARTESIAN_POINT('',(0.301553195936,23.095742947769));
#6933 = CARTESIAN_POINT('',(0.351205551257,22.968897985453));
#6934 = CARTESIAN_POINT('',(0.400603952707,22.824414729583));
#6935 = CARTESIAN_POINT('',(0.449724816878,22.663008803265));
#6936 = CARTESIAN_POINT('',(0.498547666809,22.485442961278));
#6937 = CARTESIAN_POINT('',(0.547055558555,22.2925149439));
#6938 = CARTESIAN_POINT('',(0.595235657167,22.085045343851));
#6939 = CARTESIAN_POINT('',(0.643079903314,21.863865523728));
#6940 = CARTESIAN_POINT('',(0.690585811734,21.629805318354));
#6941 = CARTESIAN_POINT('',(0.737757065653,21.383681546946));
#6942 = CARTESIAN_POINT('',(0.784604969814,21.126283501143));
#6943 = CARTESIAN_POINT('',(0.831136386898,20.858383284587));
#6944 = CARTESIAN_POINT('',(0.877360973272,20.580737647168));
#6945 = CARTESIAN_POINT('',(0.92329086529,20.294085263352));
#6946 = CARTESIAN_POINT('',(0.968939674258,19.999145606193));
#6947 = CARTESIAN_POINT('',(1.014321847706,19.696620576183));
#6948 = CARTESIAN_POINT('',(1.044408812748,19.490329202392));
#6949 = CARTESIAN_POINT('',(1.059412803889,19.386145094));
#6950 = ( GEOMETRIC_REPRESENTATION_CONTEXT(2) 
PARAMETRIC_REPRESENTATION_CONTEXT() REPRESENTATION_CONTEXT('2D SPACE',''
  ) );
#6951 = ORIENTED_EDGE('',*,*,#6952,.F.);
#6952 = EDGE_CURVE('',#4274,#6897,#6953,.T.);
#6953 = SURFACE_CURVE('',#6954,(#6964,#6971),.PCURVE_S1.);
#6954 = B_SPLINE_CURVE_WITH_KNOTS('',5,(#6955,#6956,#6957,#6958,#6959,
    #6960,#6961,#6962,#6963),.UNSPECIFIED.,.F.,.F.,(6,3,6),(0.,
    4.1605627439,8.32112548781),.UNSPECIFIED.);
#6955 = CARTESIAN_POINT('',(502.36273851,834.778963171,155.3465055));
#6956 = CARTESIAN_POINT('',(502.811455641,835.28614877,155.346505517));
#6957 = CARTESIAN_POINT('',(503.313837636,835.745856066,155.346505535));
#6958 = CARTESIAN_POINT('',(503.863192086,836.150506676,155.346505552));
#6959 = CARTESIAN_POINT('',(505.039202254,836.83743535,155.346505586));
#6960 = CARTESIAN_POINT('',(506.332928927,837.263043022,155.346505617));
#6961 = CARTESIAN_POINT('',(507.000007382,837.406355984,155.346505631));
#6962 = CARTESIAN_POINT('',(507.677195963,837.478006976,155.346505644));
#6963 = CARTESIAN_POINT('',(508.354384277,837.478005263,155.346505656));
#6964 = PCURVE('',#4341,#6965);
#6965 = DEFINITIONAL_REPRESENTATION('',(#6966),#6970);
#6966 = LINE('',#6967,#6968);
#6967 = CARTESIAN_POINT('',(54.9665776049,7.957242260655E-14));
#6968 = VECTOR('',#6969,1.);
#6969 = DIRECTION('',(1.110072859544E-14,1.));
#6970 = ( GEOMETRIC_REPRESENTATION_CONTEXT(2) 
PARAMETRIC_REPRESENTATION_CONTEXT() REPRESENTATION_CONTEXT('2D SPACE',''
  ) );
#6971 = PCURVE('',#4289,#6972);
#6972 = DEFINITIONAL_REPRESENTATION('',(#6973),#6976);
#6973 = B_SPLINE_CURVE_WITH_KNOTS('',1,(#6974,#6975),.UNSPECIFIED.,.F.,
  .F.,(2,2),(0.,8.32112548781),.PIECEWISE_BEZIER_KNOTS.);
#6974 = CARTESIAN_POINT('',(0.846484222349,32.588734141));
#6975 = CARTESIAN_POINT('',(-3.081247719194E-07,32.588734297));
#6976 = ( GEOMETRIC_REPRESENTATION_CONTEXT(2) 
PARAMETRIC_REPRESENTATION_CONTEXT() REPRESENTATION_CONTEXT('2D SPACE',''
  ) );
#6977 = ORIENTED_EDGE('',*,*,#4301,.T.);
#6978 = ADVANCED_FACE('',(#6979),#4289,.T.);
#6979 = FACE_BOUND('',#6980,.T.);
#6980 = EDGE_LOOP('',(#6981,#6982,#7010,#7031));
#6981 = ORIENTED_EDGE('',*,*,#6952,.T.);
#6982 = ORIENTED_EDGE('',*,*,#6983,.F.);
#6983 = EDGE_CURVE('',#6984,#6897,#6986,.T.);
#6984 = VERTEX_POINT('',#6985);
#6985 = CARTESIAN_POINT('',(508.354381812,837.478,121.433873902));
#6986 = SURFACE_CURVE('',#6987,(#6991,#6998),.PCURVE_S1.);
#6987 = LINE('',#6988,#6989);
#6988 = CARTESIAN_POINT('',(508.354381812,837.478,122.75777136));
#6989 = VECTOR('',#6990,1.);
#6990 = DIRECTION('',(0.,0.,1.));
#6991 = PCURVE('',#4289,#6992);
#6992 = DEFINITIONAL_REPRESENTATION('',(#6993),#6997);
#6993 = LINE('',#6994,#6995);
#6994 = CARTESIAN_POINT('',(0.,1.000003635454E-09));
#6995 = VECTOR('',#6996,1.);
#6996 = DIRECTION('',(0.,1.));
#6997 = ( GEOMETRIC_REPRESENTATION_CONTEXT(2) 
PARAMETRIC_REPRESENTATION_CONTEXT() REPRESENTATION_CONTEXT('2D SPACE',''
  ) );
#6998 = PCURVE('',#6999,#7004);
#6999 = PLANE('',#7000);
#7000 = AXIS2_PLACEMENT_3D('',#7001,#7002,#7003);
#7001 = CARTESIAN_POINT('',(2.61865302734E+03,837.478,140.1));
#7002 = DIRECTION('',(-0.,-1.,-0.));
#7003 = DIRECTION('',(-1.,0.,0.));
#7004 = DEFINITIONAL_REPRESENTATION('',(#7005),#7009);
#7005 = LINE('',#7006,#7007);
#7006 = CARTESIAN_POINT('',(2.110298645528E+03,17.34222864));
#7007 = VECTOR('',#7008,1.);
#7008 = DIRECTION('',(0.,-1.));
#7009 = ( GEOMETRIC_REPRESENTATION_CONTEXT(2) 
PARAMETRIC_REPRESENTATION_CONTEXT() REPRESENTATION_CONTEXT('2D SPACE',''
  ) );
#7010 = ORIENTED_EDGE('',*,*,#7011,.T.);
#7011 = EDGE_CURVE('',#6984,#4156,#7012,.T.);
#7012 = SURFACE_CURVE('',#7013,(#7018,#7025),.PCURVE_S1.);
#7013 = CIRCLE('',#7014,8.);
#7014 = AXIS2_PLACEMENT_3D('',#7015,#7016,#7017);
#7015 = CARTESIAN_POINT('',(508.354381812,829.478,121.433873902));
#7016 = DIRECTION('',(0.,-0.,1.));
#7017 = DIRECTION('',(1.,0.,0.));
#7018 = PCURVE('',#4289,#7019);
#7019 = DEFINITIONAL_REPRESENTATION('',(#7020),#7024);
#7020 = LINE('',#7021,#7022);
#7021 = CARTESIAN_POINT('',(-1.570796326795,-1.323897457));
#7022 = VECTOR('',#7023,1.);
#7023 = DIRECTION('',(1.,0.));
#7024 = ( GEOMETRIC_REPRESENTATION_CONTEXT(2) 
PARAMETRIC_REPRESENTATION_CONTEXT() REPRESENTATION_CONTEXT('2D SPACE',''
  ) );
#7025 = PCURVE('',#4189,#7026);
#7026 = DEFINITIONAL_REPRESENTATION('',(#7027),#7030);
#7027 = B_SPLINE_CURVE_WITH_KNOTS('',1,(#7028,#7029),.UNSPECIFIED.,.F.,
  .F.,(2,2),(1.570796326795,2.417281013961),.PIECEWISE_BEZIER_KNOTS.);
#7028 = CARTESIAN_POINT('',(68.3031245062,7.78016556511));
#7029 = CARTESIAN_POINT('',(68.3031245062,-2.407223328546E-13));
#7030 = ( GEOMETRIC_REPRESENTATION_CONTEXT(2) 
PARAMETRIC_REPRESENTATION_CONTEXT() REPRESENTATION_CONTEXT('2D SPACE',''
  ) );
#7031 = ORIENTED_EDGE('',*,*,#4273,.T.);
#7032 = ADVANCED_FACE('',(#7033),#4189,.T.);
#7033 = FACE_BOUND('',#7034,.T.);
#7034 = EDGE_LOOP('',(#7035,#7036,#7037,#7093));
#7035 = ORIENTED_EDGE('',*,*,#4155,.T.);
#7036 = ORIENTED_EDGE('',*,*,#7011,.F.);
#7037 = ORIENTED_EDGE('',*,*,#7038,.F.);
#7038 = EDGE_CURVE('',#7039,#6984,#7041,.T.);
#7039 = VERTEX_POINT('',#7040);
#7040 = CARTESIAN_POINT('',(505.872906594,832.180049358,109.102538813));
#7041 = SURFACE_CURVE('',#7042,(#7052,#7059),.PCURVE_S1.);
#7042 = B_SPLINE_CURVE_WITH_KNOTS('',5,(#7043,#7044,#7045,#7046,#7047,
    #7048,#7049,#7050,#7051),.UNSPECIFIED.,.F.,.F.,(6,3,6),(
    57.0745201071,61.6899682235,68.3031245062),.UNSPECIFIED.);
#7043 = CARTESIAN_POINT('',(505.872906594,832.180049358,109.102538813));
#7044 = CARTESIAN_POINT('',(506.239094563,832.961860931,109.844456145));
#7045 = CARTESIAN_POINT('',(506.581986881,833.693936212,110.656925406));
#7046 = CARTESIAN_POINT('',(506.897492562,834.367540877,111.537109931));
#7047 = CARTESIAN_POINT('',(507.587401725,835.840496887,113.831250648));
#7048 = CARTESIAN_POINT('',(508.063708792,836.857413293,116.449665076));
#7049 = CARTESIAN_POINT('',(508.257482955,837.27112089,118.079142198));
#7050 = CARTESIAN_POINT('',(508.354381812,837.478,119.756508142));
#7051 = CARTESIAN_POINT('',(508.354381812,837.478,121.433873902));
#7052 = PCURVE('',#4189,#7053);
#7053 = DEFINITIONAL_REPRESENTATION('',(#7054),#7058);
#7054 = LINE('',#7055,#7056);
#7055 = CARTESIAN_POINT('',(1.42108547152E-14,7.78016556511));
#7056 = VECTOR('',#7057,1.);
#7057 = DIRECTION('',(1.,-1.819291421002E-15));
#7058 = ( GEOMETRIC_REPRESENTATION_CONTEXT(2) 
PARAMETRIC_REPRESENTATION_CONTEXT() REPRESENTATION_CONTEXT('2D SPACE',''
  ) );
#7059 = PCURVE('',#7060,#7065);
#7060 = CYLINDRICAL_SURFACE('',#7061,17.);
#7061 = AXIS2_PLACEMENT_3D('',#7062,#7063,#7064);
#7062 = CARTESIAN_POINT('',(480.120792881,820.478,121.433873902));
#7063 = DIRECTION('',(-1.,0.,0.));
#7064 = DIRECTION('',(0.,1.,3.33066907388E-16));
#7065 = DEFINITIONAL_REPRESENTATION('',(#7066),#7092);
#7066 = B_SPLINE_CURVE_WITH_KNOTS('',3,(#7067,#7068,#7069,#7070,#7071,
    #7072,#7073,#7074,#7075,#7076,#7077,#7078,#7079,#7080,#7081,#7082,
    #7083,#7084,#7085,#7086,#7087,#7088,#7089,#7090,#7091),
  .UNSPECIFIED.,.F.,.F.,(4,1,1,1,1,1,1,1,1,1,1,1,1,1,1,1,1,1,1,1,1,1,4),
  (57.0745201071,57.58491121615,58.0953023252,58.60569343425,
    59.1160845433,59.62647565235,60.1368667614,60.64725787045,
    61.1576489795,61.66804008855,62.1784311976,62.68882230665,
    63.1992134157,63.70960452475,64.2199956338,64.73038674285,
    65.2407778519,65.75116896095,66.26156007,66.77195117905,
    67.2823422881,67.79273339715,68.3031245062),.QUASI_UNIFORM_KNOTS.);
#7067 = CARTESIAN_POINT('',(0.811575998666,-25.752113713));
#7068 = CARTESIAN_POINT('',(0.799891014238,-25.8196036161));
#7069 = CARTESIAN_POINT('',(0.776460893262,-25.95268621787));
#7070 = CARTESIAN_POINT('',(0.741133107289,-26.14627611452));
#7071 = CARTESIAN_POINT('',(0.705620251335,-26.33349161219));
#7072 = CARTESIAN_POINT('',(0.669920970574,-26.51398531893));
#7073 = CARTESIAN_POINT('',(0.634034601524,-26.68740730442));
#7074 = CARTESIAN_POINT('',(0.597961274067,-26.85340595477));
#7075 = CARTESIAN_POINT('',(0.561701903706,-27.01162979155));
#7076 = CARTESIAN_POINT('',(0.525258230645,-27.1617290396));
#7077 = CARTESIAN_POINT('',(0.488632908738,-27.30335723525));
#7078 = CARTESIAN_POINT('',(0.451829471199,-27.43617292456));
#7079 = CARTESIAN_POINT('',(0.414855363182,-27.55983217552));
#7080 = CARTESIAN_POINT('',(0.377719155064,-27.67400406779));
#7081 = CARTESIAN_POINT('',(0.340430344115,-27.77837337024));
#7082 = CARTESIAN_POINT('',(0.302999353567,-27.87264297789));
#7083 = CARTESIAN_POINT('',(0.265437507224,-27.95653641095));
#7084 = CARTESIAN_POINT('',(0.227757043198,-28.02980030546));
#7085 = CARTESIAN_POINT('',(0.189971151123,-28.09220687539));
#7086 = CARTESIAN_POINT('',(0.152094046066,-28.14355649715));
#7087 = CARTESIAN_POINT('',(0.114141053008,-28.1836798332));
#7088 = CARTESIAN_POINT('',(7.612880080197E-02,-28.21244167675));
#7089 = CARTESIAN_POINT('',(3.807515995208E-02,-28.22973837299));
#7090 = CARTESIAN_POINT('',(1.269191189759E-02,-28.23359226637));
#7091 = CARTESIAN_POINT('',(0.,-28.233588931));
#7092 = ( GEOMETRIC_REPRESENTATION_CONTEXT(2) 
PARAMETRIC_REPRESENTATION_CONTEXT() REPRESENTATION_CONTEXT('2D SPACE',''
  ) );
#7093 = ORIENTED_EDGE('',*,*,#7094,.F.);
#7094 = EDGE_CURVE('',#4128,#7039,#7095,.T.);
#7095 = SURFACE_CURVE('',#7096,(#7103,#7109),.PCURVE_S1.);
#7096 = B_SPLINE_CURVE_WITH_KNOTS('',5,(#7097,#7098,#7099,#7100,#7101,
    #7102),.UNSPECIFIED.,.F.,.F.,(6,6),(0.,7.78016556511),
  .PIECEWISE_BEZIER_KNOTS.);
#7097 = CARTESIAN_POINT('',(499.881260828,831.974162877,114.905519967));
#7098 = CARTESIAN_POINT('',(500.555134056,832.735830234,113.47464013));
#7099 = CARTESIAN_POINT('',(501.589635667,833.178440549,112.043760293));
#7100 = CARTESIAN_POINT('',(502.918106332,833.224089801,110.75712044));
#7101 = CARTESIAN_POINT('',(504.395506463,832.867794103,109.755193158));
#7102 = CARTESIAN_POINT('',(505.872906594,832.180049358,109.102538813));
#7103 = PCURVE('',#4189,#7104);
#7104 = DEFINITIONAL_REPRESENTATION('',(#7105),#7108);
#7105 = B_SPLINE_CURVE_WITH_KNOTS('',1,(#7106,#7107),.UNSPECIFIED.,.F.,
  .F.,(2,2),(3.375106362767E-06,7.78016556511),
  .PIECEWISE_BEZIER_KNOTS.);
#7106 = CARTESIAN_POINT('',(57.0745201071,3.375106378113E-06));
#7107 = CARTESIAN_POINT('',(57.0745201071,7.78016556511));
#7108 = ( GEOMETRIC_REPRESENTATION_CONTEXT(2) 
PARAMETRIC_REPRESENTATION_CONTEXT() REPRESENTATION_CONTEXT('2D SPACE',''
  ) );
#7109 = PCURVE('',#4143,#7110);
#7110 = DEFINITIONAL_REPRESENTATION('',(#7111),#7114);
#7111 = B_SPLINE_CURVE_WITH_KNOTS('',1,(#7112,#7113),.UNSPECIFIED.,.F.,
  .F.,(2,2),(3.375106373802E-06,7.78016556511),
  .PIECEWISE_BEZIER_KNOTS.);
#7112 = CARTESIAN_POINT('',(1.097168737394,62.717394799202));
#7113 = CARTESIAN_POINT('',(1.361623233784E-06,62.717409065979));
#7114 = ( GEOMETRIC_REPRESENTATION_CONTEXT(2) 
PARAMETRIC_REPRESENTATION_CONTEXT() REPRESENTATION_CONTEXT('2D SPACE',''
  ) );
#7115 = ADVANCED_FACE('',(#7116),#4143,.T.);
#7116 = FACE_BOUND('',#7117,.T.);
#7117 = EDGE_LOOP('',(#7118,#7146,#7298,#7299));
#7118 = ORIENTED_EDGE('',*,*,#7119,.F.);
#7119 = EDGE_CURVE('',#7120,#7039,#7122,.T.);
#7120 = VERTEX_POINT('',#7121);
#7121 = CARTESIAN_POINT('',(443.77898393,761.995626882,42.4999999994));
#7122 = SURFACE_CURVE('',#7123,(#7127,#7134),.PCURVE_S1.);
#7123 = LINE('',#7124,#7125);
#7124 = CARTESIAN_POINT('',(471.999098149,793.892663566,72.7691575959));
#7125 = VECTOR('',#7126,1.);
#7126 = DIRECTION('',(0.540102311575,0.610474610834,0.579318774561));
#7127 = PCURVE('',#4143,#7128);
#7128 = DEFINITIONAL_REPRESENTATION('',(#7129),#7133);
#7129 = LINE('',#7130,#7131);
#7130 = CARTESIAN_POINT('',(0.,-5.711768835681E-10));
#7131 = VECTOR('',#7132,1.);
#7132 = DIRECTION('',(0.,1.));
#7133 = ( GEOMETRIC_REPRESENTATION_CONTEXT(2) 
PARAMETRIC_REPRESENTATION_CONTEXT() REPRESENTATION_CONTEXT('2D SPACE',''
  ) );
#7134 = PCURVE('',#7135,#7140);
#7135 = PLANE('',#7136);
#7136 = AXIS2_PLACEMENT_3D('',#7137,#7138,#7139);
#7137 = CARTESIAN_POINT('',(234.761992312,811.468071723,89.4475971828));
#7138 = DIRECTION('',(0.,0.688354575694,-0.725374371012));
#7139 = DIRECTION('',(1.,0.,0.));
#7140 = DEFINITIONAL_REPRESENTATION('',(#7141),#7145);
#7141 = LINE('',#7142,#7143);
#7142 = CARTESIAN_POINT('',(237.237105837,24.229430842243));
#7143 = VECTOR('',#7144,1.);
#7144 = DIRECTION('',(0.540102311575,-0.841599366107));
#7145 = ( GEOMETRIC_REPRESENTATION_CONTEXT(2) 
PARAMETRIC_REPRESENTATION_CONTEXT() REPRESENTATION_CONTEXT('2D SPACE',''
  ) );
#7146 = ORIENTED_EDGE('',*,*,#7147,.F.);
#7147 = EDGE_CURVE('',#3955,#7120,#7148,.T.);
#7148 = SURFACE_CURVE('',#7149,(#7171,#7222),.PCURVE_S1.);
#7149 = B_SPLINE_CURVE_WITH_KNOTS('',5,(#7150,#7151,#7152,#7153,#7154,
    #7155,#7156,#7157,#7158,#7159,#7160,#7161,#7162,#7163,#7164,#7165,
    #7166,#7167,#7168,#7169,#7170),.UNSPECIFIED.,.F.,.F.,(6,3,3,3,3,3,6)
  ,(0.,3.75067616236,8.91019083284,10.1915628013,11.4297144169,
    12.6335826774,16.0924582799),.UNSPECIFIED.);
#7150 = CARTESIAN_POINT('',(433.899549667,757.395405149,44.1329167823));
#7151 = CARTESIAN_POINT('',(434.232800706,757.772076927,43.9845438607));
#7152 = CARTESIAN_POINT('',(434.591394641,758.137309529,43.845123012));
#7153 = CARTESIAN_POINT('',(434.963273473,758.480249429,43.7166321038));
#7154 = CARTESIAN_POINT('',(435.904878263,759.270068325,43.4251081368));
#7155 = CARTESIAN_POINT('',(436.937361467,759.959135693,43.1784970319));
#7156 = CARTESIAN_POINT('',(437.551912545,760.31721694,43.0520812382));
#7157 = CARTESIAN_POINT('',(438.362694268,760.725063221,42.9104179461));
#7158 = CARTESIAN_POINT('',(439.205141772,761.068534239,42.794054376));
#7159 = CARTESIAN_POINT('',(439.363190024,761.130133475,42.7733273004));
#7160 = CARTESIAN_POINT('',(439.694430993,761.253428056,42.732084732));
#7161 = CARTESIAN_POINT('',(440.029248301,761.366214092,42.6948255854));
#7162 = CARTESIAN_POINT('',(440.194998277,761.419201815,42.6774282531));
#7163 = CARTESIAN_POINT('',(440.525041296,761.518967166,42.6449723186));
#7164 = CARTESIAN_POINT('',(440.858340318,761.608285345,42.6164150223));
#7165 = CARTESIAN_POINT('',(441.027384788,761.650687207,42.6029796933));
#7166 = CARTESIAN_POINT('',(441.668980376,761.800556061,42.5559705911));
#7167 = CARTESIAN_POINT('',(442.320151157,761.909455354,42.5235024723));
#7168 = CARTESIAN_POINT('',(442.80762765,761.966025246,42.5075851559));
#7169 = CARTESIAN_POINT('',(443.295419734,761.995626882,42.4999999994));
#7170 = CARTESIAN_POINT('',(443.77898393,761.995626882,42.4999999994));
#7171 = PCURVE('',#4143,#7172);
#7172 = DEFINITIONAL_REPRESENTATION('',(#7173),#7221);
#7173 = B_SPLINE_CURVE_WITH_KNOTS('',3,(#7174,#7175,#7176,#7177,#7178,
    #7179,#7180,#7181,#7182,#7183,#7184,#7185,#7186,#7187,#7188,#7189,
    #7190,#7191,#7192,#7193,#7194,#7195,#7196,#7197,#7198,#7199,#7200,
    #7201,#7202,#7203,#7204,#7205,#7206,#7207,#7208,#7209,#7210,#7211,
    #7212,#7213,#7214,#7215,#7216,#7217,#7218,#7219,#7220),
  .UNSPECIFIED.,.F.,.F.,(4,1,1,1,1,1,1,1,1,1,1,1,1,1,1,1,1,1,1,1,1,1,1,1
    ,1,1,1,1,1,1,1,1,1,1,1,1,1,1,1,1,1,1,1,1,4),(0.,0.36573768818,
    0.731475376359,1.097213064539,1.462950752718,1.828688440898,
    2.194426129077,2.560163817257,2.925901505436,3.291639193616,
    3.657376881795,4.023114569975,4.388852258155,4.754589946334,
    5.120327634514,5.486065322693,5.851803010873,6.217540699052,
    6.583278387232,6.949016075411,7.314753763591,7.68049145177,
    8.04622913995,8.41196682813,8.777704516309,9.143442204489,
    9.509179892668,9.874917580848,10.240655269027,10.606392957207,
    10.972130645386,11.337868333566,11.703606021745,12.069343709925,
    12.435081398105,12.800819086284,13.166556774464,13.532294462643,
    13.898032150823,14.263769839002,14.629507527182,14.995245215361,
    15.360982903541,15.72672059172,16.0924582799),.UNSPECIFIED.);
#7174 = CARTESIAN_POINT('',(1.097168737413,-59.44781577044));
#7175 = CARTESIAN_POINT('',(1.088790783764,-59.39514593073));
#7176 = CARTESIAN_POINT('',(1.072063193904,-59.28911391291));
#7177 = CARTESIAN_POINT('',(1.047073355902,-59.12833069803));
#7178 = CARTESIAN_POINT('',(1.022210367227,-58.96621898712));
#7179 = CARTESIAN_POINT('',(0.997469052178,-58.80295844455));
#7180 = CARTESIAN_POINT('',(0.972831875028,-58.63863402007));
#7181 = CARTESIAN_POINT('',(0.948271909279,-58.47325451929));
#7182 = CARTESIAN_POINT('',(0.923760018597,-58.30680193868));
#7183 = CARTESIAN_POINT('',(0.89927076282,-58.13927148519));
#7184 = CARTESIAN_POINT('',(0.874789145333,-57.97071809291));
#7185 = CARTESIAN_POINT('',(0.850314768822,-57.80128626686));
#7186 = CARTESIAN_POINT('',(0.825874559311,-57.63130012136));
#7187 = CARTESIAN_POINT('',(0.801487294828,-57.46102703089));
#7188 = CARTESIAN_POINT('',(0.777154110529,-57.29060505152));
#7189 = CARTESIAN_POINT('',(0.752871326005,-57.12013216267));
#7190 = CARTESIAN_POINT('',(0.728628738345,-56.94965689238));
#7191 = CARTESIAN_POINT('',(0.704411800678,-56.77919457894));
#7192 = CARTESIAN_POINT('',(0.680202840487,-56.60873673225));
#7193 = CARTESIAN_POINT('',(0.655982614009,-56.43826235978));
#7194 = CARTESIAN_POINT('',(0.631731745584,-56.26774833444));
#7195 = CARTESIAN_POINT('',(0.607432452211,-56.09718163021));
#7196 = CARTESIAN_POINT('',(0.583069297677,-55.92656504487));
#7197 = CARTESIAN_POINT('',(0.558633492677,-55.75594710643));
#7198 = CARTESIAN_POINT('',(0.534113822379,-55.58536175777));
#7199 = CARTESIAN_POINT('',(0.509537246206,-55.41510474481));
#7200 = CARTESIAN_POINT('',(0.484823791557,-55.24475341212));
#7201 = CARTESIAN_POINT('',(0.460629837995,-55.0788841469));
#7202 = CARTESIAN_POINT('',(0.436582081496,-54.9150495228));
#7203 = CARTESIAN_POINT('',(0.411958086283,-54.7484504646));
#7204 = CARTESIAN_POINT('',(0.387257162092,-54.58265228312));
#7205 = CARTESIAN_POINT('',(0.362428175252,-54.41743633071));
#7206 = CARTESIAN_POINT('',(0.337427571918,-54.25262960625));
#7207 = CARTESIAN_POINT('',(0.312321942487,-54.08881756841));
#7208 = CARTESIAN_POINT('',(0.286857426465,-53.9245557834));
#7209 = CARTESIAN_POINT('',(0.261331884377,-53.76191480308));
#7210 = CARTESIAN_POINT('',(0.235906515883,-53.60208471137));
#7211 = CARTESIAN_POINT('',(0.210304702654,-53.44346079369));
#7212 = CARTESIAN_POINT('',(0.184565253248,-53.28648367035));
#7213 = CARTESIAN_POINT('',(0.158669440961,-53.13123426901));
#7214 = CARTESIAN_POINT('',(0.132617577526,-52.9779282966));
#7215 = CARTESIAN_POINT('',(0.106407839331,-52.82678025713));
#7216 = CARTESIAN_POINT('',(8.004129405491E-02,-52.67803625284));
#7217 = CARTESIAN_POINT('',(5.351992465609E-02,-52.53196210614));
#7218 = CARTESIAN_POINT('',(2.684655586625E-02,-52.38884141518));
#7219 = CARTESIAN_POINT('',(8.965056875141E-03,-52.29559950776));
#7220 = CARTESIAN_POINT('',(0.,-52.24957126537));
#7221 = ( GEOMETRIC_REPRESENTATION_CONTEXT(2) 
PARAMETRIC_REPRESENTATION_CONTEXT() REPRESENTATION_CONTEXT('2D SPACE',''
  ) );
#7222 = PCURVE('',#7223,#7248);
#7223 = B_SPLINE_SURFACE_WITH_KNOTS('',5,1,(
    (#7224,#7225)
    ,(#7226,#7227)
    ,(#7228,#7229)
    ,(#7230,#7231)
    ,(#7232,#7233)
    ,(#7234,#7235)
    ,(#7236,#7237)
    ,(#7238,#7239)
    ,(#7240,#7241)
    ,(#7242,#7243)
    ,(#7244,#7245)
    ,(#7246,#7247
    )),.UNSPECIFIED.,.F.,.F.,.F.,(6,3,3,6),(2,2),(0.,4.19150934318,
    8.38301868634,10.4787733579),(-2.278,8.82249653194E-03),
  .UNSPECIFIED.);
#7224 = CARTESIAN_POINT('',(435.605670799,755.885956679,44.132916782));
#7225 = CARTESIAN_POINT('',(433.899549667,757.395405149,44.132916782));
#7226 = CARTESIAN_POINT('',(436.059919718,756.399391682,44.0498815894));
#7227 = CARTESIAN_POINT('',(434.42483444,757.98913158,43.899044933));
#7228 = CARTESIAN_POINT('',(436.583692336,756.920176672,43.9839830928));
#7229 = CARTESIAN_POINT('',(435.036147684,758.580504791,43.6771473294));
#7230 = CARTESIAN_POINT('',(437.169724932,757.430268288,43.934128705));
#7231 = CARTESIAN_POINT('',(435.726682026,759.148082502,43.4692876423));
#7232 = CARTESIAN_POINT('',(438.44374893,758.39568315,43.8689622703));
#7233 = CARTESIAN_POINT('',(437.241346129,760.196544399,43.0922577047));
#7234 = CARTESIAN_POINT('',(439.862252934,759.199974683,43.8751421489));
#7235 = CARTESIAN_POINT('',(438.953493112,761.014632853,42.8101335798));
#7236 = CARTESIAN_POINT('',(440.592849868,759.548862586,43.8966401586));
#7237 = CARTESIAN_POINT('',(439.841628241,761.351724736,42.6971882119));
#7238 = CARTESIAN_POINT('',(441.693424399,759.978731012,43.9559761958));
#7239 = CARTESIAN_POINT('',(441.1887236,761.73612894,42.57460072));
#7240 = CARTESIAN_POINT('',(442.759312144,760.25660248,44.0467883077));
#7241 = CARTESIAN_POINT('',(442.507382289,761.930697271,42.5175361796));
#7242 = CARTESIAN_POINT('',(443.108439558,760.331674993,44.080052706));
#7243 = CARTESIAN_POINT('',(442.94095826,761.974006941,42.5055397423));
#7244 = CARTESIAN_POINT('',(443.449073443,760.388755363,44.1155831855));
#7245 = CARTESIAN_POINT('',(443.365725171,761.995626882,42.5));
#7246 = CARTESIAN_POINT('',(443.77898393,760.427555159,44.1524028172));
#7247 = CARTESIAN_POINT('',(443.77898393,761.995626882,42.5));
#7248 = DEFINITIONAL_REPRESENTATION('',(#7249),#7297);
#7249 = B_SPLINE_CURVE_WITH_KNOTS('',3,(#7250,#7251,#7252,#7253,#7254,
    #7255,#7256,#7257,#7258,#7259,#7260,#7261,#7262,#7263,#7264,#7265,
    #7266,#7267,#7268,#7269,#7270,#7271,#7272,#7273,#7274,#7275,#7276,
    #7277,#7278,#7279,#7280,#7281,#7282,#7283,#7284,#7285,#7286,#7287,
    #7288,#7289,#7290,#7291,#7292,#7293,#7294,#7295,#7296),
  .UNSPECIFIED.,.F.,.F.,(4,1,1,1,1,1,1,1,1,1,1,1,1,1,1,1,1,1,1,1,1,1,1,1
    ,1,1,1,1,1,1,1,1,1,1,1,1,1,1,1,1,1,1,1,1,4),(0.,0.36573768818,
    0.731475376359,1.097213064539,1.462950752718,1.828688440898,
    2.194426129077,2.560163817257,2.925901505436,3.291639193616,
    3.657376881795,4.023114569975,4.388852258155,4.754589946334,
    5.120327634514,5.486065322693,5.851803010873,6.217540699052,
    6.583278387232,6.949016075411,7.314753763591,7.68049145177,
    8.04622913995,8.41196682813,8.777704516309,9.143442204489,
    9.509179892668,9.874917580848,10.240655269027,10.606392957207,
    10.972130645386,11.337868333566,11.703606021745,12.069343709925,
    12.435081398105,12.800819086284,13.166556774464,13.532294462643,
    13.898032150823,14.263769839002,14.629507527182,14.995245215361,
    15.360982903541,15.72672059172,16.0924582799),.UNSPECIFIED.);
#7250 = CARTESIAN_POINT('',(0.,8.82249653194E-03));
#7251 = CARTESIAN_POINT('',(8.645678796041E-02,8.819259771229E-03));
#7252 = CARTESIAN_POINT('',(0.258343586517,8.825932951216E-03));
#7253 = CARTESIAN_POINT('',(0.513080427242,8.864846236357E-03));
#7254 = CARTESIAN_POINT('',(0.764623187753,8.930977246213E-03));
#7255 = CARTESIAN_POINT('',(1.013178088247,8.991662395168E-03));
#7256 = CARTESIAN_POINT('',(1.259059416935,9.020804531E-03));
#7257 = CARTESIAN_POINT('',(1.502656962044,9.006060875764E-03));
#7258 = CARTESIAN_POINT('',(1.744364386543,8.954534348148E-03));
#7259 = CARTESIAN_POINT('',(1.984524430917,8.889952432076E-03));
#7260 = CARTESIAN_POINT('',(2.223368067098,8.841307128933E-03));
#7261 = CARTESIAN_POINT('',(2.460979539809,8.830682804589E-03));
#7262 = CARTESIAN_POINT('',(2.697179593487,8.829848782174E-03));
#7263 = CARTESIAN_POINT('',(2.931867361063,8.84733305893E-03));
#7264 = CARTESIAN_POINT('',(3.165110852982,8.895291790422E-03));
#7265 = CARTESIAN_POINT('',(3.397021150566,8.962987541182E-03));
#7266 = CARTESIAN_POINT('',(3.627766914449,9.034181895508E-03));
#7267 = CARTESIAN_POINT('',(3.857552920516,9.091078204391E-03));
#7268 = CARTESIAN_POINT('',(4.086608644465,9.11980241385E-03));
#7269 = CARTESIAN_POINT('',(4.315174384454,9.113036299972E-03));
#7270 = CARTESIAN_POINT('',(4.543488478719,9.072538157627E-03));
#7271 = CARTESIAN_POINT('',(4.771772098484,9.008536723478E-03));
#7272 = CARTESIAN_POINT('',(5.000223506108,8.936775035069E-03));
#7273 = CARTESIAN_POINT('',(5.228978876463,8.875438027567E-03));
#7274 = CARTESIAN_POINT('',(5.458196887258,8.838487901399E-03));
#7275 = CARTESIAN_POINT('',(5.687681498549,8.833075419762E-03));
#7276 = CARTESIAN_POINT('',(5.91822790863,8.833688146639E-03));
#7277 = CARTESIAN_POINT('',(6.143793525775,8.930817533379E-03));
#7278 = CARTESIAN_POINT('',(6.367882061946,8.855981549434E-03));
#7279 = CARTESIAN_POINT('',(6.597288298321,8.83097484236E-03));
#7280 = CARTESIAN_POINT('',(6.827401181811,8.836822522509E-03));
#7281 = CARTESIAN_POINT('',(7.058751392107,8.832479250117E-03));
#7282 = CARTESIAN_POINT('',(7.291822218192,8.830015195322E-03));
#7283 = CARTESIAN_POINT('',(7.526049903616,8.822271280472E-03));
#7284 = CARTESIAN_POINT('',(7.763849592657,8.786361470024E-03));
#7285 = CARTESIAN_POINT('',(8.002533647992,8.826053087242E-03));
#7286 = CARTESIAN_POINT('',(8.240629498893,8.821746589793E-03));
#7287 = CARTESIAN_POINT('',(8.480802320236,8.821796648873E-03));
#7288 = CARTESIAN_POINT('',(8.722761709711,8.818409587241E-03));
#7289 = CARTESIAN_POINT('',(8.96676065419,8.815204953853E-03));
#7290 = CARTESIAN_POINT('',(9.212877943136,8.8133911296E-03));
#7291 = CARTESIAN_POINT('',(9.461216506162,8.814027230252E-03));
#7292 = CARTESIAN_POINT('',(9.711856356066,8.8167316027E-03));
#7293 = CARTESIAN_POINT('',(9.964873719337,8.820144582284E-03));
#7294 = CARTESIAN_POINT('',(10.220341455842,8.822291034378E-03));
#7295 = CARTESIAN_POINT('',(10.392339713508,8.822686169619E-03));
#7296 = CARTESIAN_POINT('',(10.4787733579,8.82249653194E-03));
#7297 = ( GEOMETRIC_REPRESENTATION_CONTEXT(2) 
PARAMETRIC_REPRESENTATION_CONTEXT() REPRESENTATION_CONTEXT('2D SPACE',''
  ) );
#7298 = ORIENTED_EDGE('',*,*,#4127,.T.);
#7299 = ORIENTED_EDGE('',*,*,#7094,.T.);
#7300 = ADVANCED_FACE('',(#7301),#3976,.T.);
#7301 = FACE_BOUND('',#7302,.T.);
#7302 = EDGE_LOOP('',(#7303,#7304,#7332,#7333));
#7303 = ORIENTED_EDGE('',*,*,#3954,.T.);
#7304 = ORIENTED_EDGE('',*,*,#7305,.T.);
#7305 = EDGE_CURVE('',#3955,#5761,#7306,.T.);
#7306 = SURFACE_CURVE('',#7307,(#7320,#7326),.PCURVE_S1.);
#7307 = B_SPLINE_CURVE_WITH_KNOTS('',5,(#7308,#7309,#7310,#7311,#7312,
    #7313,#7314,#7315,#7316,#7317,#7318,#7319),.UNSPECIFIED.,.F.,.F.,(6,
    3,3,6),(-2.60996105026E-14,0.927191444114,1.8270454933,2.27811162694
    ),.UNSPECIFIED.);
#7308 = CARTESIAN_POINT('',(433.899549954,757.395405474,44.1329182546));
#7309 = CARTESIAN_POINT('',(434.038427621,757.272535694,44.1329150754));
#7310 = CARTESIAN_POINT('',(434.177305027,757.14966562,44.1329103338));
#7311 = CARTESIAN_POINT('',(434.316183668,757.026796941,44.1329146671));
#7312 = CARTESIAN_POINT('',(434.589845058,756.784680918,44.1329064737));
#7313 = CARTESIAN_POINT('',(434.863505237,756.542563528,44.1329077788));
#7314 = CARTESIAN_POINT('',(434.998293881,756.423322848,44.1329053837));
#7315 = CARTESIAN_POINT('',(435.200630147,756.244291299,44.1329068466));
#7316 = CARTESIAN_POINT('',(435.403022912,756.06532361,44.1329092447));
#7317 = CARTESIAN_POINT('',(435.470574049,756.005536715,44.132908345));
#7318 = CARTESIAN_POINT('',(435.538195527,755.945829325,44.132904658));
#7319 = CARTESIAN_POINT('',(435.605775876,755.886075447,44.1329003576));
#7320 = PCURVE('',#3976,#7321);
#7321 = DEFINITIONAL_REPRESENTATION('',(#7322),#7325);
#7322 = B_SPLINE_CURVE_WITH_KNOTS('',1,(#7323,#7324),.UNSPECIFIED.,.F.,
  .F.,(2,2),(-2.60996105026E-14,2.278111578579),
  .PIECEWISE_BEZIER_KNOTS.);
#7323 = CARTESIAN_POINT('',(1.51960049341,-2.60996105026E-14));
#7324 = CARTESIAN_POINT('',(1.51960049341,2.27811162694));
#7325 = ( GEOMETRIC_REPRESENTATION_CONTEXT(2) 
PARAMETRIC_REPRESENTATION_CONTEXT() REPRESENTATION_CONTEXT('2D SPACE',''
  ) );
#7326 = PCURVE('',#7223,#7327);
#7327 = DEFINITIONAL_REPRESENTATION('',(#7328),#7331);
#7328 = B_SPLINE_CURVE_WITH_KNOTS('',1,(#7329,#7330),.UNSPECIFIED.,.F.,
  .F.,(2,2),(-2.60996105026E-14,2.278111578579),
  .PIECEWISE_BEZIER_KNOTS.);
#7329 = CARTESIAN_POINT('',(-8.367720799742E-10,8.822496934619E-03));
#7330 = CARTESIAN_POINT('',(9.675436540718E-05,-2.277999953478));
#7331 = ( GEOMETRIC_REPRESENTATION_CONTEXT(2) 
PARAMETRIC_REPRESENTATION_CONTEXT() REPRESENTATION_CONTEXT('2D SPACE',''
  ) );
#7332 = ORIENTED_EDGE('',*,*,#5760,.T.);
#7333 = ORIENTED_EDGE('',*,*,#7334,.F.);
#7334 = EDGE_CURVE('',#3890,#5710,#7335,.T.);
#7335 = SURFACE_CURVE('',#7336,(#7349,#7355),.PCURVE_S1.);
#7336 = B_SPLINE_CURVE_WITH_KNOTS('',5,(#7337,#7338,#7339,#7340,#7341,
    #7342,#7343,#7344,#7345,#7346,#7347,#7348),.UNSPECIFIED.,.F.,.F.,(6,
    3,3,6),(-2.60996105026E-14,0.927191444114,1.8270454933,2.27811162694
    ),.UNSPECIFIED.);
#7337 = CARTESIAN_POINT('',(432.934592677,756.304719681,44.5625414913));
#7338 = CARTESIAN_POINT('',(433.07347166,756.181851388,44.5625451088));
#7339 = CARTESIAN_POINT('',(433.212348803,756.058981016,44.5625395699));
#7340 = CARTESIAN_POINT('',(433.351227668,755.936112591,44.5625425838));
#7341 = CARTESIAN_POINT('',(433.624888808,755.693996287,44.562538758));
#7342 = CARTESIAN_POINT('',(433.898550775,755.451880917,44.5625388159));
#7343 = CARTESIAN_POINT('',(434.033333949,755.332634053,44.5625350897));
#7344 = CARTESIAN_POINT('',(434.235679807,755.153613347,44.5625404631));
#7345 = CARTESIAN_POINT('',(434.438024253,754.974591043,44.5625310234));
#7346 = CARTESIAN_POINT('',(434.505586551,754.914816762,44.5625277821));
#7347 = CARTESIAN_POINT('',(434.57314902,754.855042675,44.5625264211));
#7348 = CARTESIAN_POINT('',(434.640712199,754.795269391,44.5625248217));
#7349 = PCURVE('',#3976,#7350);
#7350 = DEFINITIONAL_REPRESENTATION('',(#7351),#7354);
#7351 = B_SPLINE_CURVE_WITH_KNOTS('',1,(#7352,#7353),.UNSPECIFIED.,.F.,
  .F.,(2,2),(1.134569028866E-09,2.27811162694),
  .PIECEWISE_BEZIER_KNOTS.);
#7352 = CARTESIAN_POINT('',(3.358849876216E-05,6.857320493097E-10));
#7353 = CARTESIAN_POINT('',(6.661496645515E-14,2.27811162694));
#7354 = ( GEOMETRIC_REPRESENTATION_CONTEXT(2) 
PARAMETRIC_REPRESENTATION_CONTEXT() REPRESENTATION_CONTEXT('2D SPACE',''
  ) );
#7355 = PCURVE('',#3911,#7356);
#7356 = DEFINITIONAL_REPRESENTATION('',(#7357),#7360);
#7357 = B_SPLINE_CURVE_WITH_KNOTS('',1,(#7358,#7359),.UNSPECIFIED.,.F.,
  .F.,(2,2),(1.134569028866E-09,2.27811162694),
  .PIECEWISE_BEZIER_KNOTS.);
#7358 = CARTESIAN_POINT('',(6.711948215217E-05,5.919202414251E-10));
#7359 = CARTESIAN_POINT('',(6.934229112508E-05,2.278309806441));
#7360 = ( GEOMETRIC_REPRESENTATION_CONTEXT(2) 
PARAMETRIC_REPRESENTATION_CONTEXT() REPRESENTATION_CONTEXT('2D SPACE',''
  ) );
#7361 = ADVANCED_FACE('',(#7362),#3911,.F.);
#7362 = FACE_BOUND('',#7363,.F.);
#7363 = EDGE_LOOP('',(#7364,#7365,#7413,#7414));
#7364 = ORIENTED_EDGE('',*,*,#3889,.F.);
#7365 = ORIENTED_EDGE('',*,*,#7366,.T.);
#7366 = EDGE_CURVE('',#3862,#5682,#7367,.T.);
#7367 = SURFACE_CURVE('',#7368,(#7375,#7382),.PCURVE_S1.);
#7368 = B_SPLINE_CURVE_WITH_KNOTS('',5,(#7369,#7370,#7371,#7372,#7373,
    #7374),.UNSPECIFIED.,.F.,.F.,(6,6),(-2.60996105026E-14,2.27830980193
    ),.PIECEWISE_BEZIER_KNOTS.);
#7369 = CARTESIAN_POINT('',(430.638015893,753.708911834,45.31842951));
#7370 = CARTESIAN_POINT('',(430.97931451,753.407106223,45.3183960494));
#7371 = CARTESIAN_POINT('',(431.320513945,753.105188507,45.3185353362));
#7372 = CARTESIAN_POINT('',(431.661726912,752.803286086,45.3184278987));
#7373 = CARTESIAN_POINT('',(432.003020194,752.501474446,45.3185864115));
#7374 = CARTESIAN_POINT('',(432.344147771,752.19947551,45.3184501978));
#7375 = PCURVE('',#3911,#7376);
#7376 = DEFINITIONAL_REPRESENTATION('',(#7377),#7381);
#7377 = LINE('',#7378,#7379);
#7378 = CARTESIAN_POINT('',(3.55339591557,2.473910853913E-13));
#7379 = VECTOR('',#7380,1.);
#7380 = DIRECTION('',(1.089605422929E-13,1.));
#7381 = ( GEOMETRIC_REPRESENTATION_CONTEXT(2) 
PARAMETRIC_REPRESENTATION_CONTEXT() REPRESENTATION_CONTEXT('2D SPACE',''
  ) );
#7382 = PCURVE('',#7383,#7408);
#7383 = B_SPLINE_SURFACE_WITH_KNOTS('',5,1,(
    (#7384,#7385)
    ,(#7386,#7387)
    ,(#7388,#7389)
    ,(#7390,#7391)
    ,(#7392,#7393)
    ,(#7394,#7395)
    ,(#7396,#7397)
    ,(#7398,#7399)
    ,(#7400,#7401)
    ,(#7402,#7403)
    ,(#7404,#7405)
    ,(#7406,#7407
    )),.UNSPECIFIED.,.F.,.F.,.F.,(6,3,3,6),(2,2),(0.,2.59633360782,
    5.19275392169,6.49043530101),(-3.95563990373E-14,2.28343173177),
  .UNSPECIFIED.);
#7384 = CARTESIAN_POINT('',(425.769854892,751.516,45.6));
#7385 = CARTESIAN_POINT('',(425.769854892,749.238,45.6));
#7386 = CARTESIAN_POINT('',(426.132525006,751.516,45.6));
#7387 = CARTESIAN_POINT('',(426.259626932,749.238,45.6));
#7388 = CARTESIAN_POINT('',(426.542575053,751.541294156,45.5969658926));
#7389 = CARTESIAN_POINT('',(426.81338375,749.272158785,45.5969658926));
#7390 = CARTESIAN_POINT('',(426.984249112,751.605130213,45.5903232126));
#7391 = CARTESIAN_POINT('',(427.409847578,749.358366924,45.5903232126));
#7392 = CARTESIAN_POINT('',(427.894768467,751.827095731,45.5685908938));
#7393 = CARTESIAN_POINT('',(428.639468947,749.658122819,45.5685908938));
#7394 = CARTESIAN_POINT('',(428.783202301,752.225605365,45.5276434348));
#7395 = CARTESIAN_POINT('',(429.83926467,750.196294753,45.5276434348));
#7396 = CARTESIAN_POINT('',(429.202768172,752.465944896,45.5018328464));
#7397 = CARTESIAN_POINT('',(430.405872242,750.520864046,45.5018328464));
#7398 = CARTESIAN_POINT('',(429.774628958,752.869047819,45.4540758373));
#7399 = CARTESIAN_POINT('',(431.178148239,751.065239039,45.4540758373));
#7400 = CARTESIAN_POINT('',(430.243707987,753.29374553,45.3915322873));
#7401 = CARTESIAN_POINT('',(431.811621425,751.638776964,45.3915322873));
#7402 = CARTESIAN_POINT('',(430.387766337,753.435392885,45.3689743676));
#7403 = CARTESIAN_POINT('',(432.006166686,751.830066268,45.3689743676));
#7404 = CARTESIAN_POINT('',(430.519218029,753.574635275,45.3446270416));
#7405 = CARTESIAN_POINT('',(432.183687141,752.01810776,45.3446270416));
#7406 = CARTESIAN_POINT('',(430.638067077,753.708969687,45.3184166347));
#7407 = CARTESIAN_POINT('',(432.344188209,752.199521217,45.3184166347));
#7408 = DEFINITIONAL_REPRESENTATION('',(#7409),#7412);
#7409 = B_SPLINE_CURVE_WITH_KNOTS('',1,(#7410,#7411),.UNSPECIFIED.,.F.,
  .F.,(2,2),(2.063710205425E-08,2.278309792985),
  .PIECEWISE_BEZIER_KNOTS.);
#7410 = CARTESIAN_POINT('',(6.490323200702,2.115171702176E-08));
#7411 = CARTESIAN_POINT('',(6.490366822096,2.28343172312));
#7412 = ( GEOMETRIC_REPRESENTATION_CONTEXT(2) 
PARAMETRIC_REPRESENTATION_CONTEXT() REPRESENTATION_CONTEXT('2D SPACE',''
  ) );
#7413 = ORIENTED_EDGE('',*,*,#5709,.T.);
#7414 = ORIENTED_EDGE('',*,*,#7334,.F.);
#7415 = ADVANCED_FACE('',(#7416),#3877,.F.);
#7416 = FACE_BOUND('',#7417,.F.);
#7417 = EDGE_LOOP('',(#7418,#7441,#7469,#7590));
#7418 = ORIENTED_EDGE('',*,*,#7419,.F.);
#7419 = EDGE_CURVE('',#7420,#3774,#7422,.T.);
#7420 = VERTEX_POINT('',#7421);
#7421 = CARTESIAN_POINT('',(425.769860255,751.516,64.3949443766));
#7422 = SURFACE_CURVE('',#7423,(#7428,#7435),.PCURVE_S1.);
#7423 = CIRCLE('',#7424,6.5);
#7424 = AXIS2_PLACEMENT_3D('',#7425,#7426,#7427);
#7425 = CARTESIAN_POINT('',(425.769854892,758.016,64.3949443766));
#7426 = DIRECTION('',(-0.,0.,1.));
#7427 = DIRECTION('',(1.,0.,0.));
#7428 = PCURVE('',#3877,#7429);
#7429 = DEFINITIONAL_REPRESENTATION('',(#7430),#7434);
#7430 = LINE('',#7431,#7432);
#7431 = CARTESIAN_POINT('',(-4.712388980385,-57.5413889214));
#7432 = VECTOR('',#7433,1.);
#7433 = DIRECTION('',(1.,0.));
#7434 = ( GEOMETRIC_REPRESENTATION_CONTEXT(2) 
PARAMETRIC_REPRESENTATION_CONTEXT() REPRESENTATION_CONTEXT('2D SPACE',''
  ) );
#7435 = PCURVE('',#3795,#7436);
#7436 = DEFINITIONAL_REPRESENTATION('',(#7437),#7440);
#7437 = B_SPLINE_CURVE_WITH_KNOTS('',1,(#7438,#7439),.UNSPECIFIED.,.F.,
  .F.,(2,2),(4.712389805462,5.55887491272),.PIECEWISE_BEZIER_KNOTS.);
#7438 = CARTESIAN_POINT('',(51.645315077564,5.520684380433E-12));
#7439 = CARTESIAN_POINT('',(51.645315181843,5.634680562047));
#7440 = ( GEOMETRIC_REPRESENTATION_CONTEXT(2) 
PARAMETRIC_REPRESENTATION_CONTEXT() REPRESENTATION_CONTEXT('2D SPACE',''
  ) );
#7441 = ORIENTED_EDGE('',*,*,#7442,.F.);
#7442 = EDGE_CURVE('',#7443,#7420,#7445,.T.);
#7443 = VERTEX_POINT('',#7444);
#7444 = CARTESIAN_POINT('',(425.769854892,751.516,45.6000000008));
#7445 = SURFACE_CURVE('',#7446,(#7450,#7457),.PCURVE_S1.);
#7446 = LINE('',#7447,#7448);
#7447 = CARTESIAN_POINT('',(425.769854892,751.516,121.936333299));
#7448 = VECTOR('',#7449,1.);
#7449 = DIRECTION('',(0.,0.,1.));
#7450 = PCURVE('',#3877,#7451);
#7451 = DEFINITIONAL_REPRESENTATION('',(#7452),#7456);
#7452 = LINE('',#7453,#7454);
#7453 = CARTESIAN_POINT('',(0.,1.000003635454E-09));
#7454 = VECTOR('',#7455,1.);
#7455 = DIRECTION('',(0.,1.));
#7456 = ( GEOMETRIC_REPRESENTATION_CONTEXT(2) 
PARAMETRIC_REPRESENTATION_CONTEXT() REPRESENTATION_CONTEXT('2D SPACE',''
  ) );
#7457 = PCURVE('',#7458,#7463);
#7458 = PLANE('',#7459);
#7459 = AXIS2_PLACEMENT_3D('',#7460,#7461,#7462);
#7460 = CARTESIAN_POINT('',(1.4088E+03,751.516,43.200340271));
#7461 = DIRECTION('',(0.,-1.,0.));
#7462 = DIRECTION('',(0.,0.,-1.));
#7463 = DEFINITIONAL_REPRESENTATION('',(#7464),#7468);
#7464 = LINE('',#7465,#7466);
#7465 = CARTESIAN_POINT('',(-78.735993028,-983.030145108));
#7466 = VECTOR('',#7467,1.);
#7467 = DIRECTION('',(-1.,0.));
#7468 = ( GEOMETRIC_REPRESENTATION_CONTEXT(2) 
PARAMETRIC_REPRESENTATION_CONTEXT() REPRESENTATION_CONTEXT('2D SPACE',''
  ) );
#7469 = ORIENTED_EDGE('',*,*,#7470,.F.);
#7470 = EDGE_CURVE('',#3862,#7443,#7471,.T.);
#7471 = SURFACE_CURVE('',#7472,(#7488,#7539),.PCURVE_S1.);
#7472 = B_SPLINE_CURVE_WITH_KNOTS('',5,(#7473,#7474,#7475,#7476,#7477,
    #7478,#7479,#7480,#7481,#7482,#7483,#7484,#7485,#7486,#7487),
  .UNSPECIFIED.,.F.,.F.,(6,3,3,3,6),(0.,1.73821839947,4.33189642483,
    6.05704261028,7.83005178224),.UNSPECIFIED.);
#7473 = CARTESIAN_POINT('',(430.638067077,753.708969687,45.3184166339));
#7474 = CARTESIAN_POINT('',(430.480288689,753.530633661,45.3532123333));
#7475 = CARTESIAN_POINT('',(430.309874218,753.354470144,45.3826133308));
#7476 = CARTESIAN_POINT('',(430.142880528,753.197479103,45.4064409313));
#7477 = CARTESIAN_POINT('',(429.675208351,752.796717769,45.4624738636));
#7478 = CARTESIAN_POINT('',(429.161845997,752.452768812,45.50256466));
#7479 = CARTESIAN_POINT('',(428.845424188,752.271447217,45.5224970607));
#7480 = CARTESIAN_POINT('',(428.284807704,752.001687526,45.5507488905));
#7481 = CARTESIAN_POINT('',(427.696734292,751.800735783,45.5709171211));
#7482 = CARTESIAN_POINT('',(427.474439477,751.736280379,45.5773502596));
#7483 = CARTESIAN_POINT('',(426.990148404,751.619458558,45.589018464));
#7484 = CARTESIAN_POINT('',(426.497119949,751.549428218,45.5962698684));
#7485 = CARTESIAN_POINT('',(426.267012488,751.527586499,45.5986101959));
#7486 = CARTESIAN_POINT('',(426.015313232,751.516,45.6000000008));
#7487 = CARTESIAN_POINT('',(425.769854892,751.516,45.6000000008));
#7488 = PCURVE('',#3877,#7489);
#7489 = DEFINITIONAL_REPRESENTATION('',(#7490),#7538);
#7490 = B_SPLINE_CURVE_WITH_KNOTS('',3,(#7491,#7492,#7493,#7494,#7495,
    #7496,#7497,#7498,#7499,#7500,#7501,#7502,#7503,#7504,#7505,#7506,
    #7507,#7508,#7509,#7510,#7511,#7512,#7513,#7514,#7515,#7516,#7517,
    #7518,#7519,#7520,#7521,#7522,#7523,#7524,#7525,#7526,#7527,#7528,
    #7529,#7530,#7531,#7532,#7533,#7534,#7535,#7536,#7537),
  .UNSPECIFIED.,.F.,.F.,(4,1,1,1,1,1,1,1,1,1,1,1,1,1,1,1,1,1,1,1,1,1,1,1
    ,1,1,1,1,1,1,1,1,1,1,1,1,1,1,1,1,1,1,1,1,4),(0.,0.177955722324,
    0.355911444647,0.533867166971,0.711822889295,0.889778611618,
    1.067734333942,1.245690056265,1.423645778589,1.601601500913,
    1.779557223236,1.95751294556,2.135468667884,2.313424390207,
    2.491380112531,2.669335834855,2.847291557178,3.025247279502,
    3.203203001825,3.381158724149,3.559114446473,3.737070168796,
    3.91502589112,4.092981613444,4.270937335767,4.448893058091,
    4.626848780415,4.804804502738,4.982760225062,5.160715947385,
    5.338671669709,5.516627392033,5.694583114356,5.87253883668,
    6.050494559004,6.228450281327,6.406406003651,6.584361725975,
    6.762317448298,6.940273170622,7.118228892945,7.296184615269,
    7.474140337593,7.652096059916,7.83005178224),.UNSPECIFIED.);
#7491 = CARTESIAN_POINT('',(0.846484687251,-76.6179166641));
#7492 = CARTESIAN_POINT('',(0.84022670234,-76.61197594862));
#7493 = CARTESIAN_POINT('',(0.827666608329,-76.60048516905));
#7494 = CARTESIAN_POINT('',(0.808767929213,-76.5843585588));
#7495 = CARTESIAN_POINT('',(0.789913956228,-76.56929257164));
#7496 = CARTESIAN_POINT('',(0.771104999443,-76.55519116512));
#7497 = CARTESIAN_POINT('',(0.752302220414,-76.54194428369));
#7498 = CARTESIAN_POINT('',(0.733439340728,-76.52943590301));
#7499 = CARTESIAN_POINT('',(0.714448248427,-76.51755861191));
#7500 = CARTESIAN_POINT('',(0.695281785239,-76.5062270925));
#7501 = CARTESIAN_POINT('',(0.675933666569,-76.49538947017));
#7502 = CARTESIAN_POINT('',(0.656471472448,-76.48504828594));
#7503 = CARTESIAN_POINT('',(0.637015832613,-76.47524367122));
#7504 = CARTESIAN_POINT('',(0.617568313336,-76.46593726951));
#7505 = CARTESIAN_POINT('',(0.598136844511,-76.45710187457));
#7506 = CARTESIAN_POINT('',(0.578720143586,-76.44870934764));
#7507 = CARTESIAN_POINT('',(0.559313368055,-76.44073397479));
#7508 = CARTESIAN_POINT('',(0.539908138526,-76.43315168716));
#7509 = CARTESIAN_POINT('',(0.520494115244,-76.42594038962));
#7510 = CARTESIAN_POINT('',(0.501060193595,-76.4190799928));
#7511 = CARTESIAN_POINT('',(0.48159581373,-76.4125525233));
#7512 = CARTESIAN_POINT('',(0.462092279691,-76.40634221778));
#7513 = CARTESIAN_POINT('',(0.442543953275,-76.40043560325));
#7514 = CARTESIAN_POINT('',(0.422949907591,-76.39482164883));
#7515 = CARTESIAN_POINT('',(0.403313774592,-76.38949164537));
#7516 = CARTESIAN_POINT('',(0.383650201525,-76.38444010208));
#7517 = CARTESIAN_POINT('',(0.363966457439,-76.37966184744));
#7518 = CARTESIAN_POINT('',(0.344372330081,-76.37516888892));
#7519 = CARTESIAN_POINT('',(0.324945995053,-76.37096702302));
#7520 = CARTESIAN_POINT('',(0.305685484822,-76.36704869477));
#7521 = CARTESIAN_POINT('',(0.286545183446,-76.36339929681));
#7522 = CARTESIAN_POINT('',(0.267451626539,-76.36000012852));
#7523 = CARTESIAN_POINT('',(0.248325186018,-76.35683226632));
#7524 = CARTESIAN_POINT('',(0.229099871272,-76.35388012971));
#7525 = CARTESIAN_POINT('',(0.209744839682,-76.35113535301));
#7526 = CARTESIAN_POINT('',(0.190280152441,-76.34859973837));
#7527 = CARTESIAN_POINT('',(0.17081209734,-76.34629157838));
#7528 = CARTESIAN_POINT('',(0.151495294558,-76.34422148523));
#7529 = CARTESIAN_POINT('',(0.132377798354,-76.34239252423));
#7530 = CARTESIAN_POINT('',(0.11344086838,-76.34080457768));
#7531 = CARTESIAN_POINT('',(9.46194068389E-02,-76.33945535402));
#7532 = CARTESIAN_POINT('',(7.582843184593E-02,-76.33834231843));
#7533 = CARTESIAN_POINT('',(5.698717563926E-02,-76.33746429161));
#7534 = CARTESIAN_POINT('',(3.804787264832E-02,-76.33682345435));
#7535 = CARTESIAN_POINT('',(1.900835021985E-02,-76.3364260608));
#7536 = CARTESIAN_POINT('',(6.325365895694E-03,-76.336333961));
#7537 = CARTESIAN_POINT('',(0.,-76.3363332972));
#7538 = ( GEOMETRIC_REPRESENTATION_CONTEXT(2) 
PARAMETRIC_REPRESENTATION_CONTEXT() REPRESENTATION_CONTEXT('2D SPACE',''
  ) );
#7539 = PCURVE('',#7383,#7540);
#7540 = DEFINITIONAL_REPRESENTATION('',(#7541),#7589);
#7541 = B_SPLINE_CURVE_WITH_KNOTS('',3,(#7542,#7543,#7544,#7545,#7546,
    #7547,#7548,#7549,#7550,#7551,#7552,#7553,#7554,#7555,#7556,#7557,
    #7558,#7559,#7560,#7561,#7562,#7563,#7564,#7565,#7566,#7567,#7568,
    #7569,#7570,#7571,#7572,#7573,#7574,#7575,#7576,#7577,#7578,#7579,
    #7580,#7581,#7582,#7583,#7584,#7585,#7586,#7587,#7588),
  .UNSPECIFIED.,.F.,.F.,(4,1,1,1,1,1,1,1,1,1,1,1,1,1,1,1,1,1,1,1,1,1,1,1
    ,1,1,1,1,1,1,1,1,1,1,1,1,1,1,1,1,1,1,1,1,4),(0.,0.177955722324,
    0.355911444647,0.533867166971,0.711822889295,0.889778611618,
    1.067734333942,1.245690056265,1.423645778589,1.601601500913,
    1.779557223236,1.95751294556,2.135468667884,2.313424390207,
    2.491380112531,2.669335834855,2.847291557178,3.025247279502,
    3.203203001825,3.381158724149,3.559114446473,3.737070168796,
    3.91502589112,4.092981613444,4.270937335767,4.448893058091,
    4.626848780415,4.804804502738,4.982760225062,5.160715947385,
    5.338671669709,5.516627392033,5.694583114356,5.87253883668,
    6.050494559004,6.228450281327,6.406406003651,6.584361725975,
    6.762317448298,6.940273170622,7.118228892945,7.296184615269,
    7.474140337593,7.652096059916,7.83005178224),.UNSPECIFIED.);
#7542 = CARTESIAN_POINT('',(6.49043530101,-3.95563990373E-14));
#7543 = CARTESIAN_POINT('',(6.431582664396,-6.27631771306E-06));
#7544 = CARTESIAN_POINT('',(6.315583845506,6.776278142773E-06));
#7545 = CARTESIAN_POINT('',(6.146622076102,7.931153469478E-05));
#7546 = CARTESIAN_POINT('',(5.982839647178,1.972572223545E-04));
#7547 = CARTESIAN_POINT('',(5.823589190596,2.959705123323E-04));
#7548 = CARTESIAN_POINT('',(5.668012616304,3.283263246754E-04));
#7549 = CARTESIAN_POINT('',(5.51514288681,2.783167948846E-04));
#7550 = CARTESIAN_POINT('',(5.364099021611,1.70187495313E-04));
#7551 = CARTESIAN_POINT('',(5.214240581346,5.713615055214E-05));
#7552 = CARTESIAN_POINT('',(5.065291781367,-2.745691350074E-06));
#7553 = CARTESIAN_POINT('',(4.917548663899,2.232045891102E-07));
#7554 = CARTESIAN_POINT('',(4.771693500852,2.864179868465E-06));
#7555 = CARTESIAN_POINT('',(4.627512185275,2.555253074916E-05));
#7556 = CARTESIAN_POINT('',(4.484863439949,6.473441711024E-05));
#7557 = CARTESIAN_POINT('',(4.34355532434,1.127948772509E-04));
#7558 = CARTESIAN_POINT('',(4.203386955561,1.58496034637E-04));
#7559 = CARTESIAN_POINT('',(4.06414586031,1.914252861958E-04));
#7560 = CARTESIAN_POINT('',(3.925617181949,2.041661525307E-04));
#7561 = CARTESIAN_POINT('',(3.78758974249,1.938760538212E-04));
#7562 = CARTESIAN_POINT('',(3.649862930684,1.628059833194E-04));
#7563 = CARTESIAN_POINT('',(3.512253656895,1.179183926751E-04));
#7564 = CARTESIAN_POINT('',(3.374602533599,6.94126966902E-05));
#7565 = CARTESIAN_POINT('',(3.23678349604,2.872435557802E-05));
#7566 = CARTESIAN_POINT('',(3.09870096193,3.883609139569E-06));
#7567 = CARTESIAN_POINT('',(2.960334091601,9.946299135447E-08));
#7568 = CARTESIAN_POINT('',(2.821606066751,-3.762983729315E-06));
#7569 = CARTESIAN_POINT('',(2.683159959553,4.158160090124E-05));
#7570 = CARTESIAN_POINT('',(2.545420631181,1.385115607461E-04));
#7571 = CARTESIAN_POINT('',(2.408248537319,2.355942310398E-04));
#7572 = CARTESIAN_POINT('',(2.271194161459,2.844202162399E-04));
#7573 = CARTESIAN_POINT('',(2.133600458579,2.609929433408E-04));
#7574 = CARTESIAN_POINT('',(1.994747419416,1.767475060301E-04));
#7575 = CARTESIAN_POINT('',(1.853987732455,7.362237590599E-05));
#7576 = CARTESIAN_POINT('',(1.71090218079,3.869662408276E-06));
#7577 = CARTESIAN_POINT('',(1.565422715169,-2.56537821698E-06));
#7578 = CARTESIAN_POINT('',(1.41811794024,2.784243679777E-06));
#7579 = CARTESIAN_POINT('',(1.269950011253,9.170027611109E-05));
#7580 = CARTESIAN_POINT('',(1.121096190041,2.339357588309E-04));
#7581 = CARTESIAN_POINT('',(0.971205002877,3.605222946134E-04));
#7582 = CARTESIAN_POINT('',(0.819515128654,4.115416082695E-04));
#7583 = CARTESIAN_POINT('',(0.665025883135,3.633417616058E-04));
#7584 = CARTESIAN_POINT('',(0.506660326041,2.38668251674E-04));
#7585 = CARTESIAN_POINT('',(0.34348469723,9.490761462797E-05));
#7586 = CARTESIAN_POINT('',(0.174817410212,7.955589093395E-06));
#7587 = CARTESIAN_POINT('',(5.886143748113E-02,-7.418577199111E-06));
#7588 = CARTESIAN_POINT('',(0.,-3.95563990373E-14));
#7589 = ( GEOMETRIC_REPRESENTATION_CONTEXT(2) 
PARAMETRIC_REPRESENTATION_CONTEXT() REPRESENTATION_CONTEXT('2D SPACE',''
  ) );
#7590 = ORIENTED_EDGE('',*,*,#3861,.T.);
#7591 = ADVANCED_FACE('',(#7592),#3795,.F.);
#7592 = FACE_BOUND('',#7593,.F.);
#7593 = EDGE_LOOP('',(#7594,#7595,#7641,#7642));
#7594 = ORIENTED_EDGE('',*,*,#6420,.F.);
#7595 = ORIENTED_EDGE('',*,*,#7596,.T.);
#7596 = EDGE_CURVE('',#4955,#7420,#7597,.T.);
#7597 = SURFACE_CURVE('',#7598,(#7605,#7612),.PCURVE_S1.);
#7598 = B_SPLINE_CURVE_WITH_KNOTS('',5,(#7599,#7600,#7601,#7602,#7603,
    #7604),.UNSPECIFIED.,.F.,.F.,(6,6),(46.7750556887,51.6453179153),
  .PIECEWISE_BEZIER_KNOTS.);
#7599 = CARTESIAN_POINT('',(425.257520683,751.078952096,68.5531776063));
#7600 = CARTESIAN_POINT('',(425.458942597,751.250775522,67.7448126638));
#7601 = CARTESIAN_POINT('',(425.613436644,751.382567038,66.919471699));
#7602 = CARTESIAN_POINT('',(425.717730856,751.471535493,66.0818787443));
#7603 = CARTESIAN_POINT('',(425.76986112,751.516005324,65.238443012));
#7604 = CARTESIAN_POINT('',(425.769860255,751.516004574,64.3949419192));
#7605 = PCURVE('',#3795,#7606);
#7606 = DEFINITIONAL_REPRESENTATION('',(#7607),#7611);
#7607 = LINE('',#7608,#7609);
#7608 = CARTESIAN_POINT('',(-3.552713678801E-14,2.016469744441E-12));
#7609 = VECTOR('',#7610,1.);
#7610 = DIRECTION('',(1.,-4.236875779447E-14));
#7611 = ( GEOMETRIC_REPRESENTATION_CONTEXT(2) 
PARAMETRIC_REPRESENTATION_CONTEXT() REPRESENTATION_CONTEXT('2D SPACE',''
  ) );
#7612 = PCURVE('',#4991,#7613);
#7613 = DEFINITIONAL_REPRESENTATION('',(#7614),#7640);
#7614 = B_SPLINE_CURVE_WITH_KNOTS('',3,(#7615,#7616,#7617,#7618,#7619,
    #7620,#7621,#7622,#7623,#7624,#7625,#7626,#7627,#7628,#7629,#7630,
    #7631,#7632,#7633,#7634,#7635,#7636,#7637,#7638,#7639),
  .UNSPECIFIED.,.F.,.F.,(4,1,1,1,1,1,1,1,1,1,1,1,1,1,1,1,1,1,1,1,1,1,4),
  (46.7750556887,46.996431115467,47.217806542233,47.439181969,
    47.660557395766,47.881932822533,48.103308249299,48.324683676066,
    48.546059102833,48.767434529599,48.988809956366,49.210185383132,
    49.431560809899,49.652936236665,49.874311663432,50.095687090198,
    50.317062516965,50.538437943732,50.759813370498,50.981188797265,
    51.202564224031,51.423939650798,51.645315077564),.UNSPECIFIED.);
#7615 = CARTESIAN_POINT('',(2.957649846894E-08,-8.067377606));
#7616 = CARTESIAN_POINT('',(3.130420897602E-03,-8.082636890453));
#7617 = CARTESIAN_POINT('',(9.396915158643E-03,-8.112508853086));
#7618 = CARTESIAN_POINT('',(1.881311417245E-02,-8.155359634689));
#7619 = CARTESIAN_POINT('',(2.824510274485E-02,-8.196235636322));
#7620 = CARTESIAN_POINT('',(3.769218071504E-02,-8.235120199669));
#7621 = CARTESIAN_POINT('',(4.715362938101E-02,-8.271997315579));
#7622 = CARTESIAN_POINT('',(5.662871039495E-02,-8.306851727507));
#7623 = CARTESIAN_POINT('',(6.611666861106E-02,-8.339668924148));
#7624 = CARTESIAN_POINT('',(7.56167338931E-02,-8.370435161748));
#7625 = CARTESIAN_POINT('',(8.512812321407E-02,-8.399137478474));
#7626 = CARTESIAN_POINT('',(9.465004268552E-02,-8.425763710906));
#7627 = CARTESIAN_POINT('',(0.104181689608,-8.450302509963));
#7628 = CARTESIAN_POINT('',(0.113722254512,-8.47274335698));
#7629 = CARTESIAN_POINT('',(0.123270923193,-8.493076579737));
#7630 = CARTESIAN_POINT('',(0.132826878734,-8.511293368529));
#7631 = CARTESIAN_POINT('',(0.142389303506,-8.52738579215));
#7632 = CARTESIAN_POINT('',(0.151957381158,-8.541346814125));
#7633 = CARTESIAN_POINT('',(0.161530298558,-8.55317030809));
#7634 = CARTESIAN_POINT('',(0.171107247757,-8.562851076293));
#7635 = CARTESIAN_POINT('',(0.180687427751,-8.570384856497));
#7636 = CARTESIAN_POINT('',(0.190270046796,-8.575768372111));
#7637 = CARTESIAN_POINT('',(0.199854322473,-8.578999221057));
#7638 = CARTESIAN_POINT('',(0.206244434127,-8.579717317969));
#7639 = CARTESIAN_POINT('',(0.20943951028,-8.579717178002));
#7640 = ( GEOMETRIC_REPRESENTATION_CONTEXT(2) 
PARAMETRIC_REPRESENTATION_CONTEXT() REPRESENTATION_CONTEXT('2D SPACE',''
  ) );
#7641 = ORIENTED_EDGE('',*,*,#7419,.T.);
#7642 = ORIENTED_EDGE('',*,*,#3773,.F.);
#7643 = ADVANCED_FACE('',(#7644),#4884,.F.);
#7644 = FACE_BOUND('',#7645,.F.);
#7645 = EDGE_LOOP('',(#7646,#7667,#7668,#7707));
#7646 = ORIENTED_EDGE('',*,*,#7647,.F.);
#7647 = EDGE_CURVE('',#5511,#4857,#7648,.T.);
#7648 = SURFACE_CURVE('',#7649,(#7653,#7660),.PCURVE_S1.);
#7649 = LINE('',#7650,#7651);
#7650 = CARTESIAN_POINT('',(406.838926261,750.288375435,72.2725485675));
#7651 = VECTOR('',#7652,1.);
#7652 = DIRECTION('',(0.,0.978147600734,0.207911690818));
#7653 = PCURVE('',#4884,#7654);
#7654 = DEFINITIONAL_REPRESENTATION('',(#7655),#7659);
#7655 = LINE('',#7656,#7657);
#7656 = CARTESIAN_POINT('',(-1.265950011206E-10,-9.782183951756E-10));
#7657 = VECTOR('',#7658,1.);
#7658 = DIRECTION('',(1.423887927546E-14,1.));
#7659 = ( GEOMETRIC_REPRESENTATION_CONTEXT(2) 
PARAMETRIC_REPRESENTATION_CONTEXT() REPRESENTATION_CONTEXT('2D SPACE',''
  ) );
#7660 = PCURVE('',#4915,#7661);
#7661 = DEFINITIONAL_REPRESENTATION('',(#7662),#7666);
#7662 = LINE('',#7663,#7664);
#7663 = CARTESIAN_POINT('',(0.290017311137,1.463484673725E-09));
#7664 = VECTOR('',#7665,1.);
#7665 = DIRECTION('',(-1.45647383043E-13,-1.));
#7666 = ( GEOMETRIC_REPRESENTATION_CONTEXT(2) 
PARAMETRIC_REPRESENTATION_CONTEXT() REPRESENTATION_CONTEXT('2D SPACE',''
  ) );
#7667 = ORIENTED_EDGE('',*,*,#5533,.F.);
#7668 = ORIENTED_EDGE('',*,*,#7669,.T.);
#7669 = EDGE_CURVE('',#5408,#4855,#7670,.T.);
#7670 = SURFACE_CURVE('',#7671,(#7675,#7682),.PCURVE_S1.);
#7671 = LINE('',#7672,#7673);
#7672 = CARTESIAN_POINT('',(408.889379497,751.078952014,68.5531781937));
#7673 = VECTOR('',#7674,1.);
#7674 = DIRECTION('',(0.,0.978147600734,0.207911690818));
#7675 = PCURVE('',#4884,#7676);
#7676 = DEFINITIONAL_REPRESENTATION('',(#7677),#7681);
#7677 = LINE('',#7678,#7679);
#7678 = CARTESIAN_POINT('',(4.553312538608,-9.781602194892E-10));
#7679 = VECTOR('',#7680,1.);
#7680 = DIRECTION('',(2.729257654293E-15,1.));
#7681 = ( GEOMETRIC_REPRESENTATION_CONTEXT(2) 
PARAMETRIC_REPRESENTATION_CONTEXT() REPRESENTATION_CONTEXT('2D SPACE',''
  ) );
#7682 = PCURVE('',#7683,#7702);
#7683 = B_SPLINE_SURFACE_WITH_KNOTS('',5,1,(
    (#7684,#7685)
    ,(#7686,#7687)
    ,(#7688,#7689)
    ,(#7690,#7691)
    ,(#7692,#7693)
    ,(#7694,#7695)
    ,(#7696,#7697)
    ,(#7698,#7699)
    ,(#7700,#7701
    )),.UNSPECIFIED.,.F.,.F.,.F.,(6,3,6),(2,2),(0.,2.76997864508,
    3.95311269272),(-2.278,7.15576156879E-04),.UNSPECIFIED.);
#7684 = CARTESIAN_POINT('',(408.889379497,748.85073178,68.079555362));
#7685 = CARTESIAN_POINT('',(408.889379497,751.078952015,68.5531781937));
#7686 = CARTESIAN_POINT('',(408.917964835,748.93320224,67.6915623518));
#7687 = CARTESIAN_POINT('',(408.917964835,751.172023294,68.1153122528));
#7688 = CARTESIAN_POINT('',(408.928044579,749.03208036,67.1729999788));
#7689 = CARTESIAN_POINT('',(408.928044579,751.283611285,67.5300934592));
#7690 = CARTESIAN_POINT('',(408.926007931,749.117885682,66.5908594773));
#7691 = CARTESIAN_POINT('',(408.926007931,751.380446092,66.8731241538));
#7692 = CARTESIAN_POINT('',(408.914692914,749.199436304,65.7291309379));
#7693 = CARTESIAN_POINT('',(408.914692914,751.472479296,65.9006283414));
#7694 = CARTESIAN_POINT('',(408.904141971,749.230751389,64.971057122));
#7695 = CARTESIAN_POINT('',(408.904141971,751.507819646,65.0451111132));
#7696 = CARTESIAN_POINT('',(408.901544684,749.235967088,64.7583550349));
#7697 = CARTESIAN_POINT('',(408.901544684,751.513705775,64.8050681304));
#7698 = CARTESIAN_POINT('',(408.9,749.238,64.5647142785));
#7699 = CARTESIAN_POINT('',(408.9,751.516,64.5865366369));
#7700 = CARTESIAN_POINT('',(408.9,749.238,64.3949443774));
#7701 = CARTESIAN_POINT('',(408.9,751.516,64.3949443774));
#7702 = DEFINITIONAL_REPRESENTATION('',(#7703),#7706);
#7703 = B_SPLINE_CURVE_WITH_KNOTS('',1,(#7704,#7705),.UNSPECIFIED.,.F.,
  .F.,(2,2),(-2.277999999625,8.949710959213E-10),
  .PIECEWISE_BEZIER_KNOTS.);
#7704 = CARTESIAN_POINT('',(-1.58984896836E-10,-2.278000000083));
#7705 = CARTESIAN_POINT('',(-2.562755641825E-10,7.155760736899E-04));
#7706 = ( GEOMETRIC_REPRESENTATION_CONTEXT(2) 
PARAMETRIC_REPRESENTATION_CONTEXT() REPRESENTATION_CONTEXT('2D SPACE',''
  ) );
#7707 = ORIENTED_EDGE('',*,*,#4854,.T.);
#7708 = ADVANCED_FACE('',(#7709),#4915,.T.);
#7709 = FACE_BOUND('',#7710,.T.);
#7710 = EDGE_LOOP('',(#7711,#7712,#7713,#7714));
#7711 = ORIENTED_EDGE('',*,*,#7647,.F.);
#7712 = ORIENTED_EDGE('',*,*,#5510,.F.);
#7713 = ORIENTED_EDGE('',*,*,#6385,.T.);
#7714 = ORIENTED_EDGE('',*,*,#4899,.T.);
#7715 = ADVANCED_FACE('',(#7716),#4991,.T.);
#7716 = FACE_BOUND('',#7717,.T.);
#7717 = EDGE_LOOP('',(#7718,#7719,#7720,#7743));
#7718 = ORIENTED_EDGE('',*,*,#4977,.T.);
#7719 = ORIENTED_EDGE('',*,*,#7596,.T.);
#7720 = ORIENTED_EDGE('',*,*,#7721,.T.);
#7721 = EDGE_CURVE('',#7420,#7722,#7724,.T.);
#7722 = VERTEX_POINT('',#7723);
#7723 = CARTESIAN_POINT('',(408.900000001,751.516,64.3949443774));
#7724 = SURFACE_CURVE('',#7725,(#7729,#7736),.PCURVE_S1.);
#7725 = LINE('',#7726,#7727);
#7726 = CARTESIAN_POINT('',(417.190143077,751.516,64.3949443774));
#7727 = VECTOR('',#7728,1.);
#7728 = DIRECTION('',(-1.,0.,0.));
#7729 = PCURVE('',#4991,#7730);
#7730 = DEFINITIONAL_REPRESENTATION('',(#7731),#7735);
#7731 = LINE('',#7732,#7733);
#7732 = CARTESIAN_POINT('',(0.20943951024,0.));
#7733 = VECTOR('',#7734,1.);
#7734 = DIRECTION('',(0.,1.));
#7735 = ( GEOMETRIC_REPRESENTATION_CONTEXT(2) 
PARAMETRIC_REPRESENTATION_CONTEXT() REPRESENTATION_CONTEXT('2D SPACE',''
  ) );
#7736 = PCURVE('',#7458,#7737);
#7737 = DEFINITIONAL_REPRESENTATION('',(#7738),#7742);
#7738 = LINE('',#7739,#7740);
#7739 = CARTESIAN_POINT('',(-21.1946041064,-991.609856923));
#7740 = VECTOR('',#7741,1.);
#7741 = DIRECTION('',(0.,-1.));
#7742 = ( GEOMETRIC_REPRESENTATION_CONTEXT(2) 
PARAMETRIC_REPRESENTATION_CONTEXT() REPRESENTATION_CONTEXT('2D SPACE',''
  ) );
#7743 = ORIENTED_EDGE('',*,*,#7744,.T.);
#7744 = EDGE_CURVE('',#7722,#4855,#7745,.T.);
#7745 = SURFACE_CURVE('',#7746,(#7765,#7816),.PCURVE_S1.);
#7746 = B_SPLINE_CURVE_WITH_KNOTS('',5,(#7747,#7748,#7749,#7750,#7751,
    #7752,#7753,#7754,#7755,#7756,#7757,#7758,#7759,#7760,#7761,#7762,
    #7763,#7764),.UNSPECIFIED.,.F.,.F.,(6,3,3,3,3,6),(0.,1.14917361162,
    2.33224979794,3.01320664451,4.82163023685,6.02792477463),
  .UNSPECIFIED.);
#7747 = CARTESIAN_POINT('',(408.900000001,751.516,64.3949443774));
#7748 = CARTESIAN_POINT('',(408.900000001,751.516,64.5526456665));
#7749 = CARTESIAN_POINT('',(408.901046335,751.514445644,64.7138268547));
#7750 = CARTESIAN_POINT('',(408.902529863,751.511102677,64.8774502107));
#7751 = CARTESIAN_POINT('',(408.905988792,751.501544998,65.1961858307));
#7752 = CARTESIAN_POINT('',(408.909959967,751.485503175,65.5169259963));
#7753 = CARTESIAN_POINT('',(408.91194146,751.475805636,65.6792200223));
#7754 = CARTESIAN_POINT('',(408.915097484,751.456921637,65.9463651038));
#7755 = CARTESIAN_POINT('',(408.917841832,751.433375067,66.2150423942));
#7756 = CARTESIAN_POINT('',(408.918270211,751.429264137,66.2594792332));
#7757 = CARTESIAN_POINT('',(408.921466479,751.394339303,66.6181841445));
#7758 = CARTESIAN_POINT('',(408.923235408,751.351344123,66.9760164455));
#7759 = CARTESIAN_POINT('',(408.923375909,751.316050512,67.2337899779));
#7760 = CARTESIAN_POINT('',(408.921106636,751.250565723,67.6606120385));
#7761 = CARTESIAN_POINT('',(408.911529154,751.174473059,68.0811591577));
#7762 = CARTESIAN_POINT('',(408.906929284,751.146818759,68.225685997));
#7763 = CARTESIAN_POINT('',(408.899928852,751.113299758,68.3915847643));
#7764 = CARTESIAN_POINT('',(408.889379498,751.078952015,68.5531781935));
#7765 = PCURVE('',#4991,#7766);
#7766 = DEFINITIONAL_REPRESENTATION('',(#7767),#7815);
#7767 = B_SPLINE_CURVE_WITH_KNOTS('',3,(#7768,#7769,#7770,#7771,#7772,
    #7773,#7774,#7775,#7776,#7777,#7778,#7779,#7780,#7781,#7782,#7783,
    #7784,#7785,#7786,#7787,#7788,#7789,#7790,#7791,#7792,#7793,#7794,
    #7795,#7796,#7797,#7798,#7799,#7800,#7801,#7802,#7803,#7804,#7805,
    #7806,#7807,#7808,#7809,#7810,#7811,#7812,#7813,#7814),
  .UNSPECIFIED.,.F.,.F.,(4,1,1,1,1,1,1,1,1,1,1,1,1,1,1,1,1,1,1,1,1,1,1,1
    ,1,1,1,1,1,1,1,1,1,1,1,1,1,1,1,1,1,1,1,1,4),(0.,0.136998290332,
    0.273996580665,0.410994870997,0.54799316133,0.684991451662,
    0.821989741995,0.958988032327,1.09598632266,1.232984612992,
    1.369982903325,1.506981193657,1.64397948399,1.780977774322,
    1.917976064655,2.054974354987,2.19197264532,2.328970935652,
    2.465969225985,2.602967516317,2.73996580665,2.876964096982,
    3.013962387315,3.150960677647,3.28795896798,3.424957258312,
    3.561955548645,3.698953838977,3.83595212931,3.972950419642,
    4.109948709975,4.246947000308,4.38394529064,4.520943580972,
    4.657941871305,4.794940161638,4.93193845197,5.068936742302,
    5.205935032635,5.342933322968,5.4799316133,5.616929903632,
    5.753928193965,5.890926484298,6.02792477463),.UNSPECIFIED.);
#7768 = CARTESIAN_POINT('',(0.20943951024,8.290143076));
#7769 = CARTESIAN_POINT('',(0.207873276712,8.290142361541));
#7770 = CARTESIAN_POINT('',(0.20472249147,8.290044529416));
#7771 = CARTESIAN_POINT('',(0.199957018789,8.289656406255));
#7772 = CARTESIAN_POINT('',(0.195166553302,8.289077923893));
#7773 = CARTESIAN_POINT('',(0.19037014906,8.288348964167));
#7774 = CARTESIAN_POINT('',(0.18558553772,8.287503105827));
#7775 = CARTESIAN_POINT('',(0.1808264794,8.286567345381));
#7776 = CARTESIAN_POINT('',(0.176098574402,8.285563112027));
#7777 = CARTESIAN_POINT('',(0.171397794408,8.284507216258));
#7778 = CARTESIAN_POINT('',(0.166699673376,8.283411769693));
#7779 = CARTESIAN_POINT('',(0.161992738575,8.282289494244));
#7780 = CARTESIAN_POINT('',(0.157275799758,8.281151604921));
#7781 = CARTESIAN_POINT('',(0.152538853237,8.280005861658));
#7782 = CARTESIAN_POINT('',(0.147771094645,8.278858439412));
#7783 = CARTESIAN_POINT('',(0.14296286137,8.277714976291));
#7784 = CARTESIAN_POINT('',(0.13810706542,8.276581426432));
#7785 = CARTESIAN_POINT('',(0.133208747216,8.275466515881));
#7786 = CARTESIAN_POINT('',(0.128262659634,8.274377981694));
#7787 = CARTESIAN_POINT('',(0.123350605811,8.273342075169));
#7788 = CARTESIAN_POINT('',(0.119156578632,8.272491439835));
#7789 = CARTESIAN_POINT('',(0.115302632558,8.271757928975));
#7790 = CARTESIAN_POINT('',(0.111116431483,8.2710203526));
#7791 = CARTESIAN_POINT('',(0.106202714765,8.270214180685));
#7792 = CARTESIAN_POINT('',(0.101232571046,8.26948352629));
#7793 = CARTESIAN_POINT('',(9.627966564058E-02,8.268852506304));
#7794 = CARTESIAN_POINT('',(9.132631492324E-02,8.268327648007));
#7795 = CARTESIAN_POINT('',(8.637887918503E-02,8.267920569275));
#7796 = CARTESIAN_POINT('',(8.143690260196E-02,8.267642206942));
#7797 = CARTESIAN_POINT('',(7.650144132342E-02,8.267504669021));
#7798 = CARTESIAN_POINT('',(7.157289222929E-02,8.267521043374));
#7799 = CARTESIAN_POINT('',(6.665163100425E-02,8.267705756691));
#7800 = CARTESIAN_POINT('',(6.173791223929E-02,8.268074775799));
#7801 = CARTESIAN_POINT('',(5.68319119271E-02,8.268645889355));
#7802 = CARTESIAN_POINT('',(5.193393803098E-02,8.269438825635));
#7803 = CARTESIAN_POINT('',(4.704382590084E-02,8.270475945605));
#7804 = CARTESIAN_POINT('',(4.216342562348E-02,8.271780798728));
#7805 = CARTESIAN_POINT('',(3.728753604674E-02,8.273384652562));
#7806 = CARTESIAN_POINT('',(3.248375946103E-02,8.275273286269));
#7807 = CARTESIAN_POINT('',(2.778010865912E-02,8.277457508189));
#7808 = CARTESIAN_POINT('',(2.316026060184E-02,8.279981265555));
#7809 = CARTESIAN_POINT('',(1.858502672761E-02,8.282912352884));
#7810 = CARTESIAN_POINT('',(1.400646123666E-02,8.28633767981));
#7811 = CARTESIAN_POINT('',(9.38604336684E-03,8.290357209655));
#7812 = CARTESIAN_POINT('',(4.703949918209E-03,8.29507865563));
#7813 = CARTESIAN_POINT('',(1.567903628795E-03,8.298766535722));
#7814 = CARTESIAN_POINT('',(0.,8.300763579));
#7815 = ( GEOMETRIC_REPRESENTATION_CONTEXT(2) 
PARAMETRIC_REPRESENTATION_CONTEXT() REPRESENTATION_CONTEXT('2D SPACE',''
  ) );
#7816 = PCURVE('',#7683,#7817);
#7817 = DEFINITIONAL_REPRESENTATION('',(#7818),#7866);
#7818 = B_SPLINE_CURVE_WITH_KNOTS('',3,(#7819,#7820,#7821,#7822,#7823,
    #7824,#7825,#7826,#7827,#7828,#7829,#7830,#7831,#7832,#7833,#7834,
    #7835,#7836,#7837,#7838,#7839,#7840,#7841,#7842,#7843,#7844,#7845,
    #7846,#7847,#7848,#7849,#7850,#7851,#7852,#7853,#7854,#7855,#7856,
    #7857,#7858,#7859,#7860,#7861,#7862,#7863,#7864,#7865),
  .UNSPECIFIED.,.F.,.F.,(4,1,1,1,1,1,1,1,1,1,1,1,1,1,1,1,1,1,1,1,1,1,1,1
    ,1,1,1,1,1,1,1,1,1,1,1,1,1,1,1,1,1,1,1,1,4),(0.,0.136998290332,
    0.273996580665,0.410994870997,0.54799316133,0.684991451662,
    0.821989741995,0.958988032327,1.09598632266,1.232984612992,
    1.369982903325,1.506981193657,1.64397948399,1.780977774322,
    1.917976064655,2.054974354987,2.19197264532,2.328970935652,
    2.465969225985,2.602967516317,2.73996580665,2.876964096982,
    3.013962387315,3.150960677647,3.28795896798,3.424957258312,
    3.561955548645,3.698953838977,3.83595212931,3.972950419642,
    4.109948709975,4.246947000308,4.38394529064,4.520943580972,
    4.657941871305,4.794940161638,4.93193845197,5.068936742302,
    5.205935032635,5.342933322968,5.4799316133,5.616929903632,
    5.753928193965,5.890926484298,6.02792477463),.UNSPECIFIED.);
#7819 = CARTESIAN_POINT('',(3.95311269272,7.15576156879E-04));
#7820 = CARTESIAN_POINT('',(3.91444138008,7.160337464641E-04));
#7821 = CARTESIAN_POINT('',(3.838716393343,7.150403270144E-04));
#7822 = CARTESIAN_POINT('',(3.72951413685,7.103107903607E-04));
#7823 = CARTESIAN_POINT('',(3.624139030928,7.039133559486E-04));
#7824 = CARTESIAN_POINT('',(3.522349336113,7.006216088078E-04));
#7825 = CARTESIAN_POINT('',(3.423947792589,7.025692848757E-04));
#7826 = CARTESIAN_POINT('',(3.328735809368,7.085793811301E-04));
#7827 = CARTESIAN_POINT('',(3.236419048131,7.14740057566E-04));
#7828 = CARTESIAN_POINT('',(3.146582139733,7.167706885401E-04));
#7829 = CARTESIAN_POINT('',(3.058493079108,7.156158689368E-04));
#7830 = CARTESIAN_POINT('',(2.971730759662,7.185982717026E-04));
#7831 = CARTESIAN_POINT('',(2.886096365035,7.247704704339E-04));
#7832 = CARTESIAN_POINT('',(2.801254471981,7.30175053183E-04));
#7833 = CARTESIAN_POINT('',(2.716882396135,7.312967324586E-04));
#7834 = CARTESIAN_POINT('',(2.632684052832,7.276059130586E-04));
#7835 = CARTESIAN_POINT('',(2.548417949413,7.209964986974E-04));
#7836 = CARTESIAN_POINT('',(2.464062948838,7.177840538638E-04));
#7837 = CARTESIAN_POINT('',(2.379422381634,7.129770981766E-04));
#7838 = CARTESIAN_POINT('',(2.295797610095,7.330174267749E-04));
#7839 = CARTESIAN_POINT('',(2.224650202348,8.285793258452E-04));
#7840 = CARTESIAN_POINT('',(2.159408671422,8.308558716901E-04));
#7841 = CARTESIAN_POINT('',(2.088647740972,7.378684172929E-04));
#7842 = CARTESIAN_POINT('',(2.005662674642,7.184962647416E-04));
#7843 = CARTESIAN_POINT('',(1.921711047054,7.258664591148E-04));
#7844 = CARTESIAN_POINT('',(1.837941477763,7.265158405621E-04));
#7845 = CARTESIAN_POINT('',(1.753963750298,7.294123260457E-04));
#7846 = CARTESIAN_POINT('',(1.66979205676,7.318904307662E-04));
#7847 = CARTESIAN_POINT('',(1.585323994927,7.342911201923E-04));
#7848 = CARTESIAN_POINT('',(1.500479702059,7.361574935219E-04));
#7849 = CARTESIAN_POINT('',(1.415163944308,7.373380872965E-04));
#7850 = CARTESIAN_POINT('',(1.329275340847,7.377394784288E-04));
#7851 = CARTESIAN_POINT('',(1.242702968136,7.374103534935E-04));
#7852 = CARTESIAN_POINT('',(1.155324887147,7.364877614757E-04));
#7853 = CARTESIAN_POINT('',(1.067009775317,7.3520160942E-04));
#7854 = CARTESIAN_POINT('',(0.977601845287,7.336235500075E-04));
#7855 = CARTESIAN_POINT('',(0.886966384102,7.322205647874E-04));
#7856 = CARTESIAN_POINT('',(0.794805337349,7.292861557429E-04));
#7857 = CARTESIAN_POINT('',(0.702200885419,7.504563995781E-04));
#7858 = CARTESIAN_POINT('',(0.609540308572,7.860097569092E-04));
#7859 = CARTESIAN_POINT('',(0.516335255448,8.123876658212E-04));
#7860 = CARTESIAN_POINT('',(0.421557704583,8.126706125445E-04));
#7861 = CARTESIAN_POINT('',(0.323849355209,7.85650068416E-04));
#7862 = CARTESIAN_POINT('',(0.221834412424,7.456648658438E-04));
#7863 = CARTESIAN_POINT('',(0.114293683379,7.184391907642E-04));
#7864 = CARTESIAN_POINT('',(3.878733774836E-02,7.130736813995E-04));
#7865 = CARTESIAN_POINT('',(0.,7.15576156879E-04));
#7866 = ( GEOMETRIC_REPRESENTATION_CONTEXT(2) 
PARAMETRIC_REPRESENTATION_CONTEXT() REPRESENTATION_CONTEXT('2D SPACE',''
  ) );
#7867 = ADVANCED_FACE('',(#7868),#5076,.T.);
#7868 = FACE_BOUND('',#7869,.T.);
#7869 = EDGE_LOOP('',(#7870,#7893,#7894,#7895));
#7870 = ORIENTED_EDGE('',*,*,#7871,.F.);
#7871 = EDGE_CURVE('',#5056,#7872,#7874,.T.);
#7872 = VERTEX_POINT('',#7873);
#7873 = CARTESIAN_POINT('',(432.752141315,753.829552781,186.660835249));
#7874 = SURFACE_CURVE('',#7875,(#7879,#7886),.PCURVE_S1.);
#7875 = LINE('',#7876,#7877);
#7876 = CARTESIAN_POINT('',(432.752141315,753.829552781,121.936333299));
#7877 = VECTOR('',#7878,1.);
#7878 = DIRECTION('',(0.,0.,1.));
#7879 = PCURVE('',#5076,#7880);
#7880 = DEFINITIONAL_REPRESENTATION('',(#7881),#7885);
#7881 = LINE('',#7882,#7883);
#7882 = CARTESIAN_POINT('',(0.,1.000003635454E-09));
#7883 = VECTOR('',#7884,1.);
#7884 = DIRECTION('',(0.,1.));
#7885 = ( GEOMETRIC_REPRESENTATION_CONTEXT(2) 
PARAMETRIC_REPRESENTATION_CONTEXT() REPRESENTATION_CONTEXT('2D SPACE',''
  ) );
#7886 = PCURVE('',#5104,#7887);
#7887 = DEFINITIONAL_REPRESENTATION('',(#7888),#7892);
#7888 = LINE('',#7889,#7890);
#7889 = CARTESIAN_POINT('',(3.141592653543,1.000003635454E-09));
#7890 = VECTOR('',#7891,1.);
#7891 = DIRECTION('',(0.,1.));
#7892 = ( GEOMETRIC_REPRESENTATION_CONTEXT(2) 
PARAMETRIC_REPRESENTATION_CONTEXT() REPRESENTATION_CONTEXT('2D SPACE',''
  ) );
#7893 = ORIENTED_EDGE('',*,*,#5055,.T.);
#7894 = ORIENTED_EDGE('',*,*,#6284,.T.);
#7895 = ORIENTED_EDGE('',*,*,#7896,.T.);
#7896 = EDGE_CURVE('',#6234,#7872,#7897,.T.);
#7897 = SURFACE_CURVE('',#7898,(#7905,#7934),.PCURVE_S1.);
#7898 = B_SPLINE_CURVE_WITH_KNOTS('',5,(#7899,#7900,#7901,#7902,#7903,
    #7904),.UNSPECIFIED.,.F.,.F.,(6,6),(0.,5.50143786866),
  .PIECEWISE_BEZIER_KNOTS.);
#7899 = CARTESIAN_POINT('',(435.721184544,756.016521217,187.726074745));
#7900 = CARTESIAN_POINT('',(435.27445415,755.51158436,187.402420728));
#7901 = CARTESIAN_POINT('',(434.726247205,754.991943552,187.16393824));
#7902 = CARTESIAN_POINT('',(434.126739732,754.544825841,186.964818726));
#7903 = CARTESIAN_POINT('',(433.459284441,754.148097533,186.797680294));
#7904 = CARTESIAN_POINT('',(432.752141315,753.829552781,186.660835249));
#7905 = PCURVE('',#5076,#7906);
#7906 = DEFINITIONAL_REPRESENTATION('',(#7907),#7933);
#7907 = B_SPLINE_CURVE_WITH_KNOTS('',3,(#7908,#7909,#7910,#7911,#7912,
    #7913,#7914,#7915,#7916,#7917,#7918,#7919,#7920,#7921,#7922,#7923,
    #7924,#7925,#7926,#7927,#7928,#7929,#7930,#7931,#7932),
  .UNSPECIFIED.,.F.,.F.,(4,1,1,1,1,1,1,1,1,1,1,1,1,1,1,1,1,1,1,1,1,1,4),
  (0.,0.250065357666,0.500130715333,0.750196072999,1.000261430665,
    1.250326788332,1.500392145998,1.750457503665,2.000522861331,
    2.250588218997,2.500653576664,2.75071893433,3.000784291996,
    3.250849649663,3.500915007329,3.750980364995,4.001045722662,
    4.251111080328,4.501176437995,4.751241795661,5.001307153327,
    5.251372510994,5.50143786866),.UNSPECIFIED.);
#7908 = CARTESIAN_POINT('',(0.423242343623,65.789741447));
#7909 = CARTESIAN_POINT('',(0.417423251928,65.765223767442));
#7910 = CARTESIAN_POINT('',(0.405664517227,65.717355609593));
#7911 = CARTESIAN_POINT('',(0.387710859739,65.648827222616));
#7912 = CARTESIAN_POINT('',(0.369490394145,65.583337743945));
#7913 = CARTESIAN_POINT('',(0.351042596859,65.52067738831));
#7914 = CARTESIAN_POINT('',(0.332401500444,65.460651893802));
#7915 = CARTESIAN_POINT('',(0.313595321115,65.403084136615));
#7916 = CARTESIAN_POINT('',(0.294647230863,65.347812731995));
#7917 = CARTESIAN_POINT('',(0.275575840066,65.294691442732));
#7918 = CARTESIAN_POINT('',(0.256395771533,65.243588371274));
#7919 = CARTESIAN_POINT('',(0.237118219735,65.194385209819));
#7920 = CARTESIAN_POINT('',(0.217751518996,65.146976474869));
#7921 = CARTESIAN_POINT('',(0.198301709324,65.101268745954));
#7922 = CARTESIAN_POINT('',(0.178773097753,65.057179903221));
#7923 = CARTESIAN_POINT('',(0.159168810605,65.014638365387));
#7924 = CARTESIAN_POINT('',(0.139491332469,64.973582327378));
#7925 = CARTESIAN_POINT('',(0.119743028375,64.933958998848));
#7926 = CARTESIAN_POINT('',(9.992664218382E-02,64.895723839505));
#7927 = CARTESIAN_POINT('',(8.0045777181E-02,64.858839806329));
#7928 = CARTESIAN_POINT('',(6.010531612873E-02,64.823276556395));
#7929 = CARTESIAN_POINT('',(4.011191992175E-02,64.789009815411));
#7930 = CARTESIAN_POINT('',(2.007406544543E-02,64.756020127776));
#7931 = CARTESIAN_POINT('',(6.69376609307E-03,64.734869319156));
#7932 = CARTESIAN_POINT('',(8.881784197001E-16,64.724501951));
#7933 = ( GEOMETRIC_REPRESENTATION_CONTEXT(2) 
PARAMETRIC_REPRESENTATION_CONTEXT() REPRESENTATION_CONTEXT('2D SPACE',''
  ) );
#7934 = PCURVE('',#6494,#7935);
#7935 = DEFINITIONAL_REPRESENTATION('',(#7936),#7962);
#7936 = B_SPLINE_CURVE_WITH_KNOTS('',3,(#7937,#7938,#7939,#7940,#7941,
    #7942,#7943,#7944,#7945,#7946,#7947,#7948,#7949,#7950,#7951,#7952,
    #7953,#7954,#7955,#7956,#7957,#7958,#7959,#7960,#7961),
  .UNSPECIFIED.,.F.,.F.,(4,1,1,1,1,1,1,1,1,1,1,1,1,1,1,1,1,1,1,1,1,1,4),
  (0.,0.250065357666,0.500130715333,0.750196072999,1.000261430665,
    1.250326788332,1.500392145998,1.750457503665,2.000522861331,
    2.250588218997,2.500653576664,2.75071893433,3.000784291996,
    3.250849649663,3.500915007329,3.750980364995,4.001045722662,
    4.251111080328,4.501176437995,4.751241795661,5.001307153327,
    5.251372510994,5.50143786866),.UNSPECIFIED.);
#7937 = CARTESIAN_POINT('',(6.69670961671,2.28350183272));
#7938 = CARTESIAN_POINT('',(6.634285563433,2.283500399327));
#7939 = CARTESIAN_POINT('',(6.511152909508,2.28348192236));
#7940 = CARTESIAN_POINT('',(6.331154959486,2.283433900279));
#7941 = CARTESIAN_POINT('',(6.155389994921,2.283397948661));
#7942 = CARTESIAN_POINT('',(5.983469484737,2.283385958449));
#7943 = CARTESIAN_POINT('',(5.815039539049,2.283400985571));
#7944 = CARTESIAN_POINT('',(5.649779869722,2.283438310266));
#7945 = CARTESIAN_POINT('',(5.487394179444,2.283488913959));
#7946 = CARTESIAN_POINT('',(5.327606488402,2.283541726338));
#7947 = CARTESIAN_POINT('',(5.170154157249,2.283586029436));
#7948 = CARTESIAN_POINT('',(5.01478098272,2.283613607395));
#7949 = CARTESIAN_POINT('',(4.861249135998,2.283618903923));
#7950 = CARTESIAN_POINT('',(4.709335536271,2.283600217613));
#7951 = CARTESIAN_POINT('',(4.558831527152,2.283560031475));
#7952 = CARTESIAN_POINT('',(4.409542423987,2.283504826578));
#7953 = CARTESIAN_POINT('',(4.261287651949,2.283444312638));
#7954 = CARTESIAN_POINT('',(4.113901132936,2.283390109762));
#7955 = CARTESIAN_POINT('',(3.96723187211,2.283353911467));
#7956 = CARTESIAN_POINT('',(3.821144730637,2.283345066342));
#7957 = CARTESIAN_POINT('',(3.675521044067,2.283367890157));
#7958 = CARTESIAN_POINT('',(3.530260102676,2.283417620447));
#7959 = CARTESIAN_POINT('',(3.385277477728,2.28347916167));
#7960 = CARTESIAN_POINT('',(3.288769165229,2.283501881516));
#7961 = CARTESIAN_POINT('',(3.240540757423,2.283503270409));
#7962 = ( GEOMETRIC_REPRESENTATION_CONTEXT(2) 
PARAMETRIC_REPRESENTATION_CONTEXT() REPRESENTATION_CONTEXT('2D SPACE',''
  ) );
#7963 = ADVANCED_FACE('',(#7964),#5104,.T.);
#7964 = FACE_BOUND('',#7965,.T.);
#7965 = EDGE_LOOP('',(#7966,#7967,#8091,#8092));
#7966 = ORIENTED_EDGE('',*,*,#7871,.T.);
#7967 = ORIENTED_EDGE('',*,*,#7968,.T.);
#7968 = EDGE_CURVE('',#7872,#5334,#7969,.T.);
#7969 = SURFACE_CURVE('',#7970,(#7989,#8040),.PCURVE_S1.);
#7970 = B_SPLINE_CURVE_WITH_KNOTS('',5,(#7971,#7972,#7973,#7974,#7975,
    #7976,#7977,#7978,#7979,#7980,#7981,#7982,#7983,#7984,#7985,#7986,
    #7987,#7988),.UNSPECIFIED.,.F.,.F.,(6,3,3,3,3,6),(0.,2.00127718946,
    2.49307242247,2.98486765548,3.43886275466,5.26099385557),
  .UNSPECIFIED.);
#7971 = CARTESIAN_POINT('',(432.752141315,753.829552781,186.660835249));
#7972 = CARTESIAN_POINT('',(432.496303727,753.714306351,186.611326027));
#7973 = CARTESIAN_POINT('',(432.235242965,753.609004037,186.565762722));
#7974 = CARTESIAN_POINT('',(431.969933709,753.514180496,186.524041377));
#7975 = CARTESIAN_POINT('',(431.634415205,753.409240367,186.477022677));
#7976 = CARTESIAN_POINT('',(431.293674113,753.321145497,186.436275841));
#7977 = CARTESIAN_POINT('',(431.22644583,753.304470943,186.428497859));
#7978 = CARTESIAN_POINT('',(431.091020017,753.27229089,186.413387063));
#7979 = CARTESIAN_POINT('',(430.953416909,753.242478137,186.399137283));
#7980 = CARTESIAN_POINT('',(430.884145318,753.22820065,186.392231446));
#7981 = CARTESIAN_POINT('',(430.751135446,753.202188519,186.379484435));
#7982 = CARTESIAN_POINT('',(430.619173299,753.178999017,186.367866857));
#7983 = CARTESIAN_POINT('',(430.534561926,753.165032091,186.360798913));
#7984 = CARTESIAN_POINT('',(430.218106092,753.116143449,186.335715622));
#7985 = CARTESIAN_POINT('',(429.901889455,753.081999262,186.316765254));
#7986 = CARTESIAN_POINT('',(429.653786641,753.064007386,186.306119259));
#7987 = CARTESIAN_POINT('',(429.398353643,753.055,186.3));
#7988 = CARTESIAN_POINT('',(429.146851227,753.055,186.3));
#7989 = PCURVE('',#5104,#7990);
#7990 = DEFINITIONAL_REPRESENTATION('',(#7991),#8039);
#7991 = B_SPLINE_CURVE_WITH_KNOTS('',3,(#7992,#7993,#7994,#7995,#7996,
    #7997,#7998,#7999,#8000,#8001,#8002,#8003,#8004,#8005,#8006,#8007,
    #8008,#8009,#8010,#8011,#8012,#8013,#8014,#8015,#8016,#8017,#8018,
    #8019,#8020,#8021,#8022,#8023,#8024,#8025,#8026,#8027,#8028,#8029,
    #8030,#8031,#8032,#8033,#8034,#8035,#8036,#8037,#8038),
  .UNSPECIFIED.,.F.,.F.,(4,1,1,1,1,1,1,1,1,1,1,1,1,1,1,1,1,1,1,1,1,1,1,1
    ,1,1,1,1,1,1,1,1,1,1,1,1,1,1,1,1,1,1,1,1,4),(0.,0.119568042172,
    0.239136084344,0.358704126516,0.478272168688,0.59784021086,
    0.717408253032,0.836976295204,0.956544337376,1.076112379548,
    1.19568042172,1.315248463892,1.434816506065,1.554384548237,
    1.673952590409,1.793520632581,1.913088674753,2.032656716925,
    2.152224759097,2.271792801269,2.391360843441,2.510928885613,
    2.630496927785,2.750064969957,2.869633012129,2.989201054301,
    3.108769096473,3.228337138645,3.347905180817,3.467473222989,
    3.587041265161,3.706609307333,3.826177349505,3.945745391677,
    4.06531343385,4.184881476022,4.304449518194,4.424017560366,
    4.543585602538,4.66315364471,4.782721686882,4.902289729054,
    5.021857771226,5.141425813398,5.26099385557),.UNSPECIFIED.);
#7992 = CARTESIAN_POINT('',(3.141592653543,64.724501951));
#7993 = CARTESIAN_POINT('',(3.138409589129,64.719572026324));
#7994 = CARTESIAN_POINT('',(3.132041665271,64.709805972486));
#7995 = CARTESIAN_POINT('',(3.122484916325,64.695437493306));
#7996 = CARTESIAN_POINT('',(3.112923876067,64.681348706905));
#7997 = CARTESIAN_POINT('',(3.10335894164,64.6675391379));
#7998 = CARTESIAN_POINT('',(3.09379041314,64.654008558889));
#7999 = CARTESIAN_POINT('',(3.084218490397,64.640757004008));
#8000 = CARTESIAN_POINT('',(3.074643291519,64.627784729177));
#8001 = CARTESIAN_POINT('',(3.065064865678,64.615092186632));
#8002 = CARTESIAN_POINT('',(3.055483207404,64.602679995595));
#8003 = CARTESIAN_POINT('',(3.045898270691,64.590548914128));
#8004 = CARTESIAN_POINT('',(3.036309982281,64.578699810092));
#8005 = CARTESIAN_POINT('',(3.026718258187,64.567133634518));
#8006 = CARTESIAN_POINT('',(3.017123007683,64.55585138623));
#8007 = CARTESIAN_POINT('',(3.00752418364,64.544854109018));
#8008 = CARTESIAN_POINT('',(2.9979216593,64.534142767394));
#8009 = CARTESIAN_POINT('',(2.988315752078,64.523718575458));
#8010 = CARTESIAN_POINT('',(2.978705331802,64.513581634707));
#8011 = CARTESIAN_POINT('',(2.969095236183,64.50373608986));
#8012 = CARTESIAN_POINT('',(2.959485261268,64.494182823884));
#8013 = CARTESIAN_POINT('',(2.949855067213,64.484908459238));
#8014 = CARTESIAN_POINT('',(2.940181785644,64.47589720986));
#8015 = CARTESIAN_POINT('',(2.930452482015,64.467138515072));
#8016 = CARTESIAN_POINT('',(2.920693835547,64.458652764135));
#8017 = CARTESIAN_POINT('',(2.910920099116,64.450456320569));
#8018 = CARTESIAN_POINT('',(2.901234845754,64.442632482204));
#8019 = CARTESIAN_POINT('',(2.891404003605,64.435026049118));
#8020 = CARTESIAN_POINT('',(2.88045806477,64.426969870946));
#8021 = CARTESIAN_POINT('',(2.869793998226,64.419479076862));
#8022 = CARTESIAN_POINT('',(2.8602793465,64.413165777667));
#8023 = CARTESIAN_POINT('',(2.850709439098,64.407139038593));
#8024 = CARTESIAN_POINT('',(2.841181376174,64.401477007051));
#8025 = CARTESIAN_POINT('',(2.831672521152,64.396169452428));
#8026 = CARTESIAN_POINT('',(2.822188556667,64.39122897418));
#8027 = CARTESIAN_POINT('',(2.812724653787,64.386661607708));
#8028 = CARTESIAN_POINT('',(2.803276726305,64.382475104474));
#8029 = CARTESIAN_POINT('',(2.79383927203,64.378677117383));
#8030 = CARTESIAN_POINT('',(2.784406813288,64.375276090866));
#8031 = CARTESIAN_POINT('',(2.774974377947,64.372281426884));
#8032 = CARTESIAN_POINT('',(2.765538235881,64.369703842536));
#8033 = CARTESIAN_POINT('',(2.756096582544,64.367555685358));
#8034 = CARTESIAN_POINT('',(2.74665018065,64.365851226232));
#8035 = CARTESIAN_POINT('',(2.737203216811,64.364607084166));
#8036 = CARTESIAN_POINT('',(2.727763326937,64.363842145995));
#8037 = CARTESIAN_POINT('',(2.721484249251,64.363666965007));
#8038 = CARTESIAN_POINT('',(2.718350309982,64.363666702));
#8039 = ( GEOMETRIC_REPRESENTATION_CONTEXT(2) 
PARAMETRIC_REPRESENTATION_CONTEXT() REPRESENTATION_CONTEXT('2D SPACE',''
  ) );
#8040 = PCURVE('',#6494,#8041);
#8041 = DEFINITIONAL_REPRESENTATION('',(#8042),#8090);
#8042 = B_SPLINE_CURVE_WITH_KNOTS('',3,(#8043,#8044,#8045,#8046,#8047,
    #8048,#8049,#8050,#8051,#8052,#8053,#8054,#8055,#8056,#8057,#8058,
    #8059,#8060,#8061,#8062,#8063,#8064,#8065,#8066,#8067,#8068,#8069,
    #8070,#8071,#8072,#8073,#8074,#8075,#8076,#8077,#8078,#8079,#8080,
    #8081,#8082,#8083,#8084,#8085,#8086,#8087,#8088,#8089),
  .UNSPECIFIED.,.F.,.F.,(4,1,1,1,1,1,1,1,1,1,1,1,1,1,1,1,1,1,1,1,1,1,1,1
    ,1,1,1,1,1,1,1,1,1,1,1,1,1,1,1,1,1,1,1,1,4),(0.,0.119568042172,
    0.239136084344,0.358704126516,0.478272168688,0.59784021086,
    0.717408253032,0.836976295204,0.956544337376,1.076112379548,
    1.19568042172,1.315248463892,1.434816506065,1.554384548237,
    1.673952590409,1.793520632581,1.913088674753,2.032656716925,
    2.152224759097,2.271792801269,2.391360843441,2.510928885613,
    2.630496927785,2.750064969957,2.869633012129,2.989201054301,
    3.108769096473,3.228337138645,3.347905180817,3.467473222989,
    3.587041265161,3.706609307333,3.826177349505,3.945745391677,
    4.06531343385,4.184881476022,4.304449518194,4.424017560366,
    4.543585602538,4.66315364471,4.782721686882,4.902289729054,
    5.021857771226,5.141425813398,5.26099385557),.UNSPECIFIED.);
#8043 = CARTESIAN_POINT('',(3.240540757423,2.283503270409));
#8044 = CARTESIAN_POINT('',(3.217606884669,2.283503112337));
#8045 = CARTESIAN_POINT('',(3.171749692439,2.283502861843));
#8046 = CARTESIAN_POINT('',(3.102984024897,2.283502721854));
#8047 = CARTESIAN_POINT('',(3.034227312695,2.283502898155));
#8048 = CARTESIAN_POINT('',(2.965467082887,2.283503325177));
#8049 = CARTESIAN_POINT('',(2.896690069066,2.283503895066));
#8050 = CARTESIAN_POINT('',(2.827882135788,2.283504474825));
#8051 = CARTESIAN_POINT('',(2.759028354523,2.283504937384));
#8052 = CARTESIAN_POINT('',(2.690113050168,2.283505182311));
#8053 = CARTESIAN_POINT('',(2.621119799486,2.283505142555));
#8054 = CARTESIAN_POINT('',(2.552031756333,2.283504848062));
#8055 = CARTESIAN_POINT('',(2.482831869519,2.283504381236));
#8056 = CARTESIAN_POINT('',(2.413502891996,2.283503857323));
#8057 = CARTESIAN_POINT('',(2.344027366679,2.283503410059));
#8058 = CARTESIAN_POINT('',(2.274387933099,2.283503175556));
#8059 = CARTESIAN_POINT('',(2.204566374808,2.283503237692));
#8060 = CARTESIAN_POINT('',(2.134547382506,2.283503688824));
#8061 = CARTESIAN_POINT('',(2.064304712368,2.283504227504));
#8062 = CARTESIAN_POINT('',(1.993855182887,2.283505514252));
#8063 = CARTESIAN_POINT('',(1.923178870231,2.283506768514));
#8064 = CARTESIAN_POINT('',(1.852106869316,2.283506802953));
#8065 = CARTESIAN_POINT('',(1.780448213243,2.283507753571));
#8066 = CARTESIAN_POINT('',(1.708081191009,2.283508082504));
#8067 = CARTESIAN_POINT('',(1.635177615304,2.283509314198));
#8068 = CARTESIAN_POINT('',(1.561818524847,2.28350751897));
#8069 = CARTESIAN_POINT('',(1.48875979908,2.283520395037));
#8070 = CARTESIAN_POINT('',(1.414227155278,2.283476061779));
#8071 = CARTESIAN_POINT('',(1.330744040123,2.283402007929));
#8072 = CARTESIAN_POINT('',(1.248838046345,2.283507773778));
#8073 = CARTESIAN_POINT('',(1.175288312829,2.283512940439));
#8074 = CARTESIAN_POINT('',(1.100838110235,2.283512656158));
#8075 = CARTESIAN_POINT('',(1.026194071904,2.283521858252));
#8076 = CARTESIAN_POINT('',(0.951158061341,2.283537654884));
#8077 = CARTESIAN_POINT('',(0.875743242172,2.283557687976));
#8078 = CARTESIAN_POINT('',(0.799880399632,2.283577404675));
#8079 = CARTESIAN_POINT('',(0.723502211485,2.283592544276));
#8080 = CARTESIAN_POINT('',(0.646526481751,2.28359979467));
#8081 = CARTESIAN_POINT('',(0.568866708435,2.283597509682));
#8082 = CARTESIAN_POINT('',(0.490435638702,2.283585980992));
#8083 = CARTESIAN_POINT('',(0.411151020125,2.283567405122));
#8084 = CARTESIAN_POINT('',(0.330941309504,2.28354548753));
#8085 = CARTESIAN_POINT('',(0.249751404932,2.283524764847));
#8086 = CARTESIAN_POINT('',(0.167550784103,2.283509364604));
#8087 = CARTESIAN_POINT('',(8.433496192856E-02,2.283502233329));
#8088 = CARTESIAN_POINT('',(2.821489645149E-02,2.283501406797));
#8089 = CARTESIAN_POINT('',(0.,2.28350183272));
#8090 = ( GEOMETRIC_REPRESENTATION_CONTEXT(2) 
PARAMETRIC_REPRESENTATION_CONTEXT() REPRESENTATION_CONTEXT('2D SPACE',''
  ) );
#8091 = ORIENTED_EDGE('',*,*,#5333,.F.);
#8092 = ORIENTED_EDGE('',*,*,#5087,.T.);
#8093 = ADVANCED_FACE('',(#8094),#5167,.T.);
#8094 = FACE_BOUND('',#8095,.T.);
#8095 = EDGE_LOOP('',(#8096,#8117,#8118,#8138));
#8096 = ORIENTED_EDGE('',*,*,#8097,.T.);
#8097 = EDGE_CURVE('',#5150,#5285,#8098,.T.);
#8098 = SURFACE_CURVE('',#8099,(#8103,#8110),.PCURVE_S1.);
#8099 = LINE('',#8100,#8101);
#8100 = CARTESIAN_POINT('',(413.900000001,754.194,186.3));
#8101 = VECTOR('',#8102,1.);
#8102 = DIRECTION('',(0.,-1.,0.));
#8103 = PCURVE('',#5167,#8104);
#8104 = DEFINITIONAL_REPRESENTATION('',(#8105),#8109);
#8105 = LINE('',#8106,#8107);
#8106 = CARTESIAN_POINT('',(-7.623425612,-1.139));
#8107 = VECTOR('',#8108,1.);
#8108 = DIRECTION('',(0.,-1.));
#8109 = ( GEOMETRIC_REPRESENTATION_CONTEXT(2) 
PARAMETRIC_REPRESENTATION_CONTEXT() REPRESENTATION_CONTEXT('2D SPACE',''
  ) );
#8110 = PCURVE('',#5240,#8111);
#8111 = DEFINITIONAL_REPRESENTATION('',(#8112),#8116);
#8112 = LINE('',#8113,#8114);
#8113 = CARTESIAN_POINT('',(2.356194489992,1.139));
#8114 = VECTOR('',#8115,1.);
#8115 = DIRECTION('',(0.,1.));
#8116 = ( GEOMETRIC_REPRESENTATION_CONTEXT(2) 
PARAMETRIC_REPRESENTATION_CONTEXT() REPRESENTATION_CONTEXT('2D SPACE',''
  ) );
#8117 = ORIENTED_EDGE('',*,*,#5356,.T.);
#8118 = ORIENTED_EDGE('',*,*,#8119,.F.);
#8119 = EDGE_CURVE('',#5152,#5334,#8120,.T.);
#8120 = SURFACE_CURVE('',#8121,(#8125,#8132),.PCURVE_S1.);
#8121 = LINE('',#8122,#8123);
#8122 = CARTESIAN_POINT('',(429.146851227,754.194,186.3));
#8123 = VECTOR('',#8124,1.);
#8124 = DIRECTION('',(0.,-1.,0.));
#8125 = PCURVE('',#5167,#8126);
#8126 = DEFINITIONAL_REPRESENTATION('',(#8127),#8131);
#8127 = LINE('',#8128,#8129);
#8128 = CARTESIAN_POINT('',(7.623425614,-1.139));
#8129 = VECTOR('',#8130,1.);
#8130 = DIRECTION('',(0.,-1.));
#8131 = ( GEOMETRIC_REPRESENTATION_CONTEXT(2) 
PARAMETRIC_REPRESENTATION_CONTEXT() REPRESENTATION_CONTEXT('2D SPACE',''
  ) );
#8132 = PCURVE('',#6494,#8133);
#8133 = DEFINITIONAL_REPRESENTATION('',(#8134),#8137);
#8134 = B_SPLINE_CURVE_WITH_KNOTS('',1,(#8135,#8136),.UNSPECIFIED.,.F.,
  .F.,(2,2),(-1.139,1.139),.PIECEWISE_BEZIER_KNOTS.);
#8135 = CARTESIAN_POINT('',(-4.060373189781E-15,-4.220366015449E-14));
#8136 = CARTESIAN_POINT('',(0.,2.28350183272));
#8137 = ( GEOMETRIC_REPRESENTATION_CONTEXT(2) 
PARAMETRIC_REPRESENTATION_CONTEXT() REPRESENTATION_CONTEXT('2D SPACE',''
  ) );
#8138 = ORIENTED_EDGE('',*,*,#5149,.F.);
#8139 = ADVANCED_FACE('',(#8140),#5240,.T.);
#8140 = FACE_BOUND('',#8141,.T.);
#8141 = EDGE_LOOP('',(#8142,#8143,#8144,#8145));
#8142 = ORIENTED_EDGE('',*,*,#5380,.T.);
#8143 = ORIENTED_EDGE('',*,*,#5284,.F.);
#8144 = ORIENTED_EDGE('',*,*,#8097,.F.);
#8145 = ORIENTED_EDGE('',*,*,#5225,.T.);
#8146 = ADVANCED_FACE('',(#8147),#5425,.F.);
#8147 = FACE_BOUND('',#8148,.F.);
#8148 = EDGE_LOOP('',(#8149,#8179,#8247,#8248));
#8149 = ORIENTED_EDGE('',*,*,#8150,.T.);
#8150 = EDGE_CURVE('',#8151,#8153,#8155,.T.);
#8151 = VERTEX_POINT('',#8152);
#8152 = CARTESIAN_POINT('',(425.640883545,749.14091703,66.2473978034));
#8153 = VERTEX_POINT('',#8154);
#8154 = CARTESIAN_POINT('',(408.920143857,749.14091703,66.2473978034));
#8155 = SURFACE_CURVE('',#8156,(#8160,#8167),.PCURVE_S1.);
#8156 = LINE('',#8157,#8158);
#8157 = CARTESIAN_POINT('',(417.190143077,749.14091703,66.2473978034));
#8158 = VECTOR('',#8159,1.);
#8159 = DIRECTION('',(-1.,0.,0.));
#8160 = PCURVE('',#5425,#8161);
#8161 = DEFINITIONAL_REPRESENTATION('',(#8162),#8166);
#8162 = LINE('',#8163,#8164);
#8163 = CARTESIAN_POINT('',(3.141592653593,0.));
#8164 = VECTOR('',#8165,1.);
#8165 = DIRECTION('',(0.,1.));
#8166 = ( GEOMETRIC_REPRESENTATION_CONTEXT(2) 
PARAMETRIC_REPRESENTATION_CONTEXT() REPRESENTATION_CONTEXT('2D SPACE',''
  ) );
#8167 = PCURVE('',#8168,#8173);
#8168 = CYLINDRICAL_SURFACE('',#8169,17.722);
#8169 = AXIS2_PLACEMENT_3D('',#8170,#8171,#8172);
#8170 = CARTESIAN_POINT('',(417.190143077,731.516,64.3949443774));
#8171 = DIRECTION('',(-1.,0.,0.));
#8172 = DIRECTION('',(0.,0.994521895368,0.104528463268));
#8173 = DEFINITIONAL_REPRESENTATION('',(#8174),#8178);
#8174 = LINE('',#8175,#8176);
#8175 = CARTESIAN_POINT('',(0.,0.));
#8176 = VECTOR('',#8177,1.);
#8177 = DIRECTION('',(0.,1.));
#8178 = ( GEOMETRIC_REPRESENTATION_CONTEXT(2) 
PARAMETRIC_REPRESENTATION_CONTEXT() REPRESENTATION_CONTEXT('2D SPACE',''
  ) );
#8179 = ORIENTED_EDGE('',*,*,#8180,.T.);
#8180 = EDGE_CURVE('',#8153,#5408,#8181,.T.);
#8181 = SURFACE_CURVE('',#8182,(#8189,#8218),.PCURVE_S1.);
#8182 = B_SPLINE_CURVE_WITH_KNOTS('',5,(#8183,#8184,#8185,#8186,#8187,
    #8188),.UNSPECIFIED.,.F.,.F.,(6,6),(0.,2.67308961306),
  .PIECEWISE_BEZIER_KNOTS.);
#8183 = CARTESIAN_POINT('',(408.920143857,749.14091703,66.2473978034));
#8184 = CARTESIAN_POINT('',(408.923394226,749.100856843,66.6285450211));
#8185 = CARTESIAN_POINT('',(408.923637361,749.050180101,67.006670657));
#8186 = CARTESIAN_POINT('',(408.921797808,748.99568539,67.3507320007));
#8187 = CARTESIAN_POINT('',(408.915461635,748.925980354,67.7255386582));
#8188 = CARTESIAN_POINT('',(408.889379498,748.85073178,68.079555362));
#8189 = PCURVE('',#5425,#8190);
#8190 = DEFINITIONAL_REPRESENTATION('',(#8191),#8217);
#8191 = B_SPLINE_CURVE_WITH_KNOTS('',3,(#8192,#8193,#8194,#8195,#8196,
    #8197,#8198,#8199,#8200,#8201,#8202,#8203,#8204,#8205,#8206,#8207,
    #8208,#8209,#8210,#8211,#8212,#8213,#8214,#8215,#8216),
  .UNSPECIFIED.,.F.,.F.,(4,1,1,1,1,1,1,1,1,1,1,1,1,1,1,1,1,1,1,1,1,1,4),
  (0.,0.121504073321,0.243008146642,0.364512219963,0.486016293284,
    0.607520366605,0.729024439925,0.850528513246,0.972032586567,
    1.093536659888,1.215040733209,1.33654480653,1.458048879851,
    1.579552953172,1.701057026493,1.822561099814,1.944065173135,
    2.065569246455,2.187073319776,2.308577393097,2.430081466418,
    2.551585539739,2.67308961306),.UNSPECIFIED.);
#8192 = CARTESIAN_POINT('',(3.141592653593,8.26999922));
#8193 = CARTESIAN_POINT('',(3.139954155108,8.269753144552));
#8194 = CARTESIAN_POINT('',(3.136679416592,8.269301796402));
#8195 = CARTESIAN_POINT('',(3.131779925587,8.268745020917));
#8196 = CARTESIAN_POINT('',(3.126899793265,8.268305504596));
#8197 = CARTESIAN_POINT('',(3.122042609769,8.26798315113));
#8198 = CARTESIAN_POINT('',(3.117210251656,8.267780039805));
#8199 = CARTESIAN_POINT('',(3.112402850587,8.26770089765));
#8200 = CARTESIAN_POINT('',(3.107619157243,8.267753253307));
#8201 = CARTESIAN_POINT('',(3.102856800614,8.267947676188));
#8202 = CARTESIAN_POINT('',(3.098112576369,8.268297992776));
#8203 = CARTESIAN_POINT('',(3.093382728281,8.268821509052));
#8204 = CARTESIAN_POINT('',(3.088663232165,8.269539231276));
#8205 = CARTESIAN_POINT('',(3.083950079623,8.270476087221));
#8206 = CARTESIAN_POINT('',(3.079239562144,8.271661147258));
#8207 = CARTESIAN_POINT('',(3.074528555308,8.27312784557));
#8208 = CARTESIAN_POINT('',(3.069814802796,8.274914200994));
#8209 = CARTESIAN_POINT('',(3.065097200929,8.277063039246));
#8210 = CARTESIAN_POINT('',(3.060376080382,8.279622209947));
#8211 = CARTESIAN_POINT('',(3.055653496942,8.282644823114));
#8212 = CARTESIAN_POINT('',(3.05093348636,8.286189412929));
#8213 = CARTESIAN_POINT('',(3.046222450369,8.290320372987));
#8214 = CARTESIAN_POINT('',(3.041529049678,8.295107378315));
#8215 = CARTESIAN_POINT('',(3.038420305186,8.29878818534));
#8216 = CARTESIAN_POINT('',(3.036872898472,8.300763579));
#8217 = ( GEOMETRIC_REPRESENTATION_CONTEXT(2) 
PARAMETRIC_REPRESENTATION_CONTEXT() REPRESENTATION_CONTEXT('2D SPACE',''
  ) );
#8218 = PCURVE('',#7683,#8219);
#8219 = DEFINITIONAL_REPRESENTATION('',(#8220),#8246);
#8220 = B_SPLINE_CURVE_WITH_KNOTS('',3,(#8221,#8222,#8223,#8224,#8225,
    #8226,#8227,#8228,#8229,#8230,#8231,#8232,#8233,#8234,#8235,#8236,
    #8237,#8238,#8239,#8240,#8241,#8242,#8243,#8244,#8245),
  .UNSPECIFIED.,.F.,.F.,(4,1,1,1,1,1,1,1,1,1,1,1,1,1,1,1,1,1,1,1,1,1,4),
  (0.,0.121504073321,0.243008146642,0.364512219963,0.486016293284,
    0.607520366605,0.729024439925,0.850528513246,0.972032586567,
    1.093536659888,1.215040733209,1.33654480653,1.458048879851,
    1.579552953172,1.701057026493,1.822561099814,1.944065173135,
    2.065569246455,2.187073319776,2.308577393097,2.430081466418,
    2.551585539739,2.67308961306),.UNSPECIFIED.);
#8221 = CARTESIAN_POINT('',(1.980612572375,-2.277993017186));
#8222 = CARTESIAN_POINT('',(1.952936074062,-2.27799299907));
#8223 = CARTESIAN_POINT('',(1.8976065741,-2.277998155339));
#8224 = CARTESIAN_POINT('',(1.814693656765,-2.278012817205));
#8225 = CARTESIAN_POINT('',(1.731887555312,-2.278023817306));
#8226 = CARTESIAN_POINT('',(1.649162510717,-2.278027353544));
#8227 = CARTESIAN_POINT('',(1.566464061523,-2.278022440277));
#8228 = CARTESIAN_POINT('',(1.483707351269,-2.278010536303));
#8229 = CARTESIAN_POINT('',(1.400781472063,-2.277994405896));
#8230 = CARTESIAN_POINT('',(1.317551788033,-2.277977380441));
#8231 = CARTESIAN_POINT('',(1.23386242375,-2.277962703932));
#8232 = CARTESIAN_POINT('',(1.149538330554,-2.277953042627));
#8233 = CARTESIAN_POINT('',(1.064387056784,-2.277950132963));
#8234 = CARTESIAN_POINT('',(0.978200122616,-2.277954571104));
#8235 = CARTESIAN_POINT('',(0.890753919849,-2.277965740861));
#8236 = CARTESIAN_POINT('',(0.801809993211,-2.277981880152));
#8237 = CARTESIAN_POINT('',(0.711114513377,-2.278000286255));
#8238 = CARTESIAN_POINT('',(0.618396601627,-2.278017663606));
#8239 = CARTESIAN_POINT('',(0.523365218466,-2.278030610984));
#8240 = CARTESIAN_POINT('',(0.42570334714,-2.278036275579));
#8241 = CARTESIAN_POINT('',(0.32506059387,-2.278033092292));
#8242 = CARTESIAN_POINT('',(0.221034275748,-2.278021941038));
#8243 = CARTESIAN_POINT('',(0.11316661198,-2.278006520537));
#8244 = CARTESIAN_POINT('',(3.828141648577E-02,-2.278000500139));
#8245 = CARTESIAN_POINT('',(0.,-2.278));
#8246 = ( GEOMETRIC_REPRESENTATION_CONTEXT(2) 
PARAMETRIC_REPRESENTATION_CONTEXT() REPRESENTATION_CONTEXT('2D SPACE',''
  ) );
#8247 = ORIENTED_EDGE('',*,*,#5407,.T.);
#8248 = ORIENTED_EDGE('',*,*,#8249,.T.);
#8249 = EDGE_CURVE('',#5410,#8151,#8250,.T.);
#8250 = SURFACE_CURVE('',#8251,(#8256,#8285),.PCURVE_S1.);
#8251 = B_SPLINE_CURVE_WITH_KNOTS('',3,(#8252,#8253,#8254,#8255),
  .UNSPECIFIED.,.F.,.F.,(4,4),(0.,2.6824747304),
  .PIECEWISE_BEZIER_KNOTS.);
#8252 = CARTESIAN_POINT('',(425.257520683,748.850731776,68.0795553807));
#8253 = CARTESIAN_POINT('',(425.425337486,748.977583004,67.4827672784));
#8254 = CARTESIAN_POINT('',(425.554452576,749.075587872,66.8689632195));
#8255 = CARTESIAN_POINT('',(425.640883545,749.14091703,66.2473978034));
#8256 = PCURVE('',#5425,#8257);
#8257 = DEFINITIONAL_REPRESENTATION('',(#8258),#8284);
#8258 = B_SPLINE_CURVE_WITH_KNOTS('',3,(#8259,#8260,#8261,#8262,#8263,
    #8264,#8265,#8266,#8267,#8268,#8269,#8270,#8271,#8272,#8273,#8274,
    #8275,#8276,#8277,#8278,#8279,#8280,#8281,#8282,#8283),
  .UNSPECIFIED.,.F.,.F.,(4,1,1,1,1,1,1,1,1,1,1,1,1,1,1,1,1,1,1,1,1,1,4),
  (0.,0.121930669564,0.243861339127,0.365792008691,0.487722678255,
    0.609653347818,0.731584017382,0.853514686945,0.975445356509,
    1.097376026073,1.219306695636,1.3412373652,1.463168034764,
    1.585098704327,1.707029373891,1.828960043455,1.950890713018,
    2.072821382582,2.194752052145,2.316682721709,2.438613391273,
    2.560544060836,2.6824747304),.UNSPECIFIED.);
#8259 = CARTESIAN_POINT('',(3.036872897393,-8.067377606));
#8260 = CARTESIAN_POINT('',(3.038437774919,-8.0750056425));
#8261 = CARTESIAN_POINT('',(3.041570012386,-8.090101791066));
#8262 = CARTESIAN_POINT('',(3.046275608837,-8.112263996582));
#8263 = CARTESIAN_POINT('',(3.050988238463,-8.133941940733));
#8264 = CARTESIAN_POINT('',(3.055707694469,-8.155133379488));
#8265 = CARTESIAN_POINT('',(3.060433770309,-8.175836068815));
#8266 = CARTESIAN_POINT('',(3.065166259761,-8.196047764683));
#8267 = CARTESIAN_POINT('',(3.069904956976,-8.215766223059));
#8268 = CARTESIAN_POINT('',(3.074649656535,-8.234989199913));
#8269 = CARTESIAN_POINT('',(3.079400153498,-8.253714451213));
#8270 = CARTESIAN_POINT('',(3.084156243466,-8.271939732928));
#8271 = CARTESIAN_POINT('',(3.088917722629,-8.289662801025));
#8272 = CARTESIAN_POINT('',(3.093684387828,-8.306881411473));
#8273 = CARTESIAN_POINT('',(3.098456036606,-8.323593320241));
#8274 = CARTESIAN_POINT('',(3.103232467266,-8.339796283297));
#8275 = CARTESIAN_POINT('',(3.108013478928,-8.35548805661));
#8276 = CARTESIAN_POINT('',(3.112798871581,-8.370666396148));
#8277 = CARTESIAN_POINT('',(3.117588446146,-8.385329057879));
#8278 = CARTESIAN_POINT('',(3.122382004527,-8.399473797772));
#8279 = CARTESIAN_POINT('',(3.127179349663,-8.413098371796));
#8280 = CARTESIAN_POINT('',(3.131980285624,-8.426200535918));
#8281 = CARTESIAN_POINT('',(3.136784617509,-8.438778046107));
#8282 = CARTESIAN_POINT('',(3.139989640566,-8.446811787591));
#8283 = CARTESIAN_POINT('',(3.141592653593,-8.450740468));
#8284 = ( GEOMETRIC_REPRESENTATION_CONTEXT(2) 
PARAMETRIC_REPRESENTATION_CONTEXT() REPRESENTATION_CONTEXT('2D SPACE',''
  ) );
#8285 = PCURVE('',#5615,#8286);
#8286 = DEFINITIONAL_REPRESENTATION('',(#8287),#8313);
#8287 = B_SPLINE_CURVE_WITH_KNOTS('',3,(#8288,#8289,#8290,#8291,#8292,
    #8293,#8294,#8295,#8296,#8297,#8298,#8299,#8300,#8301,#8302,#8303,
    #8304,#8305,#8306,#8307,#8308,#8309,#8310,#8311,#8312),
  .UNSPECIFIED.,.F.,.F.,(4,1,1,1,1,1,1,1,1,1,1,1,1,1,1,1,1,1,1,1,1,1,4),
  (0.,0.121930669564,0.243861339127,0.365792008691,0.487722678255,
    0.609653347818,0.731584017382,0.853514686945,0.975445356509,
    1.097376026073,1.219306695636,1.3412373652,1.463168034764,
    1.585098704327,1.707029373891,1.828960043455,1.950890713018,
    2.072821382582,2.194752052145,2.316682721709,2.438613391273,
    2.560544060836,2.6824747304),.QUASI_UNIFORM_KNOTS.);
#8288 = CARTESIAN_POINT('',(46.775055035201,1.450960603844E-07));
#8289 = CARTESIAN_POINT('',(46.810036629545,1.167649221334E-07));
#8290 = CARTESIAN_POINT('',(46.880022654402,-3.311896431734E-06));
#8291 = CARTESIAN_POINT('',(46.985067770031,-1.747253476393E-05));
#8292 = CARTESIAN_POINT('',(47.09017620317,-3.811452023573E-05));
#8293 = CARTESIAN_POINT('',(47.195346350324,-6.773437249413E-05));
#8294 = CARTESIAN_POINT('',(47.300572360469,-9.063300974316E-05));
#8295 = CARTESIAN_POINT('',(47.405847088905,-8.482458904878E-05));
#8296 = CARTESIAN_POINT('',(47.51117740862,-8.515963457728E-05));
#8297 = CARTESIAN_POINT('',(47.616557193411,-8.962787315766E-05));
#8298 = CARTESIAN_POINT('',(47.721990923343,-7.141987330764E-05));
#8299 = CARTESIAN_POINT('',(47.827453458728,-1.397836341273E-04));
#8300 = CARTESIAN_POINT('',(47.933027423312,-1.22009212819E-04));
#8301 = CARTESIAN_POINT('',(48.038580872153,-1.273219651976E-04));
#8302 = CARTESIAN_POINT('',(48.144190422288,-1.264553053045E-04));
#8303 = CARTESIAN_POINT('',(48.249832591227,-1.272512732186E-04));
#8304 = CARTESIAN_POINT('',(48.35551073322,-1.276086837915E-04));
#8305 = CARTESIAN_POINT('',(48.461221030515,-1.280906322413E-04));
#8306 = CARTESIAN_POINT('',(48.56696160902,-1.285463232471E-04));
#8307 = CARTESIAN_POINT('',(48.672730099777,-1.290162491964E-04));
#8308 = CARTESIAN_POINT('',(48.778524295514,-1.294896483297E-04));
#8309 = CARTESIAN_POINT('',(48.884341979563,-1.299694941558E-04));
#8310 = CARTESIAN_POINT('',(48.990180971483,-1.304550798977E-04));
#8311 = CARTESIAN_POINT('',(49.060753079889,-1.307828210054E-04));
#8312 = CARTESIAN_POINT('',(49.09604197095,-1.309476962711E-04));
#8313 = ( GEOMETRIC_REPRESENTATION_CONTEXT(2) 
PARAMETRIC_REPRESENTATION_CONTEXT() REPRESENTATION_CONTEXT('2D SPACE',''
  ) );
#8314 = ADVANCED_FACE('',(#8315),#6147,.F.);
#8315 = FACE_BOUND('',#8316,.F.);
#8316 = EDGE_LOOP('',(#8317,#8347,#8370,#8371));
#8317 = ORIENTED_EDGE('',*,*,#8318,.F.);
#8318 = EDGE_CURVE('',#8319,#8321,#8323,.T.);
#8319 = VERTEX_POINT('',#8320);
#8320 = CARTESIAN_POINT('',(501.65549885,828.932542898,166.261040933));
#8321 = VERTEX_POINT('',#8322);
#8322 = CARTESIAN_POINT('',(446.448842592,766.533312001,201.278268593));
#8323 = SURFACE_CURVE('',#8324,(#8328,#8335),.PCURVE_S1.);
#8324 = LINE('',#8325,#8326);
#8325 = CARTESIAN_POINT('',(469.36580039,792.436220753,186.742234137));
#8326 = VECTOR('',#8327,1.);
#8327 = DIRECTION('',(-0.61085961365,-0.690451192164,0.387463138441));
#8328 = PCURVE('',#6147,#8329);
#8329 = DEFINITIONAL_REPRESENTATION('',(#8330),#8334);
#8330 = LINE('',#8331,#8332);
#8331 = CARTESIAN_POINT('',(0.,-3.689777372529E-10));
#8332 = VECTOR('',#8333,1.);
#8333 = DIRECTION('',(0.,1.));
#8334 = ( GEOMETRIC_REPRESENTATION_CONTEXT(2) 
PARAMETRIC_REPRESENTATION_CONTEXT() REPRESENTATION_CONTEXT('2D SPACE',''
  ) );
#8335 = PCURVE('',#8336,#8341);
#8336 = CYLINDRICAL_SURFACE('',#8337,5.722);
#8337 = AXIS2_PLACEMENT_3D('',#8338,#8339,#8340);
#8338 = CARTESIAN_POINT('',(471.999098149,788.385826961,183.676074153));
#8339 = DIRECTION('',(-0.61085961365,-0.690451192164,0.387463138441));
#8340 = DIRECTION('',(0.460205829956,-0.707863298045,-0.535854593481));
#8341 = DEFINITIONAL_REPRESENTATION('',(#8342),#8346);
#8342 = LINE('',#8343,#8344);
#8343 = CARTESIAN_POINT('',(3.141592653591,-3.689777372529E-10));
#8344 = VECTOR('',#8345,1.);
#8345 = DIRECTION('',(0.,1.));
#8346 = ( GEOMETRIC_REPRESENTATION_CONTEXT(2) 
PARAMETRIC_REPRESENTATION_CONTEXT() REPRESENTATION_CONTEXT('2D SPACE',''
  ) );
#8347 = ORIENTED_EDGE('',*,*,#8348,.F.);
#8348 = EDGE_CURVE('',#5986,#8319,#8349,.T.);
#8349 = SURFACE_CURVE('',#8350,(#8357,#8363),.PCURVE_S1.);
#8350 = B_SPLINE_CURVE_WITH_KNOTS('',5,(#8351,#8352,#8353,#8354,#8355,
    #8356),.UNSPECIFIED.,.F.,.F.,(6,6),(0.,3.02826929186),
  .PIECEWISE_BEZIER_KNOTS.);
#8351 = CARTESIAN_POINT('',(500.00306474,828.673969547,163.195118602));
#8352 = CARTESIAN_POINT('',(500.185310799,828.879962611,163.849513));
#8353 = CARTESIAN_POINT('',(500.449998176,829.013017758,164.503907398));
#8354 = CARTESIAN_POINT('',(500.791466048,829.066276431,165.137155454));
#8355 = CARTESIAN_POINT('',(501.198184573,829.038321565,165.728554577));
#8356 = CARTESIAN_POINT('',(501.65549885,828.932542898,166.261040933));
#8357 = PCURVE('',#6147,#8358);
#8358 = DEFINITIONAL_REPRESENTATION('',(#8359),#8362);
#8359 = B_SPLINE_CURVE_WITH_KNOTS('',1,(#8360,#8361),.UNSPECIFIED.,.F.,
  .F.,(2,2),(0.,3.02826929186),.PIECEWISE_BEZIER_KNOTS.);
#8360 = CARTESIAN_POINT('',(0.620276016172,-52.85910360708));
#8361 = CARTESIAN_POINT('',(0.,-52.85910925897));
#8362 = ( GEOMETRIC_REPRESENTATION_CONTEXT(2) 
PARAMETRIC_REPRESENTATION_CONTEXT() REPRESENTATION_CONTEXT('2D SPACE',''
  ) );
#8363 = PCURVE('',#6025,#8364);
#8364 = DEFINITIONAL_REPRESENTATION('',(#8365),#8369);
#8365 = LINE('',#8366,#8367);
#8366 = CARTESIAN_POINT('',(68.7413751016,5.53173711364E-14));
#8367 = VECTOR('',#8368,1.);
#8368 = DIRECTION('',(1.169851037197E-10,1.));
#8369 = ( GEOMETRIC_REPRESENTATION_CONTEXT(2) 
PARAMETRIC_REPRESENTATION_CONTEXT() REPRESENTATION_CONTEXT('2D SPACE',''
  ) );
#8370 = ORIENTED_EDGE('',*,*,#6131,.F.);
#8371 = ORIENTED_EDGE('',*,*,#8372,.T.);
#8372 = EDGE_CURVE('',#6132,#8321,#8373,.T.);
#8373 = SURFACE_CURVE('',#8374,(#8381,#8410),.PCURVE_S1.);
#8374 = B_SPLINE_CURVE_WITH_KNOTS('',5,(#8375,#8376,#8377,#8378,#8379,
    #8380),.UNSPECIFIED.,.F.,.F.,(6,6),(0.,7.63032972722),
  .PIECEWISE_BEZIER_KNOTS.);
#8375 = CARTESIAN_POINT('',(442.388194828,763.552205515,199.739749814));
#8376 = CARTESIAN_POINT('',(442.908435895,764.140231073,200.410673963));
#8377 = CARTESIAN_POINT('',(443.72508829,764.777671313,200.840902968));
#8378 = CARTESIAN_POINT('',(444.596944979,765.384150652,201.065658406));
#8379 = CARTESIAN_POINT('',(445.507934288,765.974757958,201.208041371));
#8380 = CARTESIAN_POINT('',(446.448842592,766.533312001,201.278268593));
#8381 = PCURVE('',#6147,#8382);
#8382 = DEFINITIONAL_REPRESENTATION('',(#8383),#8409);
#8383 = B_SPLINE_CURVE_WITH_KNOTS('',3,(#8384,#8385,#8386,#8387,#8388,
    #8389,#8390,#8391,#8392,#8393,#8394,#8395,#8396,#8397,#8398,#8399,
    #8400,#8401,#8402,#8403,#8404,#8405,#8406,#8407,#8408),
  .UNSPECIFIED.,.F.,.F.,(4,1,1,1,1,1,1,1,1,1,1,1,1,1,1,1,1,1,1,1,1,1,4),
  (0.,0.346833169419,0.693666338838,1.040499508257,1.387332677676,
    1.734165847095,2.080999016515,2.427832185934,2.774665355353,
    3.121498524772,3.468331694191,3.81516486361,4.161998033029,
    4.508831202448,4.855664371867,5.202497541286,5.549330710705,
    5.896163880125,6.242997049544,6.589830218963,6.936663388382,
    7.283496557801,7.63032972722),.UNSPECIFIED.);
#8384 = CARTESIAN_POINT('',(0.620275756046,41.458590682146));
#8385 = CARTESIAN_POINT('',(0.608058761368,41.423444479102));
#8386 = CARTESIAN_POINT('',(0.583942774845,41.348929808245));
#8387 = CARTESIAN_POINT('',(0.548715323261,41.225576957289));
#8388 = CARTESIAN_POINT('',(0.514429015017,41.091760914868));
#8389 = CARTESIAN_POINT('',(0.481071131241,40.948488371695));
#8390 = CARTESIAN_POINT('',(0.448623785405,40.796697506665));
#8391 = CARTESIAN_POINT('',(0.417063329074,40.637250835649));
#8392 = CARTESIAN_POINT('',(0.386360784246,40.470941351081));
#8393 = CARTESIAN_POINT('',(0.356482231804,40.298495100271));
#8394 = CARTESIAN_POINT('',(0.327389392494,40.120574717976));
#8395 = CARTESIAN_POINT('',(0.299040292645,39.937782703265));
#8396 = CARTESIAN_POINT('',(0.271390005439,39.75066476491));
#8397 = CARTESIAN_POINT('',(0.244391438197,39.5597131484));
#8398 = CARTESIAN_POINT('',(0.217996147184,39.36536996794));
#8399 = CARTESIAN_POINT('',(0.19215516331,39.168030536864));
#8400 = CARTESIAN_POINT('',(0.166819814931,38.968046699435));
#8401 = CARTESIAN_POINT('',(0.14194253785,38.76573015866));
#8402 = CARTESIAN_POINT('',(0.117477656662,38.561355818673));
#8403 = CARTESIAN_POINT('',(9.338214963707E-02,38.355165072823));
#8404 = CARTESIAN_POINT('',(6.961630788691E-02,38.147369294389));
#8405 = CARTESIAN_POINT('',(4.61445795118E-02,37.938152571039));
#8406 = CARTESIAN_POINT('',(2.293547164432E-02,37.727677261757));
#8407 = CARTESIAN_POINT('',(7.621607259155E-03,37.586611767308));
#8408 = CARTESIAN_POINT('',(0.,37.515915745295));
#8409 = ( GEOMETRIC_REPRESENTATION_CONTEXT(2) 
PARAMETRIC_REPRESENTATION_CONTEXT() REPRESENTATION_CONTEXT('2D SPACE',''
  ) );
#8410 = PCURVE('',#6672,#8411);
#8411 = DEFINITIONAL_REPRESENTATION('',(#8412),#8438);
#8412 = B_SPLINE_CURVE_WITH_KNOTS('',3,(#8413,#8414,#8415,#8416,#8417,
    #8418,#8419,#8420,#8421,#8422,#8423,#8424,#8425,#8426,#8427,#8428,
    #8429,#8430,#8431,#8432,#8433,#8434,#8435,#8436,#8437),
  .UNSPECIFIED.,.F.,.F.,(4,1,1,1,1,1,1,1,1,1,1,1,1,1,1,1,1,1,1,1,1,1,4),
  (0.,0.346833169419,0.693666338838,1.040499508257,1.387332677676,
    1.734165847095,2.080999016515,2.427832185934,2.774665355353,
    3.121498524772,3.468331694191,3.81516486361,4.161998033029,
    4.508831202448,4.855664371867,5.202497541286,5.549330710705,
    5.896163880125,6.242997049544,6.589830218963,6.936663388382,
    7.283496557801,7.63032972722),.UNSPECIFIED.);
#8413 = CARTESIAN_POINT('',(0.,-2.278));
#8414 = CARTESIAN_POINT('',(0.102793648303,-2.278003134093));
#8415 = CARTESIAN_POINT('',(0.307744948671,-2.278042284117));
#8416 = CARTESIAN_POINT('',(0.612860966274,-2.278144223938));
#8417 = CARTESIAN_POINT('',(0.915235065498,-2.278221289509));
#8418 = CARTESIAN_POINT('',(1.214534405079,-2.278249695856));
#8419 = CARTESIAN_POINT('',(1.510511283224,-2.278223993551));
#8420 = CARTESIAN_POINT('',(1.803009270174,-2.278154408131));
#8421 = CARTESIAN_POINT('',(2.091953075864,-2.278059127538));
#8422 = CARTESIAN_POINT('',(2.377337238523,-2.277959277661));
#8423 = CARTESIAN_POINT('',(2.659213627616,-2.277874343199));
#8424 = CARTESIAN_POINT('',(2.937679285911,-2.277819469173));
#8425 = CARTESIAN_POINT('',(3.212866096672,-2.277804141191));
#8426 = CARTESIAN_POINT('',(3.484932956092,-2.277830316557));
#8427 = CARTESIAN_POINT('',(3.754058324697,-2.277892741717));
#8428 = CARTESIAN_POINT('',(4.020434517159,-2.27797982008));
#8429 = CARTESIAN_POINT('',(4.284263077914,-2.278075281728));
#8430 = CARTESIAN_POINT('',(4.545751057058,-2.27816051639));
#8431 = CARTESIAN_POINT('',(4.805107939531,-2.278217511332));
#8432 = CARTESIAN_POINT('',(5.062543005588,-2.278232453944));
#8433 = CARTESIAN_POINT('',(5.318263119157,-2.278199552871));
#8434 = CARTESIAN_POINT('',(5.572470273152,-2.278126579888));
#8435 = CARTESIAN_POINT('',(5.825360866434,-2.278036385103));
#8436 = CARTESIAN_POINT('',(5.993199575305,-2.278002608172));
#8437 = CARTESIAN_POINT('',(6.076961435493,-2.278000152132));
#8438 = ( GEOMETRIC_REPRESENTATION_CONTEXT(2) 
PARAMETRIC_REPRESENTATION_CONTEXT() REPRESENTATION_CONTEXT('2D SPACE',''
  ) );
#8439 = ADVANCED_FACE('',(#8440),#6025,.F.);
#8440 = FACE_BOUND('',#8441,.F.);
#8441 = EDGE_LOOP('',(#8442,#8443,#8468,#8524,#8577,#8607,#8628));
#8442 = ORIENTED_EDGE('',*,*,#8348,.T.);
#8443 = ORIENTED_EDGE('',*,*,#8444,.T.);
#8444 = EDGE_CURVE('',#8319,#8445,#8447,.T.);
#8445 = VERTEX_POINT('',#8446);
#8446 = CARTESIAN_POINT('',(504.288589374,827.682713689,168.185092467));
#8447 = SURFACE_CURVE('',#8448,(#8455,#8462),.PCURVE_S1.);
#8448 = B_SPLINE_CURVE_WITH_KNOTS('',5,(#8449,#8450,#8451,#8452,#8453,
    #8454),.UNSPECIFIED.,.F.,.F.,(6,6),(3.02826929186,6.05652988509),
  .PIECEWISE_BEZIER_KNOTS.);
#8449 = CARTESIAN_POINT('',(501.65549885,828.932542898,166.261040933));
#8450 = CARTESIAN_POINT('',(502.112811815,828.826764534,166.793525758));
#8451 = CARTESIAN_POINT('',(502.620720241,828.643162816,167.267098156));
#8452 = CARTESIAN_POINT('',(503.164569356,828.385127453,167.664694438));
#8453 = CARTESIAN_POINT('',(503.726579365,828.060854901,167.972889636));
#8454 = CARTESIAN_POINT('',(504.288589374,827.682713689,168.185092467));
#8455 = PCURVE('',#6025,#8456);
#8456 = DEFINITIONAL_REPRESENTATION('',(#8457),#8461);
#8457 = LINE('',#8458,#8459);
#8458 = CARTESIAN_POINT('',(68.741375102309,-3.475530974129E-11));
#8459 = VECTOR('',#8460,1.);
#8460 = DIRECTION('',(-1.170135962247E-10,1.));
#8461 = ( GEOMETRIC_REPRESENTATION_CONTEXT(2) 
PARAMETRIC_REPRESENTATION_CONTEXT() REPRESENTATION_CONTEXT('2D SPACE',''
  ) );
#8462 = PCURVE('',#8336,#8463);
#8463 = DEFINITIONAL_REPRESENTATION('',(#8464),#8467);
#8464 = B_SPLINE_CURVE_WITH_KNOTS('',1,(#8465,#8466),.UNSPECIFIED.,.F.,
  .F.,(2,2),(3.02826929186,6.05652988509),.PIECEWISE_BEZIER_KNOTS.);
#8465 = CARTESIAN_POINT('',(3.141592653596,-52.85910925897));
#8466 = CARTESIAN_POINT('',(2.521318222295,-52.85911280593));
#8467 = ( GEOMETRIC_REPRESENTATION_CONTEXT(2) 
PARAMETRIC_REPRESENTATION_CONTEXT() REPRESENTATION_CONTEXT('2D SPACE',''
  ) );
#8468 = ORIENTED_EDGE('',*,*,#8469,.F.);
#8469 = EDGE_CURVE('',#8470,#8445,#8472,.T.);
#8470 = VERTEX_POINT('',#8471);
#8471 = CARTESIAN_POINT('',(507.263131355,833.182375494,162.785216174));
#8472 = SURFACE_CURVE('',#8473,(#8483,#8490),.PCURVE_S1.);
#8473 = B_SPLINE_CURVE_WITH_KNOTS('',5,(#8474,#8475,#8476,#8477,#8478,
    #8479,#8480,#8481,#8482),.UNSPECIFIED.,.F.,.F.,(6,3,6),(
    61.6302639921,64.381208051,68.7413751016),.UNSPECIFIED.);
#8474 = CARTESIAN_POINT('',(507.263131355,833.182375494,162.785216174));
#8475 = CARTESIAN_POINT('',(507.091824649,832.86564475,163.326223224));
#8476 = CARTESIAN_POINT('',(506.906199126,832.522439815,163.846409316));
#8477 = CARTESIAN_POINT('',(506.707417233,832.154909946,164.343995681));
#8478 = CARTESIAN_POINT('',(506.162688761,831.147755912,165.568571778));
#8479 = CARTESIAN_POINT('',(505.545415881,830.006473444,166.629379186));
#8480 = CARTESIAN_POINT('',(505.144057302,829.264397241,167.21456034));
#8481 = CARTESIAN_POINT('',(504.723901469,828.487566719,167.733428761));
#8482 = CARTESIAN_POINT('',(504.288589374,827.682713689,168.185092467));
#8483 = PCURVE('',#6025,#8484);
#8484 = DEFINITIONAL_REPRESENTATION('',(#8485),#8489);
#8485 = LINE('',#8486,#8487);
#8486 = CARTESIAN_POINT('',(5.613287612505E-13,6.056529880705));
#8487 = VECTOR('',#8488,1.);
#8488 = DIRECTION('',(1.,6.378697571588E-11));
#8489 = ( GEOMETRIC_REPRESENTATION_CONTEXT(2) 
PARAMETRIC_REPRESENTATION_CONTEXT() REPRESENTATION_CONTEXT('2D SPACE',''
  ) );
#8490 = PCURVE('',#8491,#8496);
#8491 = CYLINDRICAL_SURFACE('',#8492,14.722);
#8492 = AXIS2_PLACEMENT_3D('',#8493,#8494,#8495);
#8493 = CARTESIAN_POINT('',(484.90244428,820.478,155.3465055));
#8494 = DIRECTION('',(1.,0.,-0.));
#8495 = DIRECTION('',(0.,0.862954938496,0.505280886365));
#8496 = DEFINITIONAL_REPRESENTATION('',(#8497),#8523);
#8497 = B_SPLINE_CURVE_WITH_KNOTS('',3,(#8498,#8499,#8500,#8501,#8502,
    #8503,#8504,#8505,#8506,#8507,#8508,#8509,#8510,#8511,#8512,#8513,
    #8514,#8515,#8516,#8517,#8518,#8519,#8520,#8521,#8522),
  .UNSPECIFIED.,.F.,.F.,(4,1,1,1,1,1,1,1,1,1,1,1,1,1,1,1,1,1,1,1,1,1,4),
  (61.6302639921,61.953496315259,62.276728638418,62.599960961577,
    62.923193284736,63.246425607895,63.569657931055,63.892890254214,
    64.216122577373,64.539354900532,64.862587223691,65.18581954685,
    65.509051870009,65.832284193168,66.155516516327,66.478748839486,
    66.801981162645,67.125213485805,67.448445808964,67.771678132123,
    68.094910455282,68.418142778441,68.7413751016),.UNSPECIFIED.);
#8498 = CARTESIAN_POINT('',(-4.074293267209E-07,22.360687075));
#8499 = CARTESIAN_POINT('',(8.338676553484E-03,22.327139930474));
#8500 = CARTESIAN_POINT('',(2.498800924321E-02,22.258727561273));
#8501 = CARTESIAN_POINT('',(4.987438026781E-02,22.15226898523));
#8502 = CARTESIAN_POINT('',(7.467185613978E-02,22.042084497287));
#8503 = CARTESIAN_POINT('',(9.937967707749E-02,21.92828858533));
#8504 = CARTESIAN_POINT('',(0.123997452481,21.810995419857));
#8505 = CARTESIAN_POINT('',(0.148525229888,21.690318480474));
#8506 = CARTESIAN_POINT('',(0.17296352832,21.566370077044));
#8507 = CARTESIAN_POINT('',(0.19731330698,21.439260970795));
#8508 = CARTESIAN_POINT('',(0.221576225743,21.309099700912));
#8509 = CARTESIAN_POINT('',(0.245753625543,21.17599316199));
#8510 = CARTESIAN_POINT('',(0.269846270793,21.04004774537));
#8511 = CARTESIAN_POINT('',(0.293855357444,20.901368521479));
#8512 = CARTESIAN_POINT('',(0.317782245167,20.760059377002));
#8513 = CARTESIAN_POINT('',(0.34162848359,20.616222934745));
#8514 = CARTESIAN_POINT('',(0.365395762896,20.469960531814));
#8515 = CARTESIAN_POINT('',(0.38908588828,20.321372181845));
#8516 = CARTESIAN_POINT('',(0.412700752007,20.170556542708));
#8517 = CARTESIAN_POINT('',(0.436242310528,20.017610878278));
#8518 = CARTESIAN_POINT('',(0.459712564858,19.862631038444));
#8519 = CARTESIAN_POINT('',(0.483113545477,19.70571137211));
#8520 = CARTESIAN_POINT('',(0.506447299911,19.546944890005));
#8521 = CARTESIAN_POINT('',(0.521959693541,19.439929960155));
#8522 = CARTESIAN_POINT('',(0.529705372692,19.386145094));
#8523 = ( GEOMETRIC_REPRESENTATION_CONTEXT(2) 
PARAMETRIC_REPRESENTATION_CONTEXT() REPRESENTATION_CONTEXT('2D SPACE',''
  ) );
#8524 = ORIENTED_EDGE('',*,*,#8525,.F.);
#8525 = EDGE_CURVE('',#8526,#8470,#8528,.T.);
#8526 = VERTEX_POINT('',#8527);
#8527 = CARTESIAN_POINT('',(508.354384277,835.200004558,155.346505611));
#8528 = SURFACE_CURVE('',#8529,(#8536,#8543),.PCURVE_S1.);
#8529 = B_SPLINE_CURVE_WITH_KNOTS('',5,(#8530,#8531,#8532,#8533,#8534,
    #8535),.UNSPECIFIED.,.F.,.F.,(6,6),(54.9665776049,61.6302639921),
  .PIECEWISE_BEZIER_KNOTS.);
#8530 = CARTESIAN_POINT('',(508.354384277,835.200004558,155.346505611));
#8531 = CARTESIAN_POINT('',(508.354387987,835.2000114,156.929284672));
#8532 = CARTESIAN_POINT('',(508.239437462,834.987478292,158.512498963));
#8533 = CARTESIAN_POINT('',(508.009035047,834.561484653,160.042053598));
#8534 = CARTESIAN_POINT('',(507.678092236,833.949600963,161.474720127));
#8535 = CARTESIAN_POINT('',(507.263131355,833.182375494,162.785216174));
#8536 = PCURVE('',#6025,#8537);
#8537 = DEFINITIONAL_REPRESENTATION('',(#8538),#8542);
#8538 = LINE('',#8539,#8540);
#8539 = CARTESIAN_POINT('',(1.42108547152E-14,6.056529888833));
#8540 = VECTOR('',#8541,1.);
#8541 = DIRECTION('',(1.,-6.810039340751E-11));
#8542 = ( GEOMETRIC_REPRESENTATION_CONTEXT(2) 
PARAMETRIC_REPRESENTATION_CONTEXT() REPRESENTATION_CONTEXT('2D SPACE',''
  ) );
#8543 = PCURVE('',#8544,#8549);
#8544 = CYLINDRICAL_SURFACE('',#8545,14.722);
#8545 = AXIS2_PLACEMENT_3D('',#8546,#8547,#8548);
#8546 = CARTESIAN_POINT('',(484.90244428,820.478,155.3465055));
#8547 = DIRECTION('',(1.,0.,0.));
#8548 = DIRECTION('',(0.,-0.862954938496,-0.505280886365));
#8549 = DEFINITIONAL_REPRESENTATION('',(#8550),#8576);
#8550 = B_SPLINE_CURVE_WITH_KNOTS('',3,(#8551,#8552,#8553,#8554,#8555,
    #8556,#8557,#8558,#8559,#8560,#8561,#8562,#8563,#8564,#8565,#8566,
    #8567,#8568,#8569,#8570,#8571,#8572,#8573,#8574,#8575),
  .UNSPECIFIED.,.F.,.F.,(4,1,1,1,1,1,1,1,1,1,1,1,1,1,1,1,1,1,1,1,1,1,4),
  (54.9665776049,55.269472440682,55.572367276464,55.875262112245,
    56.178156948027,56.481051783809,56.783946619591,57.086841455373,
    57.389736291155,57.692631126936,57.995525962718,58.2984207985,
    58.601315634282,58.904210470064,59.207105305845,59.510000141627,
    59.812894977409,60.115789813191,60.418684648973,60.721579484755,
    61.024474320536,61.327369156318,61.6302639921),.UNSPECIFIED.);
#8551 = CARTESIAN_POINT('',(2.611885233149,23.451939997));
#8552 = CARTESIAN_POINT('',(2.6200300446,23.451940903723));
#8553 = CARTESIAN_POINT('',(2.636319956793,23.450356940942));
#8554 = CARTESIAN_POINT('',(2.660750141481,23.443233020303));
#8555 = CARTESIAN_POINT('',(2.685169956296,23.431367604204));
#8556 = CARTESIAN_POINT('',(2.70957418677,23.414777222873));
#8557 = CARTESIAN_POINT('',(2.733957886508,23.393484586364));
#8558 = CARTESIAN_POINT('',(2.758316394203,23.367519213982));
#8559 = CARTESIAN_POINT('',(2.782645295263,23.336916858251));
#8560 = CARTESIAN_POINT('',(2.806940402142,23.30171925189));
#8561 = CARTESIAN_POINT('',(2.831197733627,23.261973768227));
#8562 = CARTESIAN_POINT('',(2.855413498393,23.217733104821));
#8563 = CARTESIAN_POINT('',(2.879584081425,23.169054960854));
#8564 = CARTESIAN_POINT('',(2.903706033667,23.116001716202));
#8565 = CARTESIAN_POINT('',(2.92777606474,23.058640110043));
#8566 = CARTESIAN_POINT('',(2.951791038689,22.997040919618));
#8567 = CARTESIAN_POINT('',(2.97574797266,22.93127863887));
#8568 = CARTESIAN_POINT('',(2.999644038434,22.86143115738));
#8569 = CARTESIAN_POINT('',(3.023476566452,22.787579438277));
#8570 = CARTESIAN_POINT('',(3.047243053082,22.709807199923));
#8571 = CARTESIAN_POINT('',(3.070941167614,22.628200583544));
#8572 = CARTESIAN_POINT('',(3.094568771198,22.542847873299));
#8573 = CARTESIAN_POINT('',(3.1181239013,22.453839020638));
#8574 = CARTESIAN_POINT('',(3.133777896399,22.392123606271));
#8575 = CARTESIAN_POINT('',(3.14159224616,22.360687075));
#8576 = ( GEOMETRIC_REPRESENTATION_CONTEXT(2) 
PARAMETRIC_REPRESENTATION_CONTEXT() REPRESENTATION_CONTEXT('2D SPACE',''
  ) );
#8577 = ORIENTED_EDGE('',*,*,#8578,.F.);
#8578 = EDGE_CURVE('',#8579,#8526,#8581,.T.);
#8579 = VERTEX_POINT('',#8580);
#8580 = CARTESIAN_POINT('',(506.004248537,834.695102413,155.3465055));
#8581 = SURFACE_CURVE('',#8582,(#8589,#8596),.PCURVE_S1.);
#8582 = B_SPLINE_CURVE_WITH_KNOTS('',5,(#8583,#8584,#8585,#8586,#8587,
    #8588),.UNSPECIFIED.,.F.,.F.,(6,6),(3.02826020406,6.05652988509),
  .PIECEWISE_BEZIER_KNOTS.);
#8583 = CARTESIAN_POINT('',(506.004264646,834.695066655,155.34650556));
#8584 = CARTESIAN_POINT('',(506.445884524,834.894002439,155.346505572));
#8585 = CARTESIAN_POINT('',(506.90854852,835.04622209,155.346505583));
#8586 = CARTESIAN_POINT('',(507.385664879,835.148756232,155.346505593));
#8587 = CARTESIAN_POINT('',(507.870024578,835.200005784,155.346505602));
#8588 = CARTESIAN_POINT('',(508.354384277,835.200004558,155.346505611));
#8589 = PCURVE('',#6025,#8590);
#8590 = DEFINITIONAL_REPRESENTATION('',(#8591),#8595);
#8591 = LINE('',#8592,#8593);
#8592 = CARTESIAN_POINT('',(54.966577603879,-3.208100451957E-12));
#8593 = VECTOR('',#8594,1.);
#8594 = DIRECTION('',(1.68586357695E-10,1.));
#8595 = ( GEOMETRIC_REPRESENTATION_CONTEXT(2) 
PARAMETRIC_REPRESENTATION_CONTEXT() REPRESENTATION_CONTEXT('2D SPACE',''
  ) );
#8596 = PCURVE('',#8597,#8602);
#8597 = CYLINDRICAL_SURFACE('',#8598,5.722);
#8598 = AXIS2_PLACEMENT_3D('',#8599,#8600,#8601);
#8599 = CARTESIAN_POINT('',(508.354381812,829.478,122.757771359));
#8600 = DIRECTION('',(0.,0.,1.));
#8601 = DIRECTION('',(0.410718852613,-0.911762043577,0.));
#8602 = DEFINITIONAL_REPRESENTATION('',(#8603),#8606);
#8603 = B_SPLINE_CURVE_WITH_KNOTS('',1,(#8604,#8605),.UNSPECIFIED.,.F.,
  .F.,(2,2),(3.02826020406,6.05652988509),.PIECEWISE_BEZIER_KNOTS.);
#8604 = CARTESIAN_POINT('',(3.14159265348,32.588734201));
#8605 = CARTESIAN_POINT('',(2.718349879188,32.588734252));
#8606 = ( GEOMETRIC_REPRESENTATION_CONTEXT(2) 
PARAMETRIC_REPRESENTATION_CONTEXT() REPRESENTATION_CONTEXT('2D SPACE',''
  ) );
#8607 = ORIENTED_EDGE('',*,*,#8608,.T.);
#8608 = EDGE_CURVE('',#8579,#5958,#8609,.T.);
#8609 = SURFACE_CURVE('',#8610,(#8615,#8621),.PCURVE_S1.);
#8610 = CIRCLE('',#8611,5.722);
#8611 = AXIS2_PLACEMENT_3D('',#8612,#8613,#8614);
#8612 = CARTESIAN_POINT('',(508.354381812,829.478,155.3465055));
#8613 = DIRECTION('',(0.,0.,1.));
#8614 = DIRECTION('',(1.,0.,-0.));
#8615 = PCURVE('',#6025,#8616);
#8616 = DEFINITIONAL_REPRESENTATION('',(#8617),#8620);
#8617 = B_SPLINE_CURVE_WITH_KNOTS('',1,(#8618,#8619),.UNSPECIFIED.,.F.,
  .F.,(2,2),(1.994038670484,2.417280364221),.PIECEWISE_BEZIER_KNOTS.);
#8618 = CARTESIAN_POINT('',(54.966577543391,3.028260202743));
#8619 = CARTESIAN_POINT('',(54.9665776049,-9.366079690094E-10));
#8620 = ( GEOMETRIC_REPRESENTATION_CONTEXT(2) 
PARAMETRIC_REPRESENTATION_CONTEXT() REPRESENTATION_CONTEXT('2D SPACE',''
  ) );
#8621 = PCURVE('',#5973,#8622);
#8622 = DEFINITIONAL_REPRESENTATION('',(#8623),#8627);
#8623 = LINE('',#8624,#8625);
#8624 = CARTESIAN_POINT('',(-1.994038670484,32.588734141));
#8625 = VECTOR('',#8626,1.);
#8626 = DIRECTION('',(1.,0.));
#8627 = ( GEOMETRIC_REPRESENTATION_CONTEXT(2) 
PARAMETRIC_REPRESENTATION_CONTEXT() REPRESENTATION_CONTEXT('2D SPACE',''
  ) );
#8628 = ORIENTED_EDGE('',*,*,#5985,.T.);
#8629 = ADVANCED_FACE('',(#8630),#5973,.F.);
#8630 = FACE_BOUND('',#8631,.F.);
#8631 = EDGE_LOOP('',(#8632,#8655,#8678,#8679));
#8632 = ORIENTED_EDGE('',*,*,#8633,.F.);
#8633 = EDGE_CURVE('',#8634,#8579,#8636,.T.);
#8634 = VERTEX_POINT('',#8635);
#8635 = CARTESIAN_POINT('',(506.004248537,834.695102413,121.433873902));
#8636 = SURFACE_CURVE('',#8637,(#8641,#8648),.PCURVE_S1.);
#8637 = LINE('',#8638,#8639);
#8638 = CARTESIAN_POINT('',(506.004248537,834.695102413,122.75777136));
#8639 = VECTOR('',#8640,1.);
#8640 = DIRECTION('',(0.,0.,1.));
#8641 = PCURVE('',#5973,#8642);
#8642 = DEFINITIONAL_REPRESENTATION('',(#8643),#8647);
#8643 = LINE('',#8644,#8645);
#8644 = CARTESIAN_POINT('',(0.,1.000003635454E-09));
#8645 = VECTOR('',#8646,1.);
#8646 = DIRECTION('',(0.,1.));
#8647 = ( GEOMETRIC_REPRESENTATION_CONTEXT(2) 
PARAMETRIC_REPRESENTATION_CONTEXT() REPRESENTATION_CONTEXT('2D SPACE',''
  ) );
#8648 = PCURVE('',#8597,#8649);
#8649 = DEFINITIONAL_REPRESENTATION('',(#8650),#8654);
#8650 = LINE('',#8651,#8652);
#8651 = CARTESIAN_POINT('',(3.14159265367,1.000003635454E-09));
#8652 = VECTOR('',#8653,1.);
#8653 = DIRECTION('',(0.,1.));
#8654 = ( GEOMETRIC_REPRESENTATION_CONTEXT(2) 
PARAMETRIC_REPRESENTATION_CONTEXT() REPRESENTATION_CONTEXT('2D SPACE',''
  ) );
#8655 = ORIENTED_EDGE('',*,*,#8656,.F.);
#8656 = EDGE_CURVE('',#5840,#8634,#8657,.T.);
#8657 = SURFACE_CURVE('',#8658,(#8665,#8671),.PCURVE_S1.);
#8658 = B_SPLINE_CURVE_WITH_KNOTS('',5,(#8659,#8660,#8661,#8662,#8663,
    #8664),.UNSPECIFIED.,.F.,.F.,(6,6),(0.,2.78238171181),
  .PIECEWISE_BEZIER_KNOTS.);
#8659 = CARTESIAN_POINT('',(504.068857178,833.269511916,121.433873902));
#8660 = CARTESIAN_POINT('',(504.389802856,833.632275014,121.433873902));
#8661 = CARTESIAN_POINT('',(504.74913271,833.961078662,121.433873902));
#8662 = CARTESIAN_POINT('',(505.142072527,834.250475591,121.433873902));
#8663 = CARTESIAN_POINT('',(505.562647891,834.496126202,121.433873902));
#8664 = CARTESIAN_POINT('',(506.004267121,834.69506116,121.433873902));
#8665 = PCURVE('',#5973,#8666);
#8666 = DEFINITIONAL_REPRESENTATION('',(#8667),#8670);
#8667 = B_SPLINE_CURVE_WITH_KNOTS('',1,(#8668,#8669),.UNSPECIFIED.,.F.,
  .F.,(2,2),(0.,2.78238171089),.PIECEWISE_BEZIER_KNOTS.);
#8668 = CARTESIAN_POINT('',(0.423242343554,-1.323897457));
#8669 = CARTESIAN_POINT('',(0.,-1.323897457));
#8670 = ( GEOMETRIC_REPRESENTATION_CONTEXT(2) 
PARAMETRIC_REPRESENTATION_CONTEXT() REPRESENTATION_CONTEXT('2D SPACE',''
  ) );
#8671 = PCURVE('',#5873,#8672);
#8672 = DEFINITIONAL_REPRESENTATION('',(#8673),#8677);
#8673 = LINE('',#8674,#8675);
#8674 = CARTESIAN_POINT('',(67.3352674835,1.376833692576E-28));
#8675 = VECTOR('',#8676,1.);
#8676 = DIRECTION('',(-1.021488508179E-14,1.));
#8677 = ( GEOMETRIC_REPRESENTATION_CONTEXT(2) 
PARAMETRIC_REPRESENTATION_CONTEXT() REPRESENTATION_CONTEXT('2D SPACE',''
  ) );
#8678 = ORIENTED_EDGE('',*,*,#5957,.T.);
#8679 = ORIENTED_EDGE('',*,*,#8608,.F.);
#8680 = ADVANCED_FACE('',(#8681),#5873,.F.);
#8681 = FACE_BOUND('',#8682,.F.);
#8682 = EDGE_LOOP('',(#8683,#8684,#8685,#8710,#8763,#8819,#8849));
#8683 = ORIENTED_EDGE('',*,*,#5839,.T.);
#8684 = ORIENTED_EDGE('',*,*,#8656,.T.);
#8685 = ORIENTED_EDGE('',*,*,#8686,.T.);
#8686 = EDGE_CURVE('',#8634,#8687,#8689,.T.);
#8687 = VERTEX_POINT('',#8688);
#8688 = CARTESIAN_POINT('',(508.354381812,835.2,121.433873902));
#8689 = SURFACE_CURVE('',#8690,(#8697,#8704),.PCURVE_S1.);
#8690 = B_SPLINE_CURVE_WITH_KNOTS('',5,(#8691,#8692,#8693,#8694,#8695,
    #8696),.UNSPECIFIED.,.F.,.F.,(6,6),(2.78238171181,5.56476342337),
  .PIECEWISE_BEZIER_KNOTS.);
#8691 = CARTESIAN_POINT('',(506.004267121,834.69506116,121.433873902));
#8692 = CARTESIAN_POINT('',(506.445886351,834.893996118,121.433873902));
#8693 = CARTESIAN_POINT('',(506.908549449,835.046215422,121.433873902));
#8694 = CARTESIAN_POINT('',(507.385664736,835.148749739,121.433873902));
#8695 = CARTESIAN_POINT('',(507.870023274,835.2,121.433873902));
#8696 = CARTESIAN_POINT('',(508.354381812,835.2,121.433873902));
#8697 = PCURVE('',#5873,#8698);
#8698 = DEFINITIONAL_REPRESENTATION('',(#8699),#8703);
#8699 = LINE('',#8700,#8701);
#8700 = CARTESIAN_POINT('',(67.3352674835,-5.671019209785E-13));
#8701 = VECTOR('',#8702,1.);
#8702 = DIRECTION('',(5.107442539662E-15,1.));
#8703 = ( GEOMETRIC_REPRESENTATION_CONTEXT(2) 
PARAMETRIC_REPRESENTATION_CONTEXT() REPRESENTATION_CONTEXT('2D SPACE',''
  ) );
#8704 = PCURVE('',#8597,#8705);
#8705 = DEFINITIONAL_REPRESENTATION('',(#8706),#8709);
#8706 = B_SPLINE_CURVE_WITH_KNOTS('',1,(#8707,#8708),.UNSPECIFIED.,.F.,
  .F.,(2,2),(2.78238171181,5.56476342337),.PIECEWISE_BEZIER_KNOTS.);
#8707 = CARTESIAN_POINT('',(3.14159265353,-1.323897457));
#8708 = CARTESIAN_POINT('',(2.718350309982,-1.323897457));
#8709 = ( GEOMETRIC_REPRESENTATION_CONTEXT(2) 
PARAMETRIC_REPRESENTATION_CONTEXT() REPRESENTATION_CONTEXT('2D SPACE',''
  ) );
#8710 = ORIENTED_EDGE('',*,*,#8711,.F.);
#8711 = EDGE_CURVE('',#8712,#8687,#8714,.T.);
#8712 = VERTEX_POINT('',#8713);
#8713 = CARTESIAN_POINT('',(507.707753729,834.004442629,115.622453194));
#8714 = SURFACE_CURVE('',#8715,(#8722,#8729),.PCURVE_S1.);
#8715 = B_SPLINE_CURVE_WITH_KNOTS('',5,(#8716,#8717,#8718,#8719,#8720,
    #8721),.UNSPECIFIED.,.F.,.F.,(6,6),(62.3186054369,67.3352674835),
  .PIECEWISE_BEZIER_KNOTS.);
#8716 = CARTESIAN_POINT('',(507.707753729,834.004442629,115.622453194));
#8717 = CARTESIAN_POINT('',(507.958573566,834.468186103,116.701848613));
#8718 = CARTESIAN_POINT('',(508.154065466,834.829633164,117.84000533));
#8719 = CARTESIAN_POINT('',(508.287605206,835.076536035,119.022144732));
#8720 = CARTESIAN_POINT('',(508.354381812,835.2,120.2280094));
#8721 = CARTESIAN_POINT('',(508.354381812,835.2,121.433873902));
#8722 = PCURVE('',#5873,#8723);
#8723 = DEFINITIONAL_REPRESENTATION('',(#8724),#8728);
#8724 = LINE('',#8725,#8726);
#8725 = CARTESIAN_POINT('',(-3.777245183301E-11,5.564763422075));
#8726 = VECTOR('',#8727,1.);
#8727 = DIRECTION('',(1.,1.923105750552E-11));
#8728 = ( GEOMETRIC_REPRESENTATION_CONTEXT(2) 
PARAMETRIC_REPRESENTATION_CONTEXT() REPRESENTATION_CONTEXT('2D SPACE',''
  ) );
#8729 = PCURVE('',#8730,#8735);
#8730 = CYLINDRICAL_SURFACE('',#8731,14.722);
#8731 = AXIS2_PLACEMENT_3D('',#8732,#8733,#8734);
#8732 = CARTESIAN_POINT('',(480.120792881,820.478,121.433873902));
#8733 = DIRECTION('',(-1.,0.,0.));
#8734 = DIRECTION('',(0.,-0.918791210149,0.394743856384));
#8735 = DEFINITIONAL_REPRESENTATION('',(#8736),#8762);
#8736 = B_SPLINE_CURVE_WITH_KNOTS('',3,(#8737,#8738,#8739,#8740,#8741,
    #8742,#8743,#8744,#8745,#8746,#8747,#8748,#8749,#8750,#8751,#8752,
    #8753,#8754,#8755,#8756,#8757,#8758,#8759,#8760,#8761),
  .UNSPECIFIED.,.F.,.F.,(4,1,1,1,1,1,1,1,1,1,1,1,1,1,1,1,1,1,1,1,1,1,4),
  (62.3186054369,62.546635529927,62.774665622955,63.002695715982,
    63.230725809009,63.458755902036,63.686785995064,63.914816088091,
    64.142846181118,64.370876274145,64.598906367173,64.8269364602,
    65.054966553227,65.282996646255,65.511026739282,65.739056832309,
    65.967086925336,66.195117018364,66.423147111391,66.651177204418,
    66.879207297445,67.107237390473,67.3352674835),.UNSPECIFIED.);
#8737 = CARTESIAN_POINT('',(3.141592798846,-27.586960848));
#8738 = CARTESIAN_POINT('',(3.135547434257,-27.60596243515));
#8739 = CARTESIAN_POINT('',(3.123443955813,-27.64320319821));
#8740 = CARTESIAN_POINT('',(3.105251657513,-27.6967413659));
#8741 = CARTESIAN_POINT('',(3.087023425223,-27.74792040039));
#8742 = CARTESIAN_POINT('',(3.068760477415,-27.79670559142));
#8743 = CARTESIAN_POINT('',(3.050464078978,-27.84306326469));
#8744 = CARTESIAN_POINT('',(3.032135547801,-27.88696097989));
#8745 = CARTESIAN_POINT('',(3.013776253234,-27.9283675657));
#8746 = CARTESIAN_POINT('',(2.995387617202,-27.96725319852));
#8747 = CARTESIAN_POINT('',(2.976971115106,-28.00358946951));
#8748 = CARTESIAN_POINT('',(2.958528277284,-28.03734945472));
#8749 = CARTESIAN_POINT('',(2.940060690858,-28.06850778439));
#8750 = CARTESIAN_POINT('',(2.921570002008,-28.0970407125));
#8751 = CARTESIAN_POINT('',(2.903057918679,-28.12292618624));
#8752 = CARTESIAN_POINT('',(2.884526213728,-28.1461439155));
#8753 = CARTESIAN_POINT('',(2.865976728506,-28.16667544231));
#8754 = CARTESIAN_POINT('',(2.847411376901,-28.18450421065));
#8755 = CARTESIAN_POINT('',(2.828832149734,-28.19961563448));
#8756 = CARTESIAN_POINT('',(2.810241119932,-28.21199717295));
#8757 = CARTESIAN_POINT('',(2.791640446844,-28.22163837832));
#8758 = CARTESIAN_POINT('',(2.773032385769,-28.22853104601));
#8759 = CARTESIAN_POINT('',(2.754419280037,-28.23266898339));
#8760 = CARTESIAN_POINT('',(2.742008840096,-28.23358912884));
#8761 = CARTESIAN_POINT('',(2.735803602501,-28.233588931));
#8762 = ( GEOMETRIC_REPRESENTATION_CONTEXT(2) 
PARAMETRIC_REPRESENTATION_CONTEXT() REPRESENTATION_CONTEXT('2D SPACE',''
  ) );
#8763 = ORIENTED_EDGE('',*,*,#8764,.F.);
#8764 = EDGE_CURVE('',#8765,#8712,#8767,.T.);
#8765 = VERTEX_POINT('',#8766);
#8766 = CARTESIAN_POINT('',(505.872906594,830.611974719,110.75493769));
#8767 = SURFACE_CURVE('',#8768,(#8778,#8785),.PCURVE_S1.);
#8768 = B_SPLINE_CURVE_WITH_KNOTS('',5,(#8769,#8770,#8771,#8772,#8773,
    #8774,#8775,#8776,#8777),.UNSPECIFIED.,.F.,.F.,(6,3,6),(
    57.0745201071,61.292136604,62.3186054369),.UNSPECIFIED.);
#8769 = CARTESIAN_POINT('',(505.872906594,830.611974719,110.75493769));
#8770 = CARTESIAN_POINT('',(506.239094563,831.289023533,111.397438088));
#8771 = CARTESIAN_POINT('',(506.581986881,831.923000727,112.101036462));
#8772 = CARTESIAN_POINT('',(506.897492562,832.506342383,112.863276272));
#8773 = CARTESIAN_POINT('',(507.250092854,833.158268586,113.878656532));
#8774 = CARTESIAN_POINT('',(507.546899207,833.70703699,114.967388606));
#8775 = CARTESIAN_POINT('',(507.602795913,833.810385003,115.183198967));
#8776 = CARTESIAN_POINT('',(507.656433002,833.909555189,115.401596029));
#8777 = CARTESIAN_POINT('',(507.707753729,834.004442629,115.622453194));
#8778 = PCURVE('',#5873,#8779);
#8779 = DEFINITIONAL_REPRESENTATION('',(#8780),#8784);
#8780 = LINE('',#8781,#8782);
#8781 = CARTESIAN_POINT('',(-8.526512829121E-14,5.56476342442));
#8782 = VECTOR('',#8783,1.);
#8783 = DIRECTION('',(1.,-1.840027109151E-11));
#8784 = ( GEOMETRIC_REPRESENTATION_CONTEXT(2) 
PARAMETRIC_REPRESENTATION_CONTEXT() REPRESENTATION_CONTEXT('2D SPACE',''
  ) );
#8785 = PCURVE('',#8786,#8791);
#8786 = CYLINDRICAL_SURFACE('',#8787,14.722);
#8787 = AXIS2_PLACEMENT_3D('',#8788,#8789,#8790);
#8788 = CARTESIAN_POINT('',(480.120792881,820.478,121.433873902));
#8789 = DIRECTION('',(-1.,0.,0.));
#8790 = DIRECTION('',(0.,0.918791210149,-0.394743856384));
#8791 = DEFINITIONAL_REPRESENTATION('',(#8792),#8818);
#8792 = B_SPLINE_CURVE_WITH_KNOTS('',3,(#8793,#8794,#8795,#8796,#8797,
    #8798,#8799,#8800,#8801,#8802,#8803,#8804,#8805,#8806,#8807,#8808,
    #8809,#8810,#8811,#8812,#8813,#8814,#8815,#8816,#8817),
  .UNSPECIFIED.,.F.,.F.,(4,1,1,1,1,1,1,1,1,1,1,1,1,1,1,1,1,1,1,1,1,1,4),
  (57.0745201071,57.312887622091,57.551255137082,57.789622652073,
    58.027990167064,58.266357682055,58.504725197045,58.743092712036,
    58.981460227027,59.219827742018,59.458195257009,59.696562772,
    59.934930286991,60.173297801982,60.411665316973,60.650032831964,
    60.888400346955,61.126767861945,61.365135376936,61.603502891927,
    61.841870406918,62.080237921909,62.3186054369),.UNSPECIFIED.);
#8793 = CARTESIAN_POINT('',(0.405786949976,-25.752113713));
#8794 = CARTESIAN_POINT('',(0.399814931848,-25.78660681891));
#8795 = CARTESIAN_POINT('',(0.387855234269,-25.85509711265));
#8796 = CARTESIAN_POINT('',(0.369868330702,-25.95629969656));
#8797 = CARTESIAN_POINT('',(0.351833673953,-26.05592449556));
#8798 = CARTESIAN_POINT('',(0.333750947679,-26.15392597151));
#8799 = CARTESIAN_POINT('',(0.315619885433,-26.2502582579));
#8800 = CARTESIAN_POINT('',(0.297440276784,-26.34487515588));
#8801 = CARTESIAN_POINT('',(0.279211964297,-26.4377302068));
#8802 = CARTESIAN_POINT('',(0.26093484345,-26.52877674422));
#8803 = CARTESIAN_POINT('',(0.242608862237,-26.61796795149));
#8804 = CARTESIAN_POINT('',(0.224234021353,-26.70525691772));
#8805 = CARTESIAN_POINT('',(0.205810374708,-26.79059669432));
#8806 = CARTESIAN_POINT('',(0.187338030324,-26.87394035132));
#8807 = CARTESIAN_POINT('',(0.168817151679,-26.95524103355));
#8808 = CARTESIAN_POINT('',(0.150247959156,-27.03445201784));
#8809 = CARTESIAN_POINT('',(0.131630732852,-27.11152676625));
#8810 = CARTESIAN_POINT('',(0.11296581204,-27.18641899412));
#8811 = CARTESIAN_POINT('',(9.425360878606E-02,-27.25908268296));
#8812 = CARTESIAN_POINT('',(7.549457033186E-02,-27.32947229884));
#8813 = CARTESIAN_POINT('',(5.668934522876E-02,-27.39754220247));
#8814 = CARTESIAN_POINT('',(3.783897373904E-02,-27.46324626086));
#8815 = CARTESIAN_POINT('',(1.894450936937E-02,-27.52653929653));
#8816 = CARTESIAN_POINT('',(6.319578053229E-03,-27.56709802284));
#8817 = CARTESIAN_POINT('',(1.452560825857E-07,-27.586960848));
#8818 = ( GEOMETRIC_REPRESENTATION_CONTEXT(2) 
PARAMETRIC_REPRESENTATION_CONTEXT() REPRESENTATION_CONTEXT('2D SPACE',''
  ) );
#8819 = ORIENTED_EDGE('',*,*,#8820,.F.);
#8820 = EDGE_CURVE('',#8821,#8765,#8823,.T.);
#8821 = VERTEX_POINT('',#8822);
#8822 = CARTESIAN_POINT('',(503.36164178,831.203020414,112.473318218));
#8823 = SURFACE_CURVE('',#8824,(#8831,#8838),.PCURVE_S1.);
#8824 = B_SPLINE_CURVE_WITH_KNOTS('',5,(#8825,#8826,#8827,#8828,#8829,
    #8830),.UNSPECIFIED.,.F.,.F.,(6,6),(2.78238806405,5.56476342337),
  .PIECEWISE_BEZIER_KNOTS.);
#8825 = CARTESIAN_POINT('',(503.361753457,831.202862095,112.473427909));
#8826 = CARTESIAN_POINT('',(503.81257718,831.218352783,112.036800367));
#8827 = CARTESIAN_POINT('',(504.301159682,831.165733559,111.636742808));
#8828 = CARTESIAN_POINT('',(504.816198563,831.044616062,111.284201727));
#8829 = CARTESIAN_POINT('',(505.344552579,830.857928871,110.988342668));
#8830 = CARTESIAN_POINT('',(505.872906594,830.611974719,110.75493769));
#8831 = PCURVE('',#5873,#8832);
#8832 = DEFINITIONAL_REPRESENTATION('',(#8833),#8837);
#8833 = LINE('',#8834,#8835);
#8834 = CARTESIAN_POINT('',(57.074520106606,-2.012789934724E-11));
#8835 = VECTOR('',#8836,1.);
#8836 = DIRECTION('',(8.875733908862E-11,1.));
#8837 = ( GEOMETRIC_REPRESENTATION_CONTEXT(2) 
PARAMETRIC_REPRESENTATION_CONTEXT() REPRESENTATION_CONTEXT('2D SPACE',''
  ) );
#8838 = PCURVE('',#8839,#8844);
#8839 = CYLINDRICAL_SURFACE('',#8840,5.722);
#8840 = AXIS2_PLACEMENT_3D('',#8841,#8842,#8843);
#8841 = CARTESIAN_POINT('',(471.999098149,788.385826961,78.5721525644));
#8842 = DIRECTION('',(0.540102311575,0.610474610834,0.579318774561));
#8843 = DIRECTION('',(0.438877107144,-0.791651386468,0.425058780792));
#8844 = DEFINITIONAL_REPRESENTATION('',(#8845),#8848);
#8845 = B_SPLINE_CURVE_WITH_KNOTS('',1,(#8846,#8847),.UNSPECIFIED.,.F.,
  .F.,(2,2),(2.78238806405,5.56476342337),.PIECEWISE_BEZIER_KNOTS.);
#8846 = CARTESIAN_POINT('',(3.141592653648,62.71740077815));
#8847 = CARTESIAN_POINT('',(2.593009732979,62.717405003486));
#8848 = ( GEOMETRIC_REPRESENTATION_CONTEXT(2) 
PARAMETRIC_REPRESENTATION_CONTEXT() REPRESENTATION_CONTEXT('2D SPACE',''
  ) );
#8849 = ORIENTED_EDGE('',*,*,#8850,.T.);
#8850 = EDGE_CURVE('',#8821,#5812,#8851,.T.);
#8851 = SURFACE_CURVE('',#8852,(#8857,#8863),.PCURVE_S1.);
#8852 = CIRCLE('',#8853,5.722);
#8853 = AXIS2_PLACEMENT_3D('',#8854,#8855,#8856);
#8854 = CARTESIAN_POINT('',(505.872896587,826.673191181,114.905504562));
#8855 = DIRECTION('',(0.540102311575,0.610474610834,0.579318774561));
#8856 = DIRECTION('',(-4.160560784783E-14,-0.688354575694,0.725374371012
    ));
#8857 = PCURVE('',#5873,#8858);
#8858 = DEFINITIONAL_REPRESENTATION('',(#8859),#8862);
#8859 = B_SPLINE_CURVE_WITH_KNOTS('',1,(#8860,#8861),.UNSPECIFIED.,.F.,
  .F.,(2,2),(3.690177022224,4.238761390992),.PIECEWISE_BEZIER_KNOTS.);
#8860 = CARTESIAN_POINT('',(57.074493327846,2.782385307192));
#8861 = CARTESIAN_POINT('',(57.074493689197,3.374977540252E-06));
#8862 = ( GEOMETRIC_REPRESENTATION_CONTEXT(2) 
PARAMETRIC_REPRESENTATION_CONTEXT() REPRESENTATION_CONTEXT('2D SPACE',''
  ) );
#8863 = PCURVE('',#5827,#8864);
#8864 = DEFINITIONAL_REPRESENTATION('',(#8865),#8869);
#8865 = LINE('',#8866,#8867);
#8866 = CARTESIAN_POINT('',(-3.690177022224,62.717373565183));
#8867 = VECTOR('',#8868,1.);
#8868 = DIRECTION('',(1.,0.));
#8869 = ( GEOMETRIC_REPRESENTATION_CONTEXT(2) 
PARAMETRIC_REPRESENTATION_CONTEXT() REPRESENTATION_CONTEXT('2D SPACE',''
  ) );
#8870 = ADVANCED_FACE('',(#8871),#5827,.F.);
#8871 = FACE_BOUND('',#8872,.F.);
#8872 = EDGE_LOOP('',(#8873,#8896,#8967,#8968));
#8873 = ORIENTED_EDGE('',*,*,#8874,.F.);
#8874 = EDGE_CURVE('',#8875,#8821,#8877,.T.);
#8875 = VERTEX_POINT('',#8876);
#8876 = CARTESIAN_POINT('',(439.411730963,758.920795209,43.8800476955));
#8877 = SURFACE_CURVE('',#8878,(#8882,#8889),.PCURVE_S1.);
#8878 = LINE('',#8879,#8880);
#8879 = CARTESIAN_POINT('',(469.487843342,792.915656194,76.1399662206));
#8880 = VECTOR('',#8881,1.);
#8881 = DIRECTION('',(0.540102311575,0.610474610834,0.579318774561));
#8882 = PCURVE('',#5827,#8883);
#8883 = DEFINITIONAL_REPRESENTATION('',(#8884),#8888);
#8884 = LINE('',#8885,#8886);
#8885 = CARTESIAN_POINT('',(0.,-2.48668641234E-10));
#8886 = VECTOR('',#8887,1.);
#8887 = DIRECTION('',(0.,1.));
#8888 = ( GEOMETRIC_REPRESENTATION_CONTEXT(2) 
PARAMETRIC_REPRESENTATION_CONTEXT() REPRESENTATION_CONTEXT('2D SPACE',''
  ) );
#8889 = PCURVE('',#8839,#8890);
#8890 = DEFINITIONAL_REPRESENTATION('',(#8891),#8895);
#8891 = LINE('',#8892,#8893);
#8892 = CARTESIAN_POINT('',(3.141592653568,-2.48668641234E-10));
#8893 = VECTOR('',#8894,1.);
#8894 = DIRECTION('',(-8.25142572658E-17,1.));
#8895 = ( GEOMETRIC_REPRESENTATION_CONTEXT(2) 
PARAMETRIC_REPRESENTATION_CONTEXT() REPRESENTATION_CONTEXT('2D SPACE',''
  ) );
#8896 = ORIENTED_EDGE('',*,*,#8897,.F.);
#8897 = EDGE_CURVE('',#5761,#8875,#8898,.T.);
#8898 = SURFACE_CURVE('',#8899,(#8909,#8938),.PCURVE_S1.);
#8899 = B_SPLINE_CURVE_WITH_KNOTS('',5,(#8900,#8901,#8902,#8903,#8904,
    #8905,#8906,#8907,#8908),.UNSPECIFIED.,.F.,.F.,(6,3,6),(0.,
    5.05023901975,6.97660441812),.UNSPECIFIED.);
#8900 = CARTESIAN_POINT('',(435.605670799,755.885956679,44.1329167824));
#8901 = CARTESIAN_POINT('',(436.069983292,756.410766484,44.0480420018));
#8902 = CARTESIAN_POINT('',(436.578776494,756.911429158,43.9863724699));
#8903 = CARTESIAN_POINT('',(437.092885579,757.35855219,43.9421480376));
#8904 = CARTESIAN_POINT('',(437.870434748,757.961176698,43.8984220762));
#8905 = CARTESIAN_POINT('',(438.701169958,758.502562436,43.8815773515));
#8906 = CARTESIAN_POINT('',(438.934514717,758.647237247,43.8789699094));
#8907 = CARTESIAN_POINT('',(439.171570551,758.78680955,43.878473735));
#8908 = CARTESIAN_POINT('',(439.411730963,758.920795209,43.8800476955));
#8909 = PCURVE('',#5827,#8910);
#8910 = DEFINITIONAL_REPRESENTATION('',(#8911),#8937);
#8911 = B_SPLINE_CURVE_WITH_KNOTS('',3,(#8912,#8913,#8914,#8915,#8916,
    #8917,#8918,#8919,#8920,#8921,#8922,#8923,#8924,#8925,#8926,#8927,
    #8928,#8929,#8930,#8931,#8932,#8933,#8934,#8935,#8936),
  .UNSPECIFIED.,.F.,.F.,(4,1,1,1,1,1,1,1,1,1,1,1,1,1,1,1,1,1,1,1,1,1,4),
  (0.,0.317118382642,0.634236765284,0.951355147925,1.268473530567,
    1.585591913209,1.902710295851,2.219828678493,2.536947061135,
    2.854065443776,3.171183826418,3.48830220906,3.805420591702,
    4.122538974344,4.439657356985,4.756775739627,5.073894122269,
    5.391012504911,5.708130887553,6.025249270195,6.342367652836,
    6.659486035478,6.97660441812),.UNSPECIFIED.);
#8912 = CARTESIAN_POINT('',(0.548584368779,-59.44781577046));
#8913 = CARTESIAN_POINT('',(0.539893077654,-59.39317516381));
#8914 = CARTESIAN_POINT('',(0.522572283062,-59.28334259286));
#8915 = CARTESIAN_POINT('',(0.496791790625,-59.11733094712));
#8916 = CARTESIAN_POINT('',(0.471233298496,-58.95049992823));
#8917 = CARTESIAN_POINT('',(0.445897232192,-58.78311048844));
#8918 = CARTESIAN_POINT('',(0.420772924213,-58.61532760874));
#8919 = CARTESIAN_POINT('',(0.395838805699,-58.44722075584));
#8920 = CARTESIAN_POINT('',(0.371065336458,-58.27878739244));
#8921 = CARTESIAN_POINT('',(0.34641731947,-58.10997031045));
#8922 = CARTESIAN_POINT('',(0.321856453123,-57.94067661882));
#8923 = CARTESIAN_POINT('',(0.297343852451,-57.77079629));
#8924 = CARTESIAN_POINT('',(0.272842573221,-57.6002208175));
#8925 = CARTESIAN_POINT('',(0.248320099499,-57.42886187004));
#8926 = CARTESIAN_POINT('',(0.223750751194,-57.25666984871));
#8927 = CARTESIAN_POINT('',(0.199118053871,-57.08365283496));
#8928 = CARTESIAN_POINT('',(0.174416763224,-56.90989407276));
#8929 = CARTESIAN_POINT('',(0.149655537338,-56.73557492304));
#8930 = CARTESIAN_POINT('',(0.124856370914,-56.56097726534));
#8931 = CARTESIAN_POINT('',(0.100008025526,-56.38613893823));
#8932 = CARTESIAN_POINT('',(7.51031317863E-02,-56.21112188247));
#8933 = CARTESIAN_POINT('',(5.013656101765E-02,-56.03600553395));
#8934 = CARTESIAN_POINT('',(2.510553198374E-02,-55.86088958023));
#8935 = CARTESIAN_POINT('',(8.375637902541E-03,-55.74423660608));
#8936 = CARTESIAN_POINT('',(0.,-55.68595381689));
#8937 = ( GEOMETRIC_REPRESENTATION_CONTEXT(2) 
PARAMETRIC_REPRESENTATION_CONTEXT() REPRESENTATION_CONTEXT('2D SPACE',''
  ) );
#8938 = PCURVE('',#7223,#8939);
#8939 = DEFINITIONAL_REPRESENTATION('',(#8940),#8966);
#8940 = B_SPLINE_CURVE_WITH_KNOTS('',3,(#8941,#8942,#8943,#8944,#8945,
    #8946,#8947,#8948,#8949,#8950,#8951,#8952,#8953,#8954,#8955,#8956,
    #8957,#8958,#8959,#8960,#8961,#8962,#8963,#8964,#8965),
  .UNSPECIFIED.,.F.,.F.,(4,1,1,1,1,1,1,1,1,1,1,1,1,1,1,1,1,1,1,1,1,1,4),
  (0.,0.317118382642,0.634236765284,0.951355147925,1.268473530567,
    1.585591913209,1.902710295851,2.219828678493,2.536947061135,
    2.854065443776,3.171183826418,3.48830220906,3.805420591702,
    4.122538974344,4.439657356985,4.756775739627,5.073894122269,
    5.391012504911,5.708130887553,6.025249270195,6.342367652836,
    6.659486035478,6.97660441812),.UNSPECIFIED.);
#8941 = CARTESIAN_POINT('',(9.675436632719E-05,-2.277999975222));
#8942 = CARTESIAN_POINT('',(8.969051682048E-02,-2.278002960243));
#8943 = CARTESIAN_POINT('',(0.267647970148,-2.277997221247));
#8944 = CARTESIAN_POINT('',(0.530342564629,-2.27794650826));
#8945 = CARTESIAN_POINT('',(0.788763867588,-2.277835927278));
#8946 = CARTESIAN_POINT('',(1.043093188056,-2.277684945921));
#8947 = CARTESIAN_POINT('',(1.293609251851,-2.277521809156));
#8948 = CARTESIAN_POINT('',(1.540681468428,-2.277378487482));
#8949 = CARTESIAN_POINT('',(1.784737520712,-2.277282264268));
#8950 = CARTESIAN_POINT('',(2.026240510195,-2.277251053105));
#8951 = CARTESIAN_POINT('',(2.265665571451,-2.277290452177));
#8952 = CARTESIAN_POINT('',(2.503478152754,-2.277392983687));
#8953 = CARTESIAN_POINT('',(2.740112999347,-2.277539331193));
#8954 = CARTESIAN_POINT('',(2.975953752942,-2.277701586867));
#8955 = CARTESIAN_POINT('',(3.211313129626,-2.277848480097));
#8956 = CARTESIAN_POINT('',(3.446412854408,-2.277952632279));
#8957 = CARTESIAN_POINT('',(3.681365811221,-2.277999698348));
#8958 = CARTESIAN_POINT('',(3.916150640352,-2.277999919039));
#8959 = CARTESIAN_POINT('',(4.150614852961,-2.278000017413));
#8960 = CARTESIAN_POINT('',(4.384927929925,-2.278000006079));
#8961 = CARTESIAN_POINT('',(4.619222890202,-2.277999585349));
#8962 = CARTESIAN_POINT('',(4.853609409479,-2.277998518535));
#8963 = CARTESIAN_POINT('',(5.088171934288,-2.277996882173));
#8964 = CARTESIAN_POINT('',(5.244693154148,-2.277995571626));
#8965 = CARTESIAN_POINT('',(5.322999490869,-2.27799489367));
#8966 = ( GEOMETRIC_REPRESENTATION_CONTEXT(2) 
PARAMETRIC_REPRESENTATION_CONTEXT() REPRESENTATION_CONTEXT('2D SPACE',''
  ) );
#8967 = ORIENTED_EDGE('',*,*,#5811,.F.);
#8968 = ORIENTED_EDGE('',*,*,#8850,.F.);
#8969 = ADVANCED_FACE('',(#8970),#5697,.T.);
#8970 = FACE_BOUND('',#8971,.T.);
#8971 = EDGE_LOOP('',(#8972,#9002,#9076,#9077));
#8972 = ORIENTED_EDGE('',*,*,#8973,.F.);
#8973 = EDGE_CURVE('',#8974,#8976,#8978,.T.);
#8974 = VERTEX_POINT('',#8975);
#8975 = CARTESIAN_POINT('',(429.37514498,750.012552781,45.5413779591));
#8976 = VERTEX_POINT('',#8977);
#8977 = CARTESIAN_POINT('',(429.37514498,750.012552781,64.394942188));
#8978 = SURFACE_CURVE('',#8979,(#8983,#8990),.PCURVE_S1.);
#8979 = LINE('',#8980,#8981);
#8980 = CARTESIAN_POINT('',(429.37514498,750.012552781,121.936333299));
#8981 = VECTOR('',#8982,1.);
#8982 = DIRECTION('',(0.,0.,1.));
#8983 = PCURVE('',#5697,#8984);
#8984 = DEFINITIONAL_REPRESENTATION('',(#8985),#8989);
#8985 = LINE('',#8986,#8987);
#8986 = CARTESIAN_POINT('',(0.,1.000003635454E-09));
#8987 = VECTOR('',#8988,1.);
#8988 = DIRECTION('',(0.,1.));
#8989 = ( GEOMETRIC_REPRESENTATION_CONTEXT(2) 
PARAMETRIC_REPRESENTATION_CONTEXT() REPRESENTATION_CONTEXT('2D SPACE',''
  ) );
#8990 = PCURVE('',#8991,#8996);
#8991 = CYLINDRICAL_SURFACE('',#8992,8.778);
#8992 = AXIS2_PLACEMENT_3D('',#8993,#8994,#8995);
#8993 = CARTESIAN_POINT('',(425.769854892,758.016,121.936333298));
#8994 = DIRECTION('',(0.,0.,1.));
#8995 = DIRECTION('',(-0.410718852613,0.911762043577,0.));
#8996 = DEFINITIONAL_REPRESENTATION('',(#8997),#9001);
#8997 = LINE('',#8998,#8999);
#8998 = CARTESIAN_POINT('',(3.141592653543,1.000003635454E-09));
#8999 = VECTOR('',#9000,1.);
#9000 = DIRECTION('',(0.,1.));
#9001 = ( GEOMETRIC_REPRESENTATION_CONTEXT(2) 
PARAMETRIC_REPRESENTATION_CONTEXT() REPRESENTATION_CONTEXT('2D SPACE',''
  ) );
#9002 = ORIENTED_EDGE('',*,*,#9003,.F.);
#9003 = EDGE_CURVE('',#5682,#8974,#9004,.T.);
#9004 = SURFACE_CURVE('',#9005,(#9018,#9047),.PCURVE_S1.);
#9005 = B_SPLINE_CURVE_WITH_KNOTS('',5,(#9006,#9007,#9008,#9009,#9010,
    #9011,#9012,#9013,#9014,#9015,#9016,#9017),.UNSPECIFIED.,.F.,.F.,(6,
    3,3,6),(0.,2.0354868387,4.08872644216,5.30633522946),.UNSPECIFIED.);
#9006 = CARTESIAN_POINT('',(432.344188209,752.199521217,45.3184166339));
#9007 = CARTESIAN_POINT('',(432.159309936,751.990554343,45.3486079268));
#9008 = CARTESIAN_POINT('',(431.961735803,751.783967276,45.3747130039));
#9009 = CARTESIAN_POINT('',(431.766919512,751.596240709,45.3964497978));
#9010 = CARTESIAN_POINT('',(431.333622675,751.210994001,45.4377796513));
#9011 = CARTESIAN_POINT('',(430.869048913,750.862034365,45.4705559886));
#9012 = CARTESIAN_POINT('',(430.643169963,750.706489547,45.4845256583));
#9013 = CARTESIAN_POINT('',(430.253797493,750.460409557,45.5056383877));
#9014 = CARTESIAN_POINT('',(429.845612323,750.238697946,45.5236124808));
#9015 = CARTESIAN_POINT('',(429.690997547,750.159578599,45.5299127849));
#9016 = CARTESIAN_POINT('',(429.53406014,750.084138841,45.5358318319));
#9017 = CARTESIAN_POINT('',(429.37514498,750.012552781,45.5413779591));
#9018 = PCURVE('',#5697,#9019);
#9019 = DEFINITIONAL_REPRESENTATION('',(#9020),#9046);
#9020 = B_SPLINE_CURVE_WITH_KNOTS('',3,(#9021,#9022,#9023,#9024,#9025,
    #9026,#9027,#9028,#9029,#9030,#9031,#9032,#9033,#9034,#9035,#9036,
    #9037,#9038,#9039,#9040,#9041,#9042,#9043,#9044,#9045),
  .UNSPECIFIED.,.F.,.F.,(4,1,1,1,1,1,1,1,1,1,1,1,1,1,1,1,1,1,1,1,1,1,4),
  (0.,0.241197055885,0.482394111769,0.723591167654,0.964788223538,
    1.205985279423,1.447182335307,1.688379391192,1.929576447076,
    2.170773502961,2.411970558845,2.65316761473,2.894364670615,
    3.135561726499,3.376758782384,3.617955838268,3.859152894153,
    4.100349950037,4.341547005922,4.582744061806,4.823941117691,
    5.065138173575,5.30633522946),.UNSPECIFIED.);
#9021 = CARTESIAN_POINT('',(0.423242343623,-76.6179166641));
#9022 = CARTESIAN_POINT('',(0.416955905563,-76.61194935218));
#9023 = CARTESIAN_POINT('',(0.404347629365,-76.60041578333));
#9024 = CARTESIAN_POINT('',(0.38538907965,-76.58424543227));
#9025 = CARTESIAN_POINT('',(0.366479359213,-76.56914924986));
#9026 = CARTESIAN_POINT('',(0.347591283166,-76.55501075052));
#9027 = CARTESIAN_POINT('',(0.328660857865,-76.5417009702));
#9028 = CARTESIAN_POINT('',(0.309607897743,-76.52909249626));
#9029 = CARTESIAN_POINT('',(0.290374812589,-76.51708391712));
#9030 = CARTESIAN_POINT('',(0.270957604347,-76.50561673673));
#9031 = CARTESIAN_POINT('',(0.251448538005,-76.49471200965));
#9032 = CARTESIAN_POINT('',(0.232029542298,-76.48442080216));
#9033 = CARTESIAN_POINT('',(0.212776538956,-76.474725719));
#9034 = CARTESIAN_POINT('',(0.19367835075,-76.46558582774));
#9035 = CARTESIAN_POINT('',(0.174668032063,-76.45694066862));
#9036 = CARTESIAN_POINT('',(0.155651948344,-76.44872415686));
#9037 = CARTESIAN_POINT('',(0.136539624959,-76.44087582523));
#9038 = CARTESIAN_POINT('',(0.11727344896,-76.43335281273));
#9039 = CARTESIAN_POINT('',(9.785759611433E-02,-76.42614152892));
#9040 = CARTESIAN_POINT('',(7.838827924704E-02,-76.41926986122));
#9041 = CARTESIAN_POINT('',(5.886251534935E-02,-76.4127208422));
#9042 = CARTESIAN_POINT('',(3.928345038562E-02,-76.40648232913));
#9043 = CARTESIAN_POINT('',(1.965966738685E-02,-76.40054599865));
#9044 = CARTESIAN_POINT('',(6.555566368702E-03,-76.39678654043));
#9045 = CARTESIAN_POINT('',(0.,-76.3949553389));
#9046 = ( GEOMETRIC_REPRESENTATION_CONTEXT(2) 
PARAMETRIC_REPRESENTATION_CONTEXT() REPRESENTATION_CONTEXT('2D SPACE',''
  ) );
#9047 = PCURVE('',#7383,#9048);
#9048 = DEFINITIONAL_REPRESENTATION('',(#9049),#9075);
#9049 = B_SPLINE_CURVE_WITH_KNOTS('',3,(#9050,#9051,#9052,#9053,#9054,
    #9055,#9056,#9057,#9058,#9059,#9060,#9061,#9062,#9063,#9064,#9065,
    #9066,#9067,#9068,#9069,#9070,#9071,#9072,#9073,#9074),
  .UNSPECIFIED.,.F.,.F.,(4,1,1,1,1,1,1,1,1,1,1,1,1,1,1,1,1,1,1,1,1,1,4),
  (0.,0.241197055885,0.482394111769,0.723591167654,0.964788223538,
    1.205985279423,1.447182335307,1.688379391192,1.929576447076,
    2.170773502961,2.411970558845,2.65316761473,2.894364670615,
    3.135561726499,3.376758782384,3.617955838268,3.859152894153,
    4.100349950037,4.341547005922,4.582744061806,4.823941117691,
    5.065138173575,5.30633522946),.UNSPECIFIED.);
#9050 = CARTESIAN_POINT('',(6.49043530101,2.28343173177));
#9051 = CARTESIAN_POINT('',(6.431316449199,2.283423464865));
#9052 = CARTESIAN_POINT('',(6.314881278545,2.283441366666));
#9053 = CARTESIAN_POINT('',(6.145418079964,2.283527968253));
#9054 = CARTESIAN_POINT('',(5.981193329494,2.283647707988));
#9055 = CARTESIAN_POINT('',(5.821321655088,2.283714659904));
#9056 = CARTESIAN_POINT('',(5.66474813371,2.283687636361));
#9057 = CARTESIAN_POINT('',(5.510414287027,2.28358374044));
#9058 = CARTESIAN_POINT('',(5.357544567874,2.283468599897));
#9059 = CARTESIAN_POINT('',(5.205847550232,2.283426636029));
#9060 = CARTESIAN_POINT('',(5.055796977286,2.283427748436));
#9061 = CARTESIAN_POINT('',(4.908509132631,2.283475077019));
#9062 = CARTESIAN_POINT('',(4.764271184369,2.283581780506));
#9063 = CARTESIAN_POINT('',(4.622743477949,2.283671336994));
#9064 = CARTESIAN_POINT('',(4.483214704999,2.283688597863));
#9065 = CARTESIAN_POINT('',(4.344821906394,2.283622498455));
#9066 = CARTESIAN_POINT('',(4.206761977605,2.283514967342));
#9067 = CARTESIAN_POINT('',(4.068493529671,2.283435486886));
#9068 = CARTESIAN_POINT('',(3.929929110644,2.283431749844));
#9069 = CARTESIAN_POINT('',(3.791633026196,2.283432252088));
#9070 = CARTESIAN_POINT('',(3.653459300808,2.283431071941));
#9071 = CARTESIAN_POINT('',(3.515309076805,2.283430959225));
#9072 = CARTESIAN_POINT('',(3.377122328122,2.283431425369));
#9073 = CARTESIAN_POINT('',(3.284950507426,2.283431603652));
#9074 = CARTESIAN_POINT('',(3.238845806197,2.283431543838));
#9075 = ( GEOMETRIC_REPRESENTATION_CONTEXT(2) 
PARAMETRIC_REPRESENTATION_CONTEXT() REPRESENTATION_CONTEXT('2D SPACE',''
  ) );
#9076 = ORIENTED_EDGE('',*,*,#5681,.T.);
#9077 = ORIENTED_EDGE('',*,*,#9078,.F.);
#9078 = EDGE_CURVE('',#8976,#5594,#9079,.T.);
#9079 = SURFACE_CURVE('',#9080,(#9087,#9093),.PCURVE_S1.);
#9080 = B_SPLINE_CURVE_WITH_KNOTS('',5,(#9081,#9082,#9083,#9084,#9085,
    #9086),.UNSPECIFIED.,.F.,.F.,(6,6),(3.8047025965,7.60941109242),
  .PIECEWISE_BEZIER_KNOTS.);
#9081 = CARTESIAN_POINT('',(429.375117044,750.012614797,64.3949417865));
#9082 = CARTESIAN_POINT('',(430.052595948,750.317796354,64.3949416921));
#9083 = CARTESIAN_POINT('',(430.697791816,750.694643752,64.394941592));
#9084 = CARTESIAN_POINT('',(431.300592455,751.138601786,64.3949414876));
#9085 = CARTESIAN_POINT('',(431.851832599,751.643013135,64.3949413805));
#9086 = CARTESIAN_POINT('',(432.344188209,752.199521217,64.3949412722));
#9087 = PCURVE('',#5697,#9088);
#9088 = DEFINITIONAL_REPRESENTATION('',(#9089),#9092);
#9089 = B_SPLINE_CURVE_WITH_KNOTS('',1,(#9090,#9091),.UNSPECIFIED.,.F.,
  .F.,(2,2),(3.8047025965,7.60941109242),.PIECEWISE_BEZIER_KNOTS.);
#9090 = CARTESIAN_POINT('',(0.,-57.5413915115));
#9091 = CARTESIAN_POINT('',(0.423242343623,-57.5413920258));
#9092 = ( GEOMETRIC_REPRESENTATION_CONTEXT(2) 
PARAMETRIC_REPRESENTATION_CONTEXT() REPRESENTATION_CONTEXT('2D SPACE',''
  ) );
#9093 = PCURVE('',#5615,#9094);
#9094 = DEFINITIONAL_REPRESENTATION('',(#9095),#9099);
#9095 = LINE('',#9096,#9097);
#9096 = CARTESIAN_POINT('',(51.393571180069,-6.715517031353E-12));
#9097 = VECTOR('',#9098,1.);
#9098 = DIRECTION('',(4.168338751616E-12,1.));
#9099 = ( GEOMETRIC_REPRESENTATION_CONTEXT(2) 
PARAMETRIC_REPRESENTATION_CONTEXT() REPRESENTATION_CONTEXT('2D SPACE',''
  ) );
#9100 = ADVANCED_FACE('',(#9101),#5615,.T.);
#9101 = FACE_BOUND('',#9102,.T.);
#9102 = EDGE_LOOP('',(#9103,#9104,#9105,#9106,#9154,#9177,#9178));
#9103 = ORIENTED_EDGE('',*,*,#6333,.T.);
#9104 = ORIENTED_EDGE('',*,*,#6361,.T.);
#9105 = ORIENTED_EDGE('',*,*,#8249,.T.);
#9106 = ORIENTED_EDGE('',*,*,#9107,.T.);
#9107 = EDGE_CURVE('',#8151,#9108,#9110,.T.);
#9108 = VERTEX_POINT('',#9109);
#9109 = CARTESIAN_POINT('',(425.769860255,749.238004053,64.3949421883));
#9110 = SURFACE_CURVE('',#9111,(#9118,#9125),.PCURVE_S1.);
#9111 = B_SPLINE_CURVE_WITH_KNOTS('',5,(#9112,#9113,#9114,#9115,#9116,
    #9117),.UNSPECIFIED.,.F.,.F.,(6,6),(49.0960348211,51.3935711801),
  .PIECEWISE_BEZIER_KNOTS.);
#9112 = CARTESIAN_POINT('',(425.641404341,749.140905557,66.2474690171));
#9113 = CARTESIAN_POINT('',(425.692563226,749.179576035,65.8795660362));
#9114 = CARTESIAN_POINT('',(425.731155064,749.208747211,65.5097177371));
#9115 = CARTESIAN_POINT('',(425.756960302,749.228253123,65.1385603694));
#9116 = CARTESIAN_POINT('',(425.769860685,749.238004384,64.7667584446));
#9117 = CARTESIAN_POINT('',(425.769860255,749.238004053,64.3949421883));
#9118 = PCURVE('',#5615,#9119);
#9119 = DEFINITIONAL_REPRESENTATION('',(#9120),#9124);
#9120 = LINE('',#9121,#9122);
#9121 = CARTESIAN_POINT('',(-1.257660642295E-12,1.68752740267E-09));
#9122 = VECTOR('',#9123,1.);
#9123 = DIRECTION('',(1.,-3.28343770727E-11));
#9124 = ( GEOMETRIC_REPRESENTATION_CONTEXT(2) 
PARAMETRIC_REPRESENTATION_CONTEXT() REPRESENTATION_CONTEXT('2D SPACE',''
  ) );
#9125 = PCURVE('',#8168,#9126);
#9126 = DEFINITIONAL_REPRESENTATION('',(#9127),#9153);
#9127 = B_SPLINE_CURVE_WITH_KNOTS('',3,(#9128,#9129,#9130,#9131,#9132,
    #9133,#9134,#9135,#9136,#9137,#9138,#9139,#9140,#9141,#9142,#9143,
    #9144,#9145,#9146,#9147,#9148,#9149,#9150,#9151,#9152),
  .UNSPECIFIED.,.F.,.F.,(4,1,1,1,1,1,1,1,1,1,1,1,1,1,1,1,1,1,1,1,1,1,4),
  (49.096034821285,49.20046829214,49.304901762996,49.409335233851,
    49.513768704706,49.618202175561,49.722635646417,49.827069117272,
    49.931502588127,50.035936058982,50.140369529837,50.244803000693,
    50.349236471548,50.453669942403,50.558103413258,50.662536884113,
    50.766970354969,50.871403825824,50.975837296679,51.080270767534,
    51.18470423839,51.289137709245,51.3935711801),.UNSPECIFIED.);
#9128 = CARTESIAN_POINT('',(-4.064024401451E-06,-8.45126126402));
#9129 = CARTESIAN_POINT('',(1.57730297279E-03,-8.455136941499));
#9130 = CARTESIAN_POINT('',(4.7407689025E-03,-8.462715180042));
#9131 = CARTESIAN_POINT('',(9.488063242979E-03,-8.473562035085));
#9132 = CARTESIAN_POINT('',(1.423735273712E-02,-8.483887213128));
#9133 = CARTESIAN_POINT('',(1.89885368553E-02,-8.493689612394));
#9134 = CARTESIAN_POINT('',(2.37415149899E-02,-8.502968179215));
#9135 = CARTESIAN_POINT('',(2.849618648993E-02,-8.511721915179));
#9136 = CARTESIAN_POINT('',(3.325245072858E-02,-8.51994987583));
#9137 = CARTESIAN_POINT('',(3.801020716152E-02,-8.527651171638));
#9138 = CARTESIAN_POINT('',(4.276935538723E-02,-8.53482496836));
#9139 = CARTESIAN_POINT('',(4.75297952061E-02,-8.541470487563));
#9140 = CARTESIAN_POINT('',(5.229142667944E-02,-8.547587007103));
#9141 = CARTESIAN_POINT('',(5.705415018779E-02,-8.553173861618));
#9142 = CARTESIAN_POINT('',(6.181786648871E-02,-8.558230443014));
#9143 = CARTESIAN_POINT('',(6.65824767741E-02,-8.562756200956));
#9144 = CARTESIAN_POINT('',(7.134788272675E-02,-8.566750643355));
#9145 = CARTESIAN_POINT('',(7.61139865765E-02,-8.570213336867));
#9146 = CARTESIAN_POINT('',(8.088069115501E-02,-8.573143907338));
#9147 = CARTESIAN_POINT('',(8.564789995254E-02,-8.575542040452));
#9148 = CARTESIAN_POINT('',(9.041551716363E-02,-8.577407481649));
#9149 = CARTESIAN_POINT('',(9.518344777096E-02,-8.578740038721));
#9150 = CARTESIAN_POINT('',(9.995159748271E-02,-8.579539574441));
#9151 = CARTESIAN_POINT('',(0.10313044797,-8.579717215747));
#9152 = CARTESIAN_POINT('',(0.104719878644,-8.579717178));
#9153 = ( GEOMETRIC_REPRESENTATION_CONTEXT(2) 
PARAMETRIC_REPRESENTATION_CONTEXT() REPRESENTATION_CONTEXT('2D SPACE',''
  ) );
#9154 = ORIENTED_EDGE('',*,*,#9155,.T.);
#9155 = EDGE_CURVE('',#9108,#8976,#9156,.T.);
#9156 = SURFACE_CURVE('',#9157,(#9164,#9171),.PCURVE_S1.);
#9157 = B_SPLINE_CURVE_WITH_KNOTS('',5,(#9158,#9159,#9160,#9161,#9162,
    #9163),.UNSPECIFIED.,.F.,.F.,(6,6),(0.,3.80470259649),
  .PIECEWISE_BEZIER_KNOTS.);
#9158 = CARTESIAN_POINT('',(425.769860255,749.238004053,64.3949421883));
#9159 = CARTESIAN_POINT('',(426.512903542,749.238002808,64.3949421244));
#9160 = CARTESIAN_POINT('',(427.255946829,749.316623584,64.3949420512));
#9161 = CARTESIAN_POINT('',(427.987878403,749.473918247,64.3949419696));
#9162 = CARTESIAN_POINT('',(428.697639191,749.707433713,64.3949418809));
#9163 = CARTESIAN_POINT('',(429.375117044,750.012614797,64.3949417865));
#9164 = PCURVE('',#5615,#9165);
#9165 = DEFINITIONAL_REPRESENTATION('',(#9166),#9170);
#9166 = LINE('',#9167,#9168);
#9167 = CARTESIAN_POINT('',(51.3935711801,5.150723521307E-14));
#9168 = VECTOR('',#9169,1.);
#9169 = DIRECTION('',(-3.906889869994E-12,1.));
#9170 = ( GEOMETRIC_REPRESENTATION_CONTEXT(2) 
PARAMETRIC_REPRESENTATION_CONTEXT() REPRESENTATION_CONTEXT('2D SPACE',''
  ) );
#9171 = PCURVE('',#8991,#9172);
#9172 = DEFINITIONAL_REPRESENTATION('',(#9173),#9176);
#9173 = B_SPLINE_CURVE_WITH_KNOTS('',1,(#9174,#9175),.UNSPECIFIED.,.F.,
  .F.,(2,2),(0.,3.804702596368),.PIECEWISE_BEZIER_KNOTS.);
#9174 = CARTESIAN_POINT('',(2.718350920941,-57.5413911097));
#9175 = CARTESIAN_POINT('',(3.141592653547,-57.5413915115));
#9176 = ( GEOMETRIC_REPRESENTATION_CONTEXT(2) 
PARAMETRIC_REPRESENTATION_CONTEXT() REPRESENTATION_CONTEXT('2D SPACE',''
  ) );
#9177 = ORIENTED_EDGE('',*,*,#9078,.T.);
#9178 = ORIENTED_EDGE('',*,*,#5593,.F.);
#9179 = ADVANCED_FACE('',(#9180),#6494,.F.);
#9180 = FACE_BOUND('',#9181,.F.);
#9181 = EDGE_LOOP('',(#9182,#9183,#9184,#9185,#9186));
#9182 = ORIENTED_EDGE('',*,*,#6449,.F.);
#9183 = ORIENTED_EDGE('',*,*,#6552,.T.);
#9184 = ORIENTED_EDGE('',*,*,#7896,.T.);
#9185 = ORIENTED_EDGE('',*,*,#7968,.T.);
#9186 = ORIENTED_EDGE('',*,*,#8119,.F.);
#9187 = ADVANCED_FACE('',(#9188),#6672,.T.);
#9188 = FACE_BOUND('',#9189,.T.);
#9189 = EDGE_LOOP('',(#9190,#9191,#9192,#9193,#9247));
#9190 = ORIENTED_EDGE('',*,*,#6768,.F.);
#9191 = ORIENTED_EDGE('',*,*,#6656,.T.);
#9192 = ORIENTED_EDGE('',*,*,#8372,.T.);
#9193 = ORIENTED_EDGE('',*,*,#9194,.T.);
#9194 = EDGE_CURVE('',#8321,#9195,#9197,.T.);
#9195 = VERTEX_POINT('',#9196);
#9196 = CARTESIAN_POINT('',(452.375046482,769.005117913,201.113426197));
#9197 = SURFACE_CURVE('',#9198,(#9211,#9218),.PCURVE_S1.);
#9198 = B_SPLINE_CURVE_WITH_KNOTS('',5,(#9199,#9200,#9201,#9202,#9203,
    #9204,#9205,#9206,#9207,#9208,#9209,#9210),.UNSPECIFIED.,.F.,.F.,(6,
    3,3,6),(6.07696143466,6.4101827218,11.5383288993,12.8203654436),
  .UNSPECIFIED.);
#9199 = CARTESIAN_POINT('',(446.448832237,766.533334207,201.278230648));
#9200 = CARTESIAN_POINT('',(446.505545489,766.5670043,201.282459589));
#9201 = CARTESIAN_POINT('',(446.562436685,766.600602216,201.286446091));
#9202 = CARTESIAN_POINT('',(446.619498593,766.634121352,201.290195854));
#9203 = CARTESIAN_POINT('',(447.557402191,767.182085479,201.347865497));
#9204 = CARTESIAN_POINT('',(448.537360196,767.705238051,201.3449563));
#9205 = CARTESIAN_POINT('',(449.468955082,768.149701853,201.309247974));
#9206 = CARTESIAN_POINT('',(450.622874015,768.606866666,201.244544209));
#9207 = CARTESIAN_POINT('',(451.727656167,768.885949151,201.164433128));
#9208 = CARTESIAN_POINT('',(451.946286732,768.934092974,201.147891733));
#9209 = CARTESIAN_POINT('',(452.162217225,768.974003643,201.130886711));
#9210 = CARTESIAN_POINT('',(452.375046482,769.005117913,201.113426197));
#9211 = PCURVE('',#6672,#9212);
#9212 = DEFINITIONAL_REPRESENTATION('',(#9213),#9217);
#9213 = LINE('',#9214,#9215);
#9214 = CARTESIAN_POINT('',(-2.720490499541E-12,-2.278000000281));
#9215 = VECTOR('',#9216,1.);
#9216 = DIRECTION('',(1.,2.18862342588E-11));
#9217 = ( GEOMETRIC_REPRESENTATION_CONTEXT(2) 
PARAMETRIC_REPRESENTATION_CONTEXT() REPRESENTATION_CONTEXT('2D SPACE',''
  ) );
#9218 = PCURVE('',#8336,#9219);
#9219 = DEFINITIONAL_REPRESENTATION('',(#9220),#9246);
#9220 = B_SPLINE_CURVE_WITH_KNOTS('',3,(#9221,#9222,#9223,#9224,#9225,
    #9226,#9227,#9228,#9229,#9230,#9231,#9232,#9233,#9234,#9235,#9236,
    #9237,#9238,#9239,#9240,#9241,#9242,#9243,#9244,#9245),
  .UNSPECIFIED.,.F.,.F.,(4,1,1,1,1,1,1,1,1,1,1,1,1,1,1,1,1,1,1,1,1,1,4),
  (6.076961435496,6.383479799501,6.689998163506,6.99651652751,
    7.303034891515,7.60955325552,7.916071619525,8.222589983529,
    8.529108347534,8.835626711539,9.142145075543,9.448663439548,
    9.755181803553,10.061700167558,10.368218531562,10.674736895567,
    10.981255259572,11.287773623576,11.594291987581,11.900810351586,
    12.207328715591,12.513847079595,12.8203654436),.UNSPECIFIED.);
#9221 = CARTESIAN_POINT('',(3.141599372333,37.515892035593));
#9222 = CARTESIAN_POINT('',(3.132304131575,37.429650415265));
#9223 = CARTESIAN_POINT('',(3.113769328861,37.256305227476));
#9224 = CARTESIAN_POINT('',(3.086107596911,36.994224031005));
#9225 = CARTESIAN_POINT('',(3.058559783412,36.730601845986));
#9226 = CARTESIAN_POINT('',(3.031099297531,36.465961099982));
#9227 = CARTESIAN_POINT('',(3.003699535596,36.200824220211));
#9228 = CARTESIAN_POINT('',(2.976333868328,35.935713633984));
#9229 = CARTESIAN_POINT('',(2.948975646015,35.671151768589));
#9230 = CARTESIAN_POINT('',(2.921598204797,35.40766105132));
#9231 = CARTESIAN_POINT('',(2.894174876518,35.145763909469));
#9232 = CARTESIAN_POINT('',(2.866678999418,34.885982770326));
#9233 = CARTESIAN_POINT('',(2.839083928341,34.62884006118));
#9234 = CARTESIAN_POINT('',(2.811363042757,34.374858209318));
#9235 = CARTESIAN_POINT('',(2.783489750987,34.124559642024));
#9236 = CARTESIAN_POINT('',(2.755437488902,33.878466786578));
#9237 = CARTESIAN_POINT('',(2.727179711695,33.637102070257));
#9238 = CARTESIAN_POINT('',(2.698689876008,33.40098792033));
#9239 = CARTESIAN_POINT('',(2.669941414437,33.170646764074));
#9240 = CARTESIAN_POINT('',(2.640907686724,32.946601028716));
#9241 = CARTESIAN_POINT('',(2.61156195921,32.729373141643));
#9242 = CARTESIAN_POINT('',(2.58187762237,32.519485530304));
#9243 = CARTESIAN_POINT('',(2.551828053895,32.317460621565));
#9244 = CARTESIAN_POINT('',(2.531533778578,32.188367435789));
#9245 = CARTESIAN_POINT('',(2.521316897575,32.125305435797));
#9246 = ( GEOMETRIC_REPRESENTATION_CONTEXT(2) 
PARAMETRIC_REPRESENTATION_CONTEXT() REPRESENTATION_CONTEXT('2D SPACE',''
  ) );
#9247 = ORIENTED_EDGE('',*,*,#9248,.T.);
#9248 = EDGE_CURVE('',#9195,#6718,#9249,.T.);
#9249 = SURFACE_CURVE('',#9250,(#9253,#9260),.PCURVE_S1.);
#9250 = B_SPLINE_CURVE_WITH_KNOTS('',1,(#9251,#9252),.UNSPECIFIED.,.F.,
  .F.,(2,2),(-2.278,7.29230190365E-03),.PIECEWISE_BEZIER_KNOTS.);
#9251 = CARTESIAN_POINT('',(452.375046482,769.005117913,201.113426197));
#9252 = CARTESIAN_POINT('',(452.375046482,770.119931138,203.1));
#9253 = PCURVE('',#6672,#9254);
#9254 = DEFINITIONAL_REPRESENTATION('',(#9255),#9259);
#9255 = LINE('',#9256,#9257);
#9256 = CARTESIAN_POINT('',(12.8203654436,-2.22044604925E-15));
#9257 = VECTOR('',#9258,1.);
#9258 = DIRECTION('',(2.331898862024E-15,1.));
#9259 = ( GEOMETRIC_REPRESENTATION_CONTEXT(2) 
PARAMETRIC_REPRESENTATION_CONTEXT() REPRESENTATION_CONTEXT('2D SPACE',''
  ) );
#9260 = PCURVE('',#9261,#9266);
#9261 = PLANE('',#9262);
#9262 = AXIS2_PLACEMENT_3D('',#9263,#9264,#9265);
#9263 = CARTESIAN_POINT('',(459.447692232,770.119931138,203.1));
#9264 = DIRECTION('',(-1.14810330051E-17,0.872069272432,-0.489382451749)
  );
#9265 = DIRECTION('',(1.,1.001225609952E-17,-5.61861608066E-18));
#9266 = DEFINITIONAL_REPRESENTATION('',(#9267),#9270);
#9267 = B_SPLINE_CURVE_WITH_KNOTS('',1,(#9268,#9269),.UNSPECIFIED.,.F.,
  .F.,(2,2),(-2.278,7.29230190365E-03),.PIECEWISE_BEZIER_KNOTS.);
#9268 = CARTESIAN_POINT('',(-7.07264575,2.278000000307));
#9269 = CARTESIAN_POINT('',(-7.07264575,0.));
#9270 = ( GEOMETRIC_REPRESENTATION_CONTEXT(2) 
PARAMETRIC_REPRESENTATION_CONTEXT() REPRESENTATION_CONTEXT('2D SPACE',''
  ) );
#9271 = ADVANCED_FACE('',(#9272),#6733,.T.);
#9272 = FACE_BOUND('',#9273,.T.);
#9273 = EDGE_LOOP('',(#9274,#9297,#9413,#9441,#9548,#9576,#9641,#9662));
#9274 = ORIENTED_EDGE('',*,*,#9275,.F.);
#9275 = EDGE_CURVE('',#9276,#6718,#9278,.T.);
#9276 = VERTEX_POINT('',#9277);
#9277 = CARTESIAN_POINT('',(466.520337981,770.119931138,203.1));
#9278 = SURFACE_CURVE('',#9279,(#9283,#9290),.PCURVE_S1.);
#9279 = LINE('',#9280,#9281);
#9280 = CARTESIAN_POINT('',(459.447692232,770.119931138,203.1));
#9281 = VECTOR('',#9282,1.);
#9282 = DIRECTION('',(-1.,0.,0.));
#9283 = PCURVE('',#6733,#9284);
#9284 = DEFINITIONAL_REPRESENTATION('',(#9285),#9289);
#9285 = LINE('',#9286,#9287);
#9286 = CARTESIAN_POINT('',(2.396078784148E+03,23.730777750171));
#9287 = VECTOR('',#9288,1.);
#9288 = DIRECTION('',(1.,5.995661546203E-17));
#9289 = ( GEOMETRIC_REPRESENTATION_CONTEXT(2) 
PARAMETRIC_REPRESENTATION_CONTEXT() REPRESENTATION_CONTEXT('2D SPACE',''
  ) );
#9290 = PCURVE('',#9261,#9291);
#9291 = DEFINITIONAL_REPRESENTATION('',(#9292),#9296);
#9292 = LINE('',#9293,#9294);
#9293 = CARTESIAN_POINT('',(0.,-0.));
#9294 = VECTOR('',#9295,1.);
#9295 = DIRECTION('',(-1.,1.392601424188E-29));
#9296 = ( GEOMETRIC_REPRESENTATION_CONTEXT(2) 
PARAMETRIC_REPRESENTATION_CONTEXT() REPRESENTATION_CONTEXT('2D SPACE',''
  ) );
#9297 = ORIENTED_EDGE('',*,*,#9298,.F.);
#9298 = EDGE_CURVE('',#9299,#9276,#9301,.T.);
#9299 = VERTEX_POINT('',#9300);
#9300 = CARTESIAN_POINT('',(481.079109468,779.029826347,198.1));
#9301 = SURFACE_CURVE('',#9302,(#9321,#9343),.PCURVE_S1.);
#9302 = B_SPLINE_CURVE_WITH_KNOTS('',5,(#9303,#9304,#9305,#9306,#9307,
    #9308,#9309,#9310,#9311,#9312,#9313,#9314,#9315,#9316,#9317,#9318,
    #9319,#9320),.UNSPECIFIED.,.F.,.F.,(6,3,3,3,3,6),(0.,10.2374222535,
    17.5925451528,20.4909442783,24.66460669,25.7735204976),
  .UNSPECIFIED.);
#9303 = CARTESIAN_POINT('',(481.079109468,779.029826347,198.1));
#9304 = CARTESIAN_POINT('',(480.194908851,778.030419354,198.660841048));
#9305 = CARTESIAN_POINT('',(479.244893432,777.075295284,199.196831678));
#9306 = CARTESIAN_POINT('',(478.247394407,776.164206739,199.708110725));
#9307 = CARTESIAN_POINT('',(476.445090809,774.665156234,200.549338635));
#9308 = CARTESIAN_POINT('',(474.501313098,773.309480988,201.310108102));
#9309 = CARTESIAN_POINT('',(473.663350679,772.77045613,201.612594745));
#9310 = CARTESIAN_POINT('',(472.459443275,772.06292523,202.009642568));
#9311 = CARTESIAN_POINT('',(471.197569683,771.439970931,202.359228217));
#9312 = CARTESIAN_POINT('',(470.835392203,771.271106648,202.453990433));
#9313 = CARTESIAN_POINT('',(469.940628654,770.880592457,202.673136776));
#9314 = CARTESIAN_POINT('',(469.013723417,770.551169178,202.858000499));
#9315 = CARTESIAN_POINT('',(468.458591119,770.384840686,202.951339695));
#9316 = CARTESIAN_POINT('',(467.732738464,770.2142002,203.04709867));
#9317 = CARTESIAN_POINT('',(466.990653988,770.137539937,203.090118403));
#9318 = CARTESIAN_POINT('',(466.833916594,770.126073938,203.096552822));
#9319 = CARTESIAN_POINT('',(466.677127336,770.119931138,203.1));
#9320 = CARTESIAN_POINT('',(466.520337981,770.119931138,203.1));
#9321 = PCURVE('',#6733,#9322);
#9322 = DEFINITIONAL_REPRESENTATION('',(#9323),#9342);
#9323 = B_SPLINE_CURVE_WITH_KNOTS('',5,(#9324,#9325,#9326,#9327,#9328,
    #9329,#9330,#9331,#9332,#9333,#9334,#9335,#9336,#9337,#9338,#9339,
    #9340,#9341),.UNSPECIFIED.,.F.,.F.,(6,3,3,3,3,6),(0.,10.2374222535,
    17.5925451528,20.4909442783,24.66460669,25.7735204976),
  .UNSPECIFIED.);
#9324 = CARTESIAN_POINT('',(2.374447366912E+03,13.513819659068));
#9325 = CARTESIAN_POINT('',(2.375331567529E+03,14.659837555428));
#9326 = CARTESIAN_POINT('',(2.376281582948E+03,15.755076316859));
#9327 = CARTESIAN_POINT('',(2.377279081973E+03,16.799819634968));
#9328 = CARTESIAN_POINT('',(2.379081385571E+03,18.518777695277));
#9329 = CARTESIAN_POINT('',(2.381025163282E+03,20.073327647687));
#9330 = CARTESIAN_POINT('',(2.381863125701E+03,20.691426318398));
#9331 = CARTESIAN_POINT('',(2.383067033105E+03,21.502750512666));
#9332 = CARTESIAN_POINT('',(2.384328906697E+03,22.217090896957));
#9333 = CARTESIAN_POINT('',(2.384691084177E+03,22.410727214972));
#9334 = CARTESIAN_POINT('',(2.385585847726E+03,22.858529016021));
#9335 = CARTESIAN_POINT('',(2.386512752963E+03,23.236277997262));
#9336 = CARTESIAN_POINT('',(2.387067885261E+03,23.427006528848));
#9337 = CARTESIAN_POINT('',(2.387793737916E+03,23.622679615284));
#9338 = CARTESIAN_POINT('',(2.388535822392E+03,23.710585777472));
#9339 = CARTESIAN_POINT('',(2.388692559786E+03,23.723733814623));
#9340 = CARTESIAN_POINT('',(2.388849349044E+03,23.730777750171));
#9341 = CARTESIAN_POINT('',(2.389006138399E+03,23.730777750171));
#9342 = ( GEOMETRIC_REPRESENTATION_CONTEXT(2) 
PARAMETRIC_REPRESENTATION_CONTEXT() REPRESENTATION_CONTEXT('2D SPACE',''
  ) );
#9343 = PCURVE('',#9344,#9363);
#9344 = SURFACE_OF_LINEAR_EXTRUSION('',#9345,#9361);
#9345 = B_SPLINE_CURVE_WITH_KNOTS('',5,(#9346,#9347,#9348,#9349,#9350,
    #9351,#9352,#9353,#9354,#9355,#9356,#9357,#9358,#9359,#9360),
  .UNSPECIFIED.,.F.,.F.,(6,3,3,3,6),(0.,1.90103611897,4.66846754815,
    8.29036447721,18.2363082961),.UNSPECIFIED.);
#9346 = CARTESIAN_POINT('',(466.520337981,770.119931138,203.1));
#9347 = CARTESIAN_POINT('',(466.900098827,770.119931138,203.1));
#9348 = CARTESIAN_POINT('',(467.279859339,770.155969897,203.079775992));
#9349 = CARTESIAN_POINT('',(467.653856734,770.215961251,203.046110414));
#9350 = CARTESIAN_POINT('',(468.560685163,770.409825139,202.937319074));
#9351 = CARTESIAN_POINT('',(469.436118059,770.695927918,202.776765682));
#9352 = CARTESIAN_POINT('',(469.944419749,770.887404566,202.669313999));
#9353 = CARTESIAN_POINT('',(471.094807933,771.371197284,202.397822187));
#9354 = CARTESIAN_POINT('',(472.196514441,771.935593804,202.081097632));
#9355 = CARTESIAN_POINT('',(472.805956566,772.274586062,201.890864049));
#9356 = CARTESIAN_POINT('',(475.043356952,773.610489341,201.141190092));
#9357 = CARTESIAN_POINT('',(477.103711028,775.158172027,200.272671075));
#9358 = CARTESIAN_POINT('',(478.5277275,776.369611216,199.592843108));
#9359 = CARTESIAN_POINT('',(479.865420979,777.658001061,198.869832447));
#9360 = CARTESIAN_POINT('',(481.079109468,779.029826347,198.1));
#9361 = VECTOR('',#9362,1.);
#9362 = DIRECTION('',(-1.06841432169E-16,0.489382451749,0.872069272432)
  );
#9363 = DEFINITIONAL_REPRESENTATION('',(#9364),#9412);
#9364 = B_SPLINE_CURVE_WITH_KNOTS('',3,(#9365,#9366,#9367,#9368,#9369,
    #9370,#9371,#9372,#9373,#9374,#9375,#9376,#9377,#9378,#9379,#9380,
    #9381,#9382,#9383,#9384,#9385,#9386,#9387,#9388,#9389,#9390,#9391,
    #9392,#9393,#9394,#9395,#9396,#9397,#9398,#9399,#9400,#9401,#9402,
    #9403,#9404,#9405,#9406,#9407,#9408,#9409,#9410,#9411),
  .UNSPECIFIED.,.F.,.F.,(4,1,1,1,1,1,1,1,1,1,1,1,1,1,1,1,1,1,1,1,1,1,1,1
    ,1,1,1,1,1,1,1,1,1,1,1,1,1,1,1,1,1,1,1,1,4),(0.,0.585761829491,
    1.171523658982,1.757285488473,2.343047317964,2.928809147455,
    3.514570976945,4.100332806436,4.686094635927,5.271856465418,
    5.857618294909,6.4433801244,7.029141953891,7.614903783382,
    8.200665612873,8.786427442364,9.372189271855,9.957951101345,
    10.543712930836,11.129474760327,11.715236589818,12.300998419309,
    12.8867602488,13.472522078291,14.058283907782,14.644045737273,
    15.229807566764,15.815569396255,16.401331225745,16.987093055236,
    17.572854884727,18.158616714218,18.744378543709,19.3301403732,
    19.915902202691,20.501664032182,21.087425861673,21.673187691164,
    22.258949520655,22.844711350145,23.430473179636,24.016235009127,
    24.601996838618,25.187758668109,25.7735204976),.UNSPECIFIED.);
#9365 = CARTESIAN_POINT('',(18.2363082961,0.));
#9366 = CARTESIAN_POINT('',(18.098110047771,5.955385452366E-12));
#9367 = CARTESIAN_POINT('',(17.821718139626,9.684313103719E-12));
#9368 = CARTESIAN_POINT('',(17.407169262253,6.047390086783E-13));
#9369 = CARTESIAN_POINT('',(16.992689838724,-1.239827718245E-11));
#9370 = CARTESIAN_POINT('',(16.578291964124,-2.164456950137E-11));
#9371 = CARTESIAN_POINT('',(16.163977895414,-2.29725455984E-11));
#9372 = CARTESIAN_POINT('',(15.74974007662,-1.417130739216E-11));
#9373 = CARTESIAN_POINT('',(15.335563531479,5.469409200144E-12));
#9374 = CARTESIAN_POINT('',(14.921427692978,3.480090133257E-11));
#9375 = CARTESIAN_POINT('',(14.507308441925,7.099835295574E-11));
#9376 = CARTESIAN_POINT('',(14.093180137476,1.120980277589E-10));
#9377 = CARTESIAN_POINT('',(13.67901768736,1.533220592499E-10));
#9378 = CARTESIAN_POINT('',(13.264798643722,1.925389578379E-10));
#9379 = CARTESIAN_POINT('',(12.850505299754,2.24215510446E-10));
#9380 = CARTESIAN_POINT('',(12.436126872008,2.483979057286E-10));
#9381 = CARTESIAN_POINT('',(12.021661428974,2.618792455443E-10));
#9382 = CARTESIAN_POINT('',(11.607118816081,2.649032991081E-10));
#9383 = CARTESIAN_POINT('',(11.192519894178,2.585799368169E-10));
#9384 = CARTESIAN_POINT('',(10.777909550117,2.478779034855E-10));
#9385 = CARTESIAN_POINT('',(10.363308925816,2.370486608595E-10));
#9386 = CARTESIAN_POINT('',(9.948705710126,2.273464712458E-10));
#9387 = CARTESIAN_POINT('',(9.534097285648,2.174007439821E-10));
#9388 = CARTESIAN_POINT('',(9.119481519907,2.049322963178E-10));
#9389 = CARTESIAN_POINT('',(8.704858969452,1.856621704699E-10));
#9390 = CARTESIAN_POINT('',(8.290233691642,1.55167996178E-10));
#9391 = CARTESIAN_POINT('',(7.875606633988,1.114526755112E-10));
#9392 = CARTESIAN_POINT('',(7.460908063407,6.481565525994E-11));
#9393 = CARTESIAN_POINT('',(7.04613231922,2.988019550025E-11));
#9394 = CARTESIAN_POINT('',(6.631310428449,1.905025209243E-11));
#9395 = CARTESIAN_POINT('',(6.216489578216,4.613220010477E-11));
#9396 = CARTESIAN_POINT('',(5.801718520849,1.227177790799E-10));
#9397 = CARTESIAN_POINT('',(5.387003419905,2.580698968309E-10));
#9398 = CARTESIAN_POINT('',(4.972169168803,3.431664960431E-10));
#9399 = CARTESIAN_POINT('',(4.557273116294,3.053671293421E-10));
#9400 = CARTESIAN_POINT('',(4.142447143277,1.708221003313E-10));
#9401 = CARTESIAN_POINT('',(3.727835588815,1.106654757938E-10));
#9402 = CARTESIAN_POINT('',(3.313334661321,2.030504221536E-10));
#9403 = CARTESIAN_POINT('',(2.899349483476,2.839563672873E-10));
#9404 = CARTESIAN_POINT('',(2.485765579182,2.781730179317E-10));
#9405 = CARTESIAN_POINT('',(2.072237439534,1.809664954978E-10));
#9406 = CARTESIAN_POINT('',(1.658480067771,1.107853573215E-10));
#9407 = CARTESIAN_POINT('',(1.244206390481,8.869638085835E-11));
#9408 = CARTESIAN_POINT('',(0.829606022491,6.284443622294E-12));
#9409 = CARTESIAN_POINT('',(0.414791471482,2.037561479403E-10));
#9410 = CARTESIAN_POINT('',(0.138244405497,1.362364842544E-10));
#9411 = CARTESIAN_POINT('',(0.,0.));
#9412 = ( GEOMETRIC_REPRESENTATION_CONTEXT(2) 
PARAMETRIC_REPRESENTATION_CONTEXT() REPRESENTATION_CONTEXT('2D SPACE',''
  ) );
#9413 = ORIENTED_EDGE('',*,*,#9414,.F.);
#9414 = EDGE_CURVE('',#9415,#9299,#9417,.T.);
#9415 = VERTEX_POINT('',#9416);
#9416 = CARTESIAN_POINT('',(513.857901047,816.07951046,177.308686947));
#9417 = SURFACE_CURVE('',#9418,(#9422,#9429),.PCURVE_S1.);
#9418 = LINE('',#9419,#9420);
#9419 = CARTESIAN_POINT('',(497.468505257,797.554668403,187.704343474));
#9420 = VECTOR('',#9421,1.);
#9421 = DIRECTION('',(-0.610859613635,-0.690451192174,0.387463138447));
#9422 = PCURVE('',#6733,#9423);
#9423 = DEFINITIONAL_REPRESENTATION('',(#9424),#9428);
#9424 = LINE('',#9425,#9426);
#9425 = CARTESIAN_POINT('',(2.358057971123E+03,-7.728577752861));
#9426 = VECTOR('',#9427,1.);
#9427 = DIRECTION('',(0.610859613635,0.791738929465));
#9428 = ( GEOMETRIC_REPRESENTATION_CONTEXT(2) 
PARAMETRIC_REPRESENTATION_CONTEXT() REPRESENTATION_CONTEXT('2D SPACE',''
  ) );
#9429 = PCURVE('',#9430,#9435);
#9430 = PLANE('',#9431);
#9431 = AXIS2_PLACEMENT_3D('',#9432,#9433,#9434);
#9432 = CARTESIAN_POINT('',(497.468505258,797.554668404,187.704343473));
#9433 = DIRECTION('',(0.791738929453,-0.532711898834,0.298943975403));
#9434 = DIRECTION('',(0.61085961365,0.690451192164,-0.387463138441));
#9435 = DEFINITIONAL_REPRESENTATION('',(#9436),#9440);
#9436 = LINE('',#9437,#9438);
#9437 = CARTESIAN_POINT('',(-1.688769481186E-09,3.827015617519E-10));
#9438 = VECTOR('',#9439,1.);
#9439 = DIRECTION('',(-1.,3.385070002082E-13));
#9440 = ( GEOMETRIC_REPRESENTATION_CONTEXT(2) 
PARAMETRIC_REPRESENTATION_CONTEXT() REPRESENTATION_CONTEXT('2D SPACE',''
  ) );
#9441 = ORIENTED_EDGE('',*,*,#9442,.F.);
#9442 = EDGE_CURVE('',#9443,#9415,#9445,.T.);
#9443 = VERTEX_POINT('',#9444);
#9444 = CARTESIAN_POINT('',(514.652422902,821.697620562,174.155950596));
#9445 = SURFACE_CURVE('',#9446,(#9462,#9481),.PCURVE_S1.);
#9446 = B_SPLINE_CURVE_WITH_KNOTS('',5,(#9447,#9448,#9449,#9450,#9451,
    #9452,#9453,#9454,#9455,#9456,#9457,#9458,#9459,#9460,#9461),
  .UNSPECIFIED.,.F.,.F.,(6,3,3,3,6),(0.,2.54718706366,5.49571634873,
    7.25244868303,9.92546555143),.UNSPECIFIED.);
#9447 = CARTESIAN_POINT('',(514.652422902,821.697620562,174.155950596));
#9448 = CARTESIAN_POINT('',(514.88496659,821.458373549,174.290209757));
#9449 = CARTESIAN_POINT('',(515.080052154,821.191438808,174.440006548));
#9450 = CARTESIAN_POINT('',(515.230147917,820.902651173,174.602066611));
#9451 = CARTESIAN_POINT('',(515.457066606,820.250840798,174.967845534));
#9452 = CARTESIAN_POINT('',(515.491092961,819.568534756,175.350737827));
#9453 = CARTESIAN_POINT('',(515.459502695,819.20271208,175.556027938));
#9454 = CARTESIAN_POINT('',(515.344297334,818.629544414,175.877674631));
#9455 = CARTESIAN_POINT('',(515.140764849,818.077022969,176.187735206));
#9456 = CARTESIAN_POINT('',(515.053459696,817.873429389,176.301986594));
#9457 = CARTESIAN_POINT('',(514.809031665,817.370935302,176.583973124));
#9458 = CARTESIAN_POINT('',(514.506699608,816.892119048,176.852672275));
#9459 = CARTESIAN_POINT('',(514.304743309,816.610254793,177.010847118));
#9460 = CARTESIAN_POINT('',(514.088443416,816.340091207,177.162455852));
#9461 = CARTESIAN_POINT('',(513.857901047,816.07951046,177.308686947));
#9462 = PCURVE('',#6733,#9463);
#9463 = DEFINITIONAL_REPRESENTATION('',(#9464),#9480);
#9464 = B_SPLINE_CURVE_WITH_KNOTS('',5,(#9465,#9466,#9467,#9468,#9469,
    #9470,#9471,#9472,#9473,#9474,#9475,#9476,#9477,#9478,#9479),
  .UNSPECIFIED.,.F.,.F.,(6,3,3,3,6),(0.,2.54718706366,5.49571634873,
    7.25244868303,9.92546555143),.UNSPECIFIED.);
#9465 = CARTESIAN_POINT('',(2.340874053478E+03,-35.41325020041));
#9466 = CARTESIAN_POINT('',(2.34064150979E+03,-35.13890615447));
#9467 = CARTESIAN_POINT('',(2.340446424226E+03,-34.83281264826));
#9468 = CARTESIAN_POINT('',(2.340296328463E+03,-34.50166047456));
#9469 = CARTESIAN_POINT('',(2.340069409774E+03,-33.75423088893));
#9470 = CARTESIAN_POINT('',(2.340035383419E+03,-32.9718319862));
#9471 = CARTESIAN_POINT('',(2.340066973685E+03,-32.55234389346));
#9472 = CARTESIAN_POINT('',(2.340182179046E+03,-31.89509373678));
#9473 = CARTESIAN_POINT('',(2.340385711531E+03,-31.26151855785));
#9474 = CARTESIAN_POINT('',(2.340473016684E+03,-31.02805822829));
#9475 = CARTESIAN_POINT('',(2.340717444715E+03,-30.45184931603));
#9476 = CARTESIAN_POINT('',(2.341019776772E+03,-29.90279172447));
#9477 = CARTESIAN_POINT('',(2.341221733071E+03,-29.57957857622));
#9478 = CARTESIAN_POINT('',(2.341438032964E+03,-29.26978256039));
#9479 = CARTESIAN_POINT('',(2.341668575333E+03,-28.97097516615));
#9480 = ( GEOMETRIC_REPRESENTATION_CONTEXT(2) 
PARAMETRIC_REPRESENTATION_CONTEXT() REPRESENTATION_CONTEXT('2D SPACE',''
  ) );
#9481 = PCURVE('',#9482,#9498);
#9482 = SURFACE_OF_LINEAR_EXTRUSION('',#9483,#9496);
#9483 = B_SPLINE_CURVE_WITH_KNOTS('',5,(#9484,#9485,#9486,#9487,#9488,
    #9489,#9490,#9491,#9492,#9493,#9494,#9495),.UNSPECIFIED.,.F.,.F.,(6,
    3,3,6),(0.,2.45555374254,4.54324565648,7.04760337679),
  .UNSPECIFIED.);
#9484 = CARTESIAN_POINT('',(514.652422901,821.697620561,174.155950595));
#9485 = CARTESIAN_POINT('',(514.968337404,821.372599482,174.338343919));
#9486 = CARTESIAN_POINT('',(515.215121336,820.996478428,174.54941321));
#9487 = CARTESIAN_POINT('',(515.373848891,820.582995168,174.781449194));
#9488 = CARTESIAN_POINT('',(515.518158273,819.797098261,175.222473969));
#9489 = CARTESIAN_POINT('',(515.429859044,819.007030916,175.665839086));
#9490 = CARTESIAN_POINT('',(515.347518344,818.649285503,175.866596448));
#9491 = CARTESIAN_POINT('',(515.091333116,817.882093649,176.297124438));
#9492 = CARTESIAN_POINT('',(514.692905238,817.16142641,176.701544031));
#9493 = CARTESIAN_POINT('',(514.441842109,816.784301891,176.913176441));
#9494 = CARTESIAN_POINT('',(514.162285046,816.423553986,177.115618724));
#9495 = CARTESIAN_POINT('',(513.857901047,816.07951046,177.308686946));
#9496 = VECTOR('',#9497,1.);
#9497 = DIRECTION('',(-1.06841432169E-16,0.489382451749,0.872069272432)
  );
#9498 = DEFINITIONAL_REPRESENTATION('',(#9499),#9547);
#9499 = B_SPLINE_CURVE_WITH_KNOTS('',3,(#9500,#9501,#9502,#9503,#9504,
    #9505,#9506,#9507,#9508,#9509,#9510,#9511,#9512,#9513,#9514,#9515,
    #9516,#9517,#9518,#9519,#9520,#9521,#9522,#9523,#9524,#9525,#9526,
    #9527,#9528,#9529,#9530,#9531,#9532,#9533,#9534,#9535,#9536,#9537,
    #9538,#9539,#9540,#9541,#9542,#9543,#9544,#9545,#9546),
  .UNSPECIFIED.,.F.,.F.,(4,1,1,1,1,1,1,1,1,1,1,1,1,1,1,1,1,1,1,1,1,1,1,1
    ,1,1,1,1,1,1,1,1,1,1,1,1,1,1,1,1,1,1,1,1,4),(0.,0.225578762532,
    0.451157525065,0.676736287597,0.90231505013,1.127893812662,
    1.353472575195,1.579051337727,1.80463010026,2.030208862792,
    2.255787625325,2.481366387857,2.70694515039,2.932523912922,
    3.158102675455,3.383681437987,3.60926020052,3.834838963052,
    4.060417725585,4.285996488117,4.51157525065,4.737154013182,
    4.962732775715,5.188311538247,5.41389030078,5.639469063312,
    5.865047825845,6.090626588377,6.31620535091,6.541784113442,
    6.767362875975,6.992941638507,7.21852040104,7.444099163572,
    7.669677926105,7.895256688637,8.12083545117,8.346414213702,
    8.571992976235,8.797571738767,9.0231505013,9.248729263832,
    9.474308026365,9.699886788897,9.92546555143),.UNSPECIFIED.);
#9500 = CARTESIAN_POINT('',(0.,1.361437326284E-09));
#9501 = CARTESIAN_POINT('',(5.335844777066E-02,1.131389682778E-09));
#9502 = CARTESIAN_POINT('',(0.160074100138,7.823509281658E-10));
#9503 = CARTESIAN_POINT('',(0.320137243995,5.147353112313E-10));
#9504 = CARTESIAN_POINT('',(0.480181864558,4.200967942396E-10));
#9505 = CARTESIAN_POINT('',(0.640205315215,4.355541270507E-10));
#9506 = CARTESIAN_POINT('',(0.800208476803,5.105968284265E-10));
#9507 = CARTESIAN_POINT('',(0.960195673745,6.072788325911E-10));
#9508 = CARTESIAN_POINT('',(1.120173620215,6.993003337737E-10));
#9509 = CARTESIAN_POINT('',(1.28015020155,7.696124572525E-10));
#9510 = CARTESIAN_POINT('',(1.440133189206,8.098985104966E-10));
#9511 = CARTESIAN_POINT('',(1.600128168493,8.215929986856E-10));
#9512 = CARTESIAN_POINT('',(1.760138926815,8.093631036349E-10));
#9513 = CARTESIAN_POINT('',(1.920158432214,7.877031802645E-10));
#9514 = CARTESIAN_POINT('',(2.080211072374,7.559669659099E-10));
#9515 = CARTESIAN_POINT('',(2.240322829725,7.085415525535E-10));
#9516 = CARTESIAN_POINT('',(2.400500383894,6.400401523462E-10));
#9517 = CARTESIAN_POINT('',(2.560731816774,5.384712494428E-10));
#9518 = CARTESIAN_POINT('',(2.720988619717,4.240733509705E-10));
#9519 = CARTESIAN_POINT('',(2.8812467552,3.252352819479E-10));
#9520 = CARTESIAN_POINT('',(3.041486780785,2.556601217055E-10));
#9521 = CARTESIAN_POINT('',(3.201694494145,2.234435251663E-10));
#9522 = CARTESIAN_POINT('',(3.36186151187,2.291456350337E-10));
#9523 = CARTESIAN_POINT('',(3.52198622024,2.702647165447E-10));
#9524 = CARTESIAN_POINT('',(3.682073971785,3.409077609973E-10));
#9525 = CARTESIAN_POINT('',(3.842140543709,4.314784907487E-10));
#9526 = CARTESIAN_POINT('',(4.002203856578,5.446930413971E-10));
#9527 = CARTESIAN_POINT('',(4.162336197597,6.123338426623E-10));
#9528 = CARTESIAN_POINT('',(4.322568681711,5.831193025778E-10));
#9529 = CARTESIAN_POINT('',(4.482871780404,4.680442744042E-10));
#9530 = CARTESIAN_POINT('',(4.643181606408,3.183671118839E-10));
#9531 = CARTESIAN_POINT('',(4.803435736141,1.840583926278E-10));
#9532 = CARTESIAN_POINT('',(4.963600273734,1.001257313563E-10));
#9533 = CARTESIAN_POINT('',(5.123678228075,8.936277222518E-11));
#9534 = CARTESIAN_POINT('',(5.28374519791,1.390233904639E-10));
#9535 = CARTESIAN_POINT('',(5.443895196811,2.19429661375E-10));
#9536 = CARTESIAN_POINT('',(5.604166556812,3.118338404757E-10));
#9537 = CARTESIAN_POINT('',(5.764563068828,4.042783408857E-10));
#9538 = CARTESIAN_POINT('',(5.92505965704,4.89717450822E-10));
#9539 = CARTESIAN_POINT('',(6.085612470855,5.657279350154E-10));
#9540 = CARTESIAN_POINT('',(6.246167916582,6.321585685291E-10));
#9541 = CARTESIAN_POINT('',(6.406672155188,6.910712363525E-10));
#9542 = CARTESIAN_POINT('',(6.567079991891,7.452516648191E-10));
#9543 = CARTESIAN_POINT('',(6.727365549865,7.94979031138E-10));
#9544 = CARTESIAN_POINT('',(6.887525908902,8.403274773347E-10));
#9545 = CARTESIAN_POINT('',(6.994248844772,8.63240409667E-10));
#9546 = CARTESIAN_POINT('',(7.04760337679,8.720848356495E-10));
#9547 = ( GEOMETRIC_REPRESENTATION_CONTEXT(2) 
PARAMETRIC_REPRESENTATION_CONTEXT() REPRESENTATION_CONTEXT('2D SPACE',''
  ) );
#9548 = ORIENTED_EDGE('',*,*,#9549,.F.);
#9549 = EDGE_CURVE('',#9550,#9443,#9552,.T.);
#9550 = VERTEX_POINT('',#9551);
#9551 = CARTESIAN_POINT('',(508.540084744,827.986153463,170.626990516));
#9552 = SURFACE_CURVE('',#9553,(#9557,#9564),.PCURVE_S1.);
#9553 = LINE('',#9554,#9555);
#9554 = CARTESIAN_POINT('',(511.596253823,824.841887013,172.391470556));
#9555 = VECTOR('',#9556,1.);
#9556 = DIRECTION('',(0.646600561128,-0.665239520161,0.373315007957));
#9557 = PCURVE('',#6733,#9558);
#9558 = DEFINITIONAL_REPRESENTATION('',(#9559),#9563);
#9559 = LINE('',#9560,#9561);
#9560 = CARTESIAN_POINT('',(2.343930222557E+03,-39.0187739247));
#9561 = VECTOR('',#9562,1.);
#9562 = DIRECTION('',(-0.646600561128,0.762828758208));
#9563 = ( GEOMETRIC_REPRESENTATION_CONTEXT(2) 
PARAMETRIC_REPRESENTATION_CONTEXT() REPRESENTATION_CONTEXT('2D SPACE',''
  ) );
#9564 = PCURVE('',#9565,#9570);
#9565 = PLANE('',#9566);
#9566 = AXIS2_PLACEMENT_3D('',#9567,#9568,#9569);
#9567 = CARTESIAN_POINT('',(511.596253823,824.841887012,172.391470555));
#9568 = DIRECTION('',(0.762828758267,0.563880480836,-0.316434967873));
#9569 = DIRECTION('',(0.646600561058,-0.665239520212,0.373315007985));
#9570 = DEFINITIONAL_REPRESENTATION('',(#9571),#9575);
#9571 = LINE('',#9572,#9573);
#9572 = CARTESIAN_POINT('',(-2.919567393902E-10,-1.361456134985E-09));
#9573 = VECTOR('',#9574,1.);
#9574 = DIRECTION('',(1.,-5.406231018412E-13));
#9575 = ( GEOMETRIC_REPRESENTATION_CONTEXT(2) 
PARAMETRIC_REPRESENTATION_CONTEXT() REPRESENTATION_CONTEXT('2D SPACE',''
  ) );
#9576 = ORIENTED_EDGE('',*,*,#9577,.F.);
#9577 = EDGE_CURVE('',#9578,#9550,#9580,.T.);
#9578 = VERTEX_POINT('',#9579);
#9579 = CARTESIAN_POINT('',(507.985370877,828.797501681,170.171683131));
#9580 = SURFACE_CURVE('',#9581,(#9588,#9598),.PCURVE_S1.);
#9581 = B_SPLINE_CURVE_WITH_KNOTS('',5,(#9582,#9583,#9584,#9585,#9586,
    #9587),.UNSPECIFIED.,.F.,.F.,(6,6),(0.,1.54043334363),
  .PIECEWISE_BEZIER_KNOTS.);
#9582 = CARTESIAN_POINT('',(507.985370877,828.797501681,170.171683131));
#9583 = CARTESIAN_POINT('',(508.064967548,828.620881084,170.270797987));
#9584 = CARTESIAN_POINT('',(508.160999595,828.449894387,170.366751246));
#9585 = CARTESIAN_POINT('',(508.272724901,828.286033036,170.458705948));
#9586 = CARTESIAN_POINT('',(508.399377285,828.130916968,170.545753025));
#9587 = CARTESIAN_POINT('',(508.540084744,827.986153463,170.626990516));
#9588 = PCURVE('',#6733,#9589);
#9589 = DEFINITIONAL_REPRESENTATION('',(#9590),#9597);
#9590 = B_SPLINE_CURVE_WITH_KNOTS('',5,(#9591,#9592,#9593,#9594,#9595,
    #9596),.UNSPECIFIED.,.F.,.F.,(6,6),(0.,1.54043334363),
  .PIECEWISE_BEZIER_KNOTS.);
#9591 = CARTESIAN_POINT('',(2.347541105503E+03,-43.55466894266));
#9592 = CARTESIAN_POINT('',(2.347461508832E+03,-43.3521384759));
#9593 = CARTESIAN_POINT('',(2.347365476785E+03,-43.15606839031));
#9594 = CARTESIAN_POINT('',(2.347253751479E+03,-42.96816892365));
#9595 = CARTESIAN_POINT('',(2.347127099095E+03,-42.79029765513));
#9596 = CARTESIAN_POINT('',(2.346986391636E+03,-42.62429764813));
#9597 = ( GEOMETRIC_REPRESENTATION_CONTEXT(2) 
PARAMETRIC_REPRESENTATION_CONTEXT() REPRESENTATION_CONTEXT('2D SPACE',''
  ) );
#9598 = PCURVE('',#9599,#9636);
#9599 = B_SPLINE_SURFACE_WITH_KNOTS('',5,5,(
    (#9600,#9601,#9602,#9603,#9604,#9605)
    ,(#9606,#9607,#9608,#9609,#9610,#9611)
    ,(#9612,#9613,#9614,#9615,#9616,#9617)
    ,(#9618,#9619,#9620,#9621,#9622,#9623)
    ,(#9624,#9625,#9626,#9627,#9628,#9629)
    ,(#9630,#9631,#9632,#9633,#9634,#9635
    )),.UNSPECIFIED.,.F.,.F.,.F.,(6,6),(6,6),(0.,1.08962593984),(-2.278,
    1.30100940625E-05),.PIECEWISE_BEZIER_KNOTS.);
#9600 = CARTESIAN_POINT('',(508.54010839,826.871363328,168.640403755));
#9601 = CARTESIAN_POINT('',(508.540192695,827.09434218,169.037709421));
#9602 = CARTESIAN_POINT('',(508.540122831,827.317251954,169.435053851));
#9603 = CARTESIAN_POINT('',(508.54017957,827.540277688,169.832333208));
#9604 = CARTESIAN_POINT('',(508.540081709,827.763191993,170.229675096));
#9605 = CARTESIAN_POINT('',(508.540070531,827.98613969,170.626998245));
#9606 = CARTESIAN_POINT('',(508.399390612,827.016275188,168.559083012));
#9607 = CARTESIAN_POINT('',(508.399530366,827.23912242,168.956462539));
#9608 = CARTESIAN_POINT('',(508.399444549,827.462167211,169.353731202));
#9609 = CARTESIAN_POINT('',(508.399456048,827.685085328,169.75107095));
#9610 = CARTESIAN_POINT('',(508.399454215,827.908088118,170.148363183));
#9611 = CARTESIAN_POINT('',(508.399223357,828.130931771,170.545744718));
#9612 = CARTESIAN_POINT('',(508.276140462,827.173754401,168.4707098));
#9613 = CARTESIAN_POINT('',(508.275398472,827.394863916,168.869064488));
#9614 = CARTESIAN_POINT('',(508.275407878,827.617776328,169.266407438));
#9615 = CARTESIAN_POINT('',(508.273958921,827.840829355,169.663671479));
#9616 = CARTESIAN_POINT('',(508.273448055,828.063365188,170.061225754));
#9617 = CARTESIAN_POINT('',(508.272441889,828.285914413,170.458772516));
#9618 = CARTESIAN_POINT('',(508.171054601,827.340057274,168.377384979));
#9619 = CARTESIAN_POINT('',(508.170844414,827.560826552,168.7759306));
#9620 = CARTESIAN_POINT('',(508.167185548,827.782889735,169.173750115));
#9621 = CARTESIAN_POINT('',(508.16510113,828.005596694,169.57120836));
#9622 = CARTESIAN_POINT('',(508.163226351,828.227591457,169.969066271));
#9623 = CARTESIAN_POINT('',(508.160716502,828.449736165,170.366840036));
#9624 = CARTESIAN_POINT('',(508.075204069,827.509669217,168.282203196));
#9625 = CARTESIAN_POINT('',(508.073046992,827.731654685,168.680066323));
#9626 = CARTESIAN_POINT('',(508.070504151,827.953885487,169.077791775));
#9627 = CARTESIAN_POINT('',(508.068821811,828.176240828,169.475447338));
#9628 = CARTESIAN_POINT('',(508.066595808,828.398466798,169.873175502));
#9629 = CARTESIAN_POINT('',(508.065060399,828.620879603,170.270798818));
#9630 = CARTESIAN_POINT('',(507.985323847,827.682719852,168.185091709));
#9631 = CARTESIAN_POINT('',(507.985285066,827.905610695,168.582446763));
#9632 = CARTESIAN_POINT('',(507.985342016,828.128566969,168.979765099));
#9633 = CARTESIAN_POINT('',(507.985253179,828.351568507,169.377058033));
#9634 = CARTESIAN_POINT('',(507.985402892,828.574546711,169.774364063));
#9635 = CARTESIAN_POINT('',(507.985346138,828.797492234,170.171688432));
#9636 = DEFINITIONAL_REPRESENTATION('',(#9637),#9640);
#9637 = B_SPLINE_CURVE_WITH_KNOTS('',1,(#9638,#9639),.UNSPECIFIED.,.F.,
  .F.,(2,2),(0.,1.54043334363),.PIECEWISE_BEZIER_KNOTS.);
#9638 = CARTESIAN_POINT('',(1.089626960218,1.300689701392E-05));
#9639 = CARTESIAN_POINT('',(2.851923753339E-06,1.300922857091E-05));
#9640 = ( GEOMETRIC_REPRESENTATION_CONTEXT(2) 
PARAMETRIC_REPRESENTATION_CONTEXT() REPRESENTATION_CONTEXT('2D SPACE',''
  ) );
#9641 = ORIENTED_EDGE('',*,*,#9642,.T.);
#9642 = EDGE_CURVE('',#9578,#6716,#9643,.T.);
#9643 = SURFACE_CURVE('',#9644,(#9648,#9655),.PCURVE_S1.);
#9644 = LINE('',#9645,#9646);
#9645 = CARTESIAN_POINT('',(506.13697324,828.797501681,170.171683131));
#9646 = VECTOR('',#9647,1.);
#9647 = DIRECTION('',(-1.,0.,0.));
#9648 = PCURVE('',#6733,#9649);
#9649 = DEFINITIONAL_REPRESENTATION('',(#9650),#9654);
#9650 = LINE('',#9651,#9652);
#9651 = CARTESIAN_POINT('',(2.34938950314E+03,-43.55466894266));
#9652 = VECTOR('',#9653,1.);
#9653 = DIRECTION('',(1.,5.995661546203E-17));
#9654 = ( GEOMETRIC_REPRESENTATION_CONTEXT(2) 
PARAMETRIC_REPRESENTATION_CONTEXT() REPRESENTATION_CONTEXT('2D SPACE',''
  ) );
#9655 = PCURVE('',#6918,#9656);
#9656 = DEFINITIONAL_REPRESENTATION('',(#9657),#9661);
#9657 = LINE('',#9658,#9659);
#9658 = CARTESIAN_POINT('',(1.059414855885,21.23452896));
#9659 = VECTOR('',#9660,1.);
#9660 = DIRECTION('',(0.,-1.));
#9661 = ( GEOMETRIC_REPRESENTATION_CONTEXT(2) 
PARAMETRIC_REPRESENTATION_CONTEXT() REPRESENTATION_CONTEXT('2D SPACE',''
  ) );
#9662 = ORIENTED_EDGE('',*,*,#6715,.T.);
#9663 = ADVANCED_FACE('',(#9664),#6918,.T.);
#9664 = FACE_BOUND('',#9665,.T.);
#9665 = EDGE_LOOP('',(#9666,#9689,#9690,#9691));
#9666 = ORIENTED_EDGE('',*,*,#9667,.F.);
#9667 = EDGE_CURVE('',#6897,#9668,#9670,.T.);
#9668 = VERTEX_POINT('',#9669);
#9669 = CARTESIAN_POINT('',(512.78931578,837.478,155.3465055));
#9670 = SURFACE_CURVE('',#9671,(#9675,#9682),.PCURVE_S1.);
#9671 = LINE('',#9672,#9673);
#9672 = CARTESIAN_POINT('',(484.902444281,837.478,155.3465055));
#9673 = VECTOR('',#9674,1.);
#9674 = DIRECTION('',(1.,0.,0.));
#9675 = PCURVE('',#6918,#9676);
#9676 = DEFINITIONAL_REPRESENTATION('',(#9677),#9681);
#9677 = LINE('',#9678,#9679);
#9678 = CARTESIAN_POINT('',(0.,9.999894245993E-10));
#9679 = VECTOR('',#9680,1.);
#9680 = DIRECTION('',(0.,1.));
#9681 = ( GEOMETRIC_REPRESENTATION_CONTEXT(2) 
PARAMETRIC_REPRESENTATION_CONTEXT() REPRESENTATION_CONTEXT('2D SPACE',''
  ) );
#9682 = PCURVE('',#6999,#9683);
#9683 = DEFINITIONAL_REPRESENTATION('',(#9684),#9688);
#9684 = LINE('',#9685,#9686);
#9685 = CARTESIAN_POINT('',(2.133750583059E+03,-15.2465055));
#9686 = VECTOR('',#9687,1.);
#9687 = DIRECTION('',(-1.,0.));
#9688 = ( GEOMETRIC_REPRESENTATION_CONTEXT(2) 
PARAMETRIC_REPRESENTATION_CONTEXT() REPRESENTATION_CONTEXT('2D SPACE',''
  ) );
#9689 = ORIENTED_EDGE('',*,*,#6896,.T.);
#9690 = ORIENTED_EDGE('',*,*,#9642,.F.);
#9691 = ORIENTED_EDGE('',*,*,#9692,.T.);
#9692 = EDGE_CURVE('',#9578,#9668,#9693,.T.);
#9693 = SURFACE_CURVE('',#9694,(#9713,#9764),.PCURVE_S1.);
#9694 = B_SPLINE_CURVE_WITH_KNOTS('',5,(#9695,#9696,#9697,#9698,#9699,
    #9700,#9701,#9702,#9703,#9704,#9705,#9706,#9707,#9708,#9709,#9710,
    #9711,#9712),.UNSPECIFIED.,.F.,.F.,(6,3,3,3,3,6),(0.,4.54264130759,
    7.62281181545,14.2114621572,18.8440979885,27.0055061063),
  .UNSPECIFIED.);
#9695 = CARTESIAN_POINT('',(507.985370877,828.79750168,170.171683131));
#9696 = CARTESIAN_POINT('',(507.752074254,829.315173941,169.881179007));
#9697 = CARTESIAN_POINT('',(507.587601451,829.837657961,169.558263604));
#9698 = CARTESIAN_POINT('',(507.496213304,830.356656595,169.203608119));
#9699 = CARTESIAN_POINT('',(507.458745942,831.207041347,168.560324955));
#9700 = CARTESIAN_POINT('',(507.585270082,831.997982156,167.859018722));
#9701 = CARTESIAN_POINT('',(507.659926715,832.306683065,167.567419538));
#9702 = CARTESIAN_POINT('',(507.957811427,833.241154625,166.628095716));
#9703 = CARTESIAN_POINT('',(508.423912213,834.061561507,165.624737916));
#9704 = CARTESIAN_POINT('',(508.789319945,834.565129701,164.919245534));
#9705 = CARTESIAN_POINT('',(509.453272322,835.332365704,163.692805963));
#9706 = CARTESIAN_POINT('',(510.15258018,835.960194534,162.405166132));
#9707 = CARTESIAN_POINT('',(510.44734807,836.200501532,161.852596089));
#9708 = CARTESIAN_POINT('',(511.235897492,836.78828822,160.321355704));
#9709 = CARTESIAN_POINT('',(511.95195434,837.196130379,158.697041281));
#9710 = CARTESIAN_POINT('',(512.355704679,837.382855225,157.606825305));
#9711 = CARTESIAN_POINT('',(512.650986721,837.478,156.484033056));
#9712 = CARTESIAN_POINT('',(512.78931578,837.478,155.3465055));
#9713 = PCURVE('',#6918,#9714);
#9714 = DEFINITIONAL_REPRESENTATION('',(#9715),#9763);
#9715 = B_SPLINE_CURVE_WITH_KNOTS('',3,(#9716,#9717,#9718,#9719,#9720,
    #9721,#9722,#9723,#9724,#9725,#9726,#9727,#9728,#9729,#9730,#9731,
    #9732,#9733,#9734,#9735,#9736,#9737,#9738,#9739,#9740,#9741,#9742,
    #9743,#9744,#9745,#9746,#9747,#9748,#9749,#9750,#9751,#9752,#9753,
    #9754,#9755,#9756,#9757,#9758,#9759,#9760,#9761,#9762),
  .UNSPECIFIED.,.F.,.F.,(4,1,1,1,1,1,1,1,1,1,1,1,1,1,1,1,1,1,1,1,1,1,1,1
    ,1,1,1,1,1,1,1,1,1,1,1,1,1,1,1,1,1,1,1,1,4),(0.,0.613761502416,
    1.227523004832,1.841284507248,2.455046009664,3.06880751208,
    3.682569014495,4.296330516911,4.910092019327,5.523853521743,
    6.137615024159,6.751376526575,7.365138028991,7.978899531407,
    8.592661033823,9.206422536239,9.820184038655,10.43394554107,
    11.047707043486,11.661468545902,12.275230048318,12.888991550734,
    13.50275305315,14.116514555566,14.730276057982,15.344037560398,
    15.957799062814,16.57156056523,17.185322067645,17.799083570061,
    18.412845072477,19.026606574893,19.640368077309,20.254129579725,
    20.867891082141,21.481652584557,22.095414086973,22.709175589389,
    23.322937091805,23.93669859422,24.550460096636,25.164221599052,
    25.777983101468,26.391744603884,27.0055061063),.UNSPECIFIED.);
#9716 = CARTESIAN_POINT('',(1.059414855937,23.082926597));
#9717 = CARTESIAN_POINT('',(1.051551979467,23.030364831303));
#9718 = CARTESIAN_POINT('',(1.035681725373,22.93371918196));
#9719 = CARTESIAN_POINT('',(1.011499956074,22.814296879292));
#9720 = CARTESIAN_POINT('',(0.98699760515,22.720657635928));
#9721 = CARTESIAN_POINT('',(0.96223505986,22.652603070172));
#9722 = CARTESIAN_POINT('',(0.937276411498,22.609660032668));
#9723 = CARTESIAN_POINT('',(0.912191376458,22.591046448288));
#9724 = CARTESIAN_POINT('',(0.887053214488,22.595695664075));
#9725 = CARTESIAN_POINT('',(0.861950238496,22.622241433024));
#9726 = CARTESIAN_POINT('',(0.836934478675,22.669123497986));
#9727 = CARTESIAN_POINT('',(0.812020665661,22.734800179672));
#9728 = CARTESIAN_POINT('',(0.787223140067,22.817724936267));
#9729 = CARTESIAN_POINT('',(0.76255196302,22.916361998037));
#9730 = CARTESIAN_POINT('',(0.738021887802,23.029183820853));
#9731 = CARTESIAN_POINT('',(0.713644228194,23.154712103148));
#9732 = CARTESIAN_POINT('',(0.689422756232,23.29154894674));
#9733 = CARTESIAN_POINT('',(0.665360441808,23.438361339796));
#9734 = CARTESIAN_POINT('',(0.641457411149,23.593889159045));
#9735 = CARTESIAN_POINT('',(0.617710969365,23.756947440504));
#9736 = CARTESIAN_POINT('',(0.594115011224,23.926430221555));
#9737 = CARTESIAN_POINT('',(0.570659566501,24.101313829078));
#9738 = CARTESIAN_POINT('',(0.547330203968,24.280660812009));
#9739 = CARTESIAN_POINT('',(0.524107684811,24.463621850157));
#9740 = CARTESIAN_POINT('',(0.500966611334,24.649445113551));
#9741 = CARTESIAN_POINT('',(0.47787772972,24.837457843417));
#9742 = CARTESIAN_POINT('',(0.454762441264,25.027431448234));
#9743 = CARTESIAN_POINT('',(0.431590762695,25.218746811428));
#9744 = CARTESIAN_POINT('',(0.408371012614,25.410479445366));
#9745 = CARTESIAN_POINT('',(0.38512923301,25.601563801806));
#9746 = CARTESIAN_POINT('',(0.3618904631,25.790941334463));
#9747 = CARTESIAN_POINT('',(0.338661434511,25.977696711203));
#9748 = CARTESIAN_POINT('',(0.315405841036,26.161257675582));
#9749 = CARTESIAN_POINT('',(0.292051205454,26.341336004956));
#9750 = CARTESIAN_POINT('',(0.268573200329,26.517201276201));
#9751 = CARTESIAN_POINT('',(0.244949760574,26.688060088916));
#9752 = CARTESIAN_POINT('',(0.221167260899,26.853010286152));
#9753 = CARTESIAN_POINT('',(0.197217774948,27.011067446413));
#9754 = CARTESIAN_POINT('',(0.173098720883,27.161172009919));
#9755 = CARTESIAN_POINT('',(0.148811875143,27.302201596574));
#9756 = CARTESIAN_POINT('',(0.124362574883,27.432981922837));
#9757 = CARTESIAN_POINT('',(9.975889954133E-02,27.552298131282));
#9758 = CARTESIAN_POINT('',(7.501090593563E-02,27.658905870492));
#9759 = CARTESIAN_POINT('',(5.012988788666E-02,27.751542960946));
#9760 = CARTESIAN_POINT('',(2.5127762462E-02,27.828938966577));
#9761 = CARTESIAN_POINT('',(8.386763702575E-03,27.869534693977));
#9762 = CARTESIAN_POINT('',(0.,27.8868715));
#9763 = ( GEOMETRIC_REPRESENTATION_CONTEXT(2) 
PARAMETRIC_REPRESENTATION_CONTEXT() REPRESENTATION_CONTEXT('2D SPACE',''
  ) );
#9764 = PCURVE('',#9765,#9796);
#9765 = B_SPLINE_SURFACE_WITH_KNOTS('',5,1,(
    (#9766,#9767)
    ,(#9768,#9769)
    ,(#9770,#9771)
    ,(#9772,#9773)
    ,(#9774,#9775)
    ,(#9776,#9777)
    ,(#9778,#9779)
    ,(#9780,#9781)
    ,(#9782,#9783)
    ,(#9784,#9785)
    ,(#9786,#9787)
    ,(#9788,#9789)
    ,(#9790,#9791)
    ,(#9792,#9793)
    ,(#9794,#9795
    )),.UNSPECIFIED.,.F.,.F.,.F.,(6,3,3,3,6),(2,2),(0.,3.60078735378,
    10.8023620613,14.4031494152,18.0039367689),(-2.278,5.14817439261E-03
    ),.UNSPECIFIED.);
#9766 = CARTESIAN_POINT('',(512.78931578,835.2,155.3465055));
#9767 = CARTESIAN_POINT('',(512.78931578,837.478,155.3465055));
#9768 = CARTESIAN_POINT('',(512.699429294,835.2,155.98662462));
#9769 = CARTESIAN_POINT('',(512.699429294,837.478,156.085673075));
#9770 = CARTESIAN_POINT('',(512.542636593,835.165209169,156.625865434));
#9771 = CARTESIAN_POINT('',(512.542636593,837.437825831,156.82382644));
#9772 = CARTESIAN_POINT('',(512.330273494,835.095818003,157.26155722));
#9773 = CARTESIAN_POINT('',(512.330273494,837.357697463,157.55788162));
#9774 = CARTESIAN_POINT('',(511.560480452,834.785438566,159.150100695));
#9775 = CARTESIAN_POINT('',(511.560480452,836.999291647,159.738647758));
#9776 = CARTESIAN_POINT('',(510.494598531,834.17603004,160.960586256));
#9777 = CARTESIAN_POINT('',(510.494598531,836.295586652,161.829277736));
#9778 = CARTESIAN_POINT('',(509.743102059,833.643577526,162.112894811));
#9779 = CARTESIAN_POINT('',(509.743102059,835.680745411,163.159888077));
#9780 = CARTESIAN_POINT('',(508.690524367,832.67331333,163.732690168));
#9781 = CARTESIAN_POINT('',(508.690524367,834.560347956,165.030321514));
#9782 = CARTESIAN_POINT('',(507.953991899,831.479021591,165.15924126));
#9783 = CARTESIAN_POINT('',(507.953991899,833.181258188,166.677609149));
#9784 = CARTESIAN_POINT('',(507.75493303,831.057882832,165.611603224));
#9785 = CARTESIAN_POINT('',(507.75493303,832.694954771,167.199967075));
#9786 = CARTESIAN_POINT('',(507.472390829,830.173590614,166.467177741));
#9787 = CARTESIAN_POINT('',(507.472390829,831.673832117,168.187928411));
#9788 = CARTESIAN_POINT('',(507.466342974,829.213811514,167.219949811));
#9789 = CARTESIAN_POINT('',(507.466342974,830.565542164,169.057180224));
#9790 = CARTESIAN_POINT('',(507.54377845,828.717185817,167.569508477));
#9791 = CARTESIAN_POINT('',(507.54377845,829.992071382,169.460827644));
#9792 = CARTESIAN_POINT('',(507.713009145,828.206060374,167.891406705));
#9793 = CARTESIAN_POINT('',(507.713009145,829.401857245,169.832534605));
#9794 = CARTESIAN_POINT('',(507.985370877,827.682688455,168.185109328));
#9795 = CARTESIAN_POINT('',(507.985370877,828.79750168,170.171683131));
#9796 = DEFINITIONAL_REPRESENTATION('',(#9797),#9845);
#9797 = B_SPLINE_CURVE_WITH_KNOTS('',3,(#9798,#9799,#9800,#9801,#9802,
    #9803,#9804,#9805,#9806,#9807,#9808,#9809,#9810,#9811,#9812,#9813,
    #9814,#9815,#9816,#9817,#9818,#9819,#9820,#9821,#9822,#9823,#9824,
    #9825,#9826,#9827,#9828,#9829,#9830,#9831,#9832,#9833,#9834,#9835,
    #9836,#9837,#9838,#9839,#9840,#9841,#9842,#9843,#9844),
  .UNSPECIFIED.,.F.,.F.,(4,1,1,1,1,1,1,1,1,1,1,1,1,1,1,1,1,1,1,1,1,1,1,1
    ,1,1,1,1,1,1,1,1,1,1,1,1,1,1,1,1,1,1,1,1,4),(0.,0.613761502416,
    1.227523004832,1.841284507248,2.455046009664,3.06880751208,
    3.682569014495,4.296330516911,4.910092019327,5.523853521743,
    6.137615024159,6.751376526575,7.365138028991,7.978899531407,
    8.592661033823,9.206422536239,9.820184038655,10.43394554107,
    11.047707043486,11.661468545902,12.275230048318,12.888991550734,
    13.50275305315,14.116514555566,14.730276057982,15.344037560398,
    15.957799062814,16.57156056523,17.185322067645,17.799083570061,
    18.412845072477,19.026606574893,19.640368077309,20.254129579725,
    20.867891082141,21.481652584557,22.095414086973,22.709175589389,
    23.322937091805,23.93669859422,24.550460096636,25.164221599052,
    25.777983101468,26.391744603884,27.0055061063),.UNSPECIFIED.);
#9798 = CARTESIAN_POINT('',(18.0039367689,5.14817439261E-03));
#9799 = CARTESIAN_POINT('',(17.865031281662,5.147987439944E-03));
#9800 = CARTESIAN_POINT('',(17.585005535506,5.148411833972E-03));
#9801 = CARTESIAN_POINT('',(17.159345170442,5.150230103062E-03));
#9802 = CARTESIAN_POINT('',(16.729066912604,5.152280108753E-03));
#9803 = CARTESIAN_POINT('',(16.295240121589,5.15269043455E-03));
#9804 = CARTESIAN_POINT('',(15.858989996544,5.151186491647E-03));
#9805 = CARTESIAN_POINT('',(15.421529166886,5.148936792714E-03));
#9806 = CARTESIAN_POINT('',(14.984121131337,5.148109476085E-03));
#9807 = CARTESIAN_POINT('',(14.548279261737,5.147942077984E-03));
#9808 = CARTESIAN_POINT('',(14.114875323623,5.150917138037E-03));
#9809 = CARTESIAN_POINT('',(13.684126221639,5.152814707813E-03));
#9810 = CARTESIAN_POINT('',(13.256241458316,5.150303894071E-03));
#9811 = CARTESIAN_POINT('',(12.831361341297,5.147758956292E-03));
#9812 = CARTESIAN_POINT('',(12.409708838111,5.148759904198E-03));
#9813 = CARTESIAN_POINT('',(11.99144551115,5.144916196201E-03));
#9814 = CARTESIAN_POINT('',(11.576603615527,5.135318279742E-03));
#9815 = CARTESIAN_POINT('',(11.165199634453,5.123695938618E-03));
#9816 = CARTESIAN_POINT('',(10.757200792064,5.114851665457E-03));
#9817 = CARTESIAN_POINT('',(10.352526674448,5.112436267393E-03));
#9818 = CARTESIAN_POINT('',(9.951040687745,5.11771614556E-03));
#9819 = CARTESIAN_POINT('',(9.552543394187,5.128762441384E-03));
#9820 = CARTESIAN_POINT('',(9.156763234856,5.141144475663E-03));
#9821 = CARTESIAN_POINT('',(8.763350735759,5.149972237506E-03));
#9822 = CARTESIAN_POINT('',(8.371855558318,5.151876214951E-03));
#9823 = CARTESIAN_POINT('',(7.981762412111,5.152816052224E-03));
#9824 = CARTESIAN_POINT('',(7.591726086974,5.084720525985E-03));
#9825 = CARTESIAN_POINT('',(7.20123305877,4.997457898246E-03));
#9826 = CARTESIAN_POINT('',(6.810410559558,4.962562387177E-03));
#9827 = CARTESIAN_POINT('',(6.419679195482,5.007087887582E-03));
#9828 = CARTESIAN_POINT('',(6.029443156122,5.096271449293E-03));
#9829 = CARTESIAN_POINT('',(5.639804797101,5.154236813614E-03));
#9830 = CARTESIAN_POINT('',(5.250147606411,5.149915030251E-03));
#9831 = CARTESIAN_POINT('',(4.859240358904,5.144085217733E-03));
#9832 = CARTESIAN_POINT('',(4.466667401217,5.111085914136E-03));
#9833 = CARTESIAN_POINT('',(4.072053516136,5.059143134258E-03));
#9834 = CARTESIAN_POINT('',(3.675165016102,5.001224437765E-03));
#9835 = CARTESIAN_POINT('',(3.275862505285,4.953398022921E-03));
#9836 = CARTESIAN_POINT('',(2.874094794391,4.928563753367E-03));
#9837 = CARTESIAN_POINT('',(2.469882576299,4.933360574994E-03));
#9838 = CARTESIAN_POINT('',(2.063305500812,4.966465453092E-03));
#9839 = CARTESIAN_POINT('',(1.654488879777,5.019007041703E-03));
#9840 = CARTESIAN_POINT('',(1.243590974098,5.076514350419E-03));
#9841 = CARTESIAN_POINT('',(0.830790160874,5.123473454371E-03));
#9842 = CARTESIAN_POINT('',(0.416274186036,5.146659291897E-03));
#9843 = CARTESIAN_POINT('',(0.138908027869,5.149738897718E-03));
#9844 = CARTESIAN_POINT('',(0.,5.14817439261E-03));
#9845 = ( GEOMETRIC_REPRESENTATION_CONTEXT(2) 
PARAMETRIC_REPRESENTATION_CONTEXT() REPRESENTATION_CONTEXT('2D SPACE',''
  ) );
#9846 = ADVANCED_FACE('',(#9847),#6999,.F.);
#9847 = FACE_BOUND('',#9848,.T.);
#9848 = EDGE_LOOP('',(#9849,#9850,#9851,#10033,#10061,#10168,#10196,
    #10303,#10331,#10438,#10466));
#9849 = ORIENTED_EDGE('',*,*,#6983,.T.);
#9850 = ORIENTED_EDGE('',*,*,#9667,.T.);
#9851 = ORIENTED_EDGE('',*,*,#9852,.T.);
#9852 = EDGE_CURVE('',#9668,#9853,#9855,.T.);
#9853 = VERTEX_POINT('',#9854);
#9854 = CARTESIAN_POINT('',(519.437761185,837.478,150.799999999));
#9855 = SURFACE_CURVE('',#9856,(#9872,#9891),.PCURVE_S1.);
#9856 = B_SPLINE_CURVE_WITH_KNOTS('',5,(#9857,#9858,#9859,#9860,#9861,
    #9862,#9863,#9864,#9865,#9866,#9867,#9868,#9869,#9870,#9871),
  .UNSPECIFIED.,.F.,.F.,(6,3,3,3,6),(0.,2.78455360208,5.98751593965,
    11.7779631912,12.4086292309),.UNSPECIFIED.);
#9857 = CARTESIAN_POINT('',(512.78931578,837.478,155.346505501));
#9858 = CARTESIAN_POINT('',(512.836776876,837.478,154.956216535));
#9859 = CARTESIAN_POINT('',(512.934966272,837.478,154.57210778));
#9860 = CARTESIAN_POINT('',(513.081376479,837.478,154.203032467));
#9861 = CARTESIAN_POINT('',(513.483743048,837.478,153.4541165));
#9862 = CARTESIAN_POINT('',(514.043686386,837.478,152.812493414));
#9863 = CARTESIAN_POINT('',(514.37861839,837.478,152.503172053));
#9864 = CARTESIAN_POINT('',(515.392429959,837.478,151.730360121));
#9865 = CARTESIAN_POINT('',(516.570451017,837.478,151.216456093));
#9866 = CARTESIAN_POINT('',(517.364210653,837.478,150.986755926));
#9867 = CARTESIAN_POINT('',(518.264526224,837.478,150.837311317));
#9868 = CARTESIAN_POINT('',(519.170610191,837.478,150.803336723));
#9869 = CARTESIAN_POINT('',(519.25966362,837.478,150.801112008));
#9870 = CARTESIAN_POINT('',(519.348712398,837.478,150.799999999));
#9871 = CARTESIAN_POINT('',(519.437761185,837.478,150.799999999));
#9872 = PCURVE('',#6999,#9873);
#9873 = DEFINITIONAL_REPRESENTATION('',(#9874),#9890);
#9874 = B_SPLINE_CURVE_WITH_KNOTS('',5,(#9875,#9876,#9877,#9878,#9879,
    #9880,#9881,#9882,#9883,#9884,#9885,#9886,#9887,#9888,#9889),
  .UNSPECIFIED.,.F.,.F.,(6,3,3,3,6),(0.,2.78455360208,5.98751593965,
    11.7779631912,12.4086292309),.UNSPECIFIED.);
#9875 = CARTESIAN_POINT('',(2.10586371156E+03,-15.246505501));
#9876 = CARTESIAN_POINT('',(2.105816250464E+03,-14.856216535));
#9877 = CARTESIAN_POINT('',(2.105718061068E+03,-14.47210778));
#9878 = CARTESIAN_POINT('',(2.105571650861E+03,-14.103032467));
#9879 = CARTESIAN_POINT('',(2.105169284292E+03,-13.3541165));
#9880 = CARTESIAN_POINT('',(2.104609340954E+03,-12.712493414));
#9881 = CARTESIAN_POINT('',(2.10427440895E+03,-12.403172053));
#9882 = CARTESIAN_POINT('',(2.103260597381E+03,-11.630360121));
#9883 = CARTESIAN_POINT('',(2.102082576323E+03,-11.116456093));
#9884 = CARTESIAN_POINT('',(2.101288816687E+03,-10.886755926));
#9885 = CARTESIAN_POINT('',(2.100388501116E+03,-10.737311317));
#9886 = CARTESIAN_POINT('',(2.099482417149E+03,-10.703336723));
#9887 = CARTESIAN_POINT('',(2.09939336372E+03,-10.701112008));
#9888 = CARTESIAN_POINT('',(2.099304314942E+03,-10.699999999));
#9889 = CARTESIAN_POINT('',(2.099215266155E+03,-10.699999999));
#9890 = ( GEOMETRIC_REPRESENTATION_CONTEXT(2) 
PARAMETRIC_REPRESENTATION_CONTEXT() REPRESENTATION_CONTEXT('2D SPACE',''
  ) );
#9891 = PCURVE('',#9892,#9983);
#9892 = B_SPLINE_SURFACE_WITH_KNOTS('',5,5,(
    (#9893,#9894,#9895,#9896,#9897,#9898)
    ,(#9899,#9900,#9901,#9902,#9903,#9904)
    ,(#9905,#9906,#9907,#9908,#9909,#9910)
    ,(#9911,#9912,#9913,#9914,#9915,#9916)
    ,(#9917,#9918,#9919,#9920,#9921,#9922)
    ,(#9923,#9924,#9925,#9926,#9927,#9928)
    ,(#9929,#9930,#9931,#9932,#9933,#9934)
    ,(#9935,#9936,#9937,#9938,#9939,#9940)
    ,(#9941,#9942,#9943,#9944,#9945,#9946)
    ,(#9947,#9948,#9949,#9950,#9951,#9952)
    ,(#9953,#9954,#9955,#9956,#9957,#9958)
    ,(#9959,#9960,#9961,#9962,#9963,#9964)
    ,(#9965,#9966,#9967,#9968,#9969,#9970)
    ,(#9971,#9972,#9973,#9974,#9975,#9976)
    ,(#9977,#9978,#9979,#9980,#9981,#9982
    )),.UNSPECIFIED.,.F.,.F.,.F.,(6,3,3,3,6),(6,6),(0.642948289306,
    2.56175350172,3.46587297124,6.2626361449,9.42774377807),(
    -3.96983235854E-14,2.27804037651),.UNSPECIFIED.);
#9893 = CARTESIAN_POINT('',(512.789315606,837.478,155.346506175));
#9894 = CARTESIAN_POINT('',(512.789322446,837.0224,155.346506703));
#9895 = CARTESIAN_POINT('',(512.789308405,836.5668,155.346510628));
#9896 = CARTESIAN_POINT('',(512.789353782,836.1112,155.346520801));
#9897 = CARTESIAN_POINT('',(512.789332722,835.6556,155.34651042));
#9898 = CARTESIAN_POINT('',(512.789317522,835.2,155.346514241));
#9899 = CARTESIAN_POINT('',(512.835522686,837.478,154.966594543));
#9900 = CARTESIAN_POINT('',(512.836708681,837.0224,154.966786727));
#9901 = CARTESIAN_POINT('',(512.838057196,836.5668,154.966830604));
#9902 = CARTESIAN_POINT('',(512.839384524,836.1112,154.967214254));
#9903 = CARTESIAN_POINT('',(512.840935861,835.6556,154.967203419));
#9904 = CARTESIAN_POINT('',(512.842533376,835.2,154.967488882));
#9905 = CARTESIAN_POINT('',(512.92976058,837.478,154.592591831));
#9906 = CARTESIAN_POINT('',(512.93095942,837.0224,154.593289465));
#9907 = CARTESIAN_POINT('',(512.932404824,836.5668,154.594119149));
#9908 = CARTESIAN_POINT('',(512.933343362,836.1112,154.594943224));
#9909 = CARTESIAN_POINT('',(512.935714376,835.6556,154.596114945));
#9910 = CARTESIAN_POINT('',(512.94204414,835.2,154.596001565));
#9911 = CARTESIAN_POINT('',(513.069763472,837.478,154.232596044));
#9912 = CARTESIAN_POINT('',(513.071671531,837.0224,154.233644979));
#9913 = CARTESIAN_POINT('',(513.073840264,836.5668,154.234697541));
#9914 = CARTESIAN_POINT('',(513.075801573,836.1112,154.235967904));
#9915 = CARTESIAN_POINT('',(513.079526663,835.6556,154.237199701));
#9916 = CARTESIAN_POINT('',(513.084977627,835.2,154.238801786));
#9917 = CARTESIAN_POINT('',(513.333123362,837.478,153.731315986));
#9918 = CARTESIAN_POINT('',(513.335440271,837.0224,153.732902439));
#9919 = CARTESIAN_POINT('',(513.337937874,836.5668,153.734579651));
#9920 = CARTESIAN_POINT('',(513.340478981,836.1112,153.736232724));
#9921 = CARTESIAN_POINT('',(513.344361599,835.6556,153.738467515));
#9922 = CARTESIAN_POINT('',(513.3499451,835.2,153.741427265));
#9923 = CARTESIAN_POINT('',(513.667539088,837.478,153.277233091));
#9924 = CARTESIAN_POINT('',(513.669934102,837.0224,153.279171136));
#9925 = CARTESIAN_POINT('',(513.672444547,836.5668,153.281213233));
#9926 = CARTESIAN_POINT('',(513.675078657,836.1112,153.283231269));
#9927 = CARTESIAN_POINT('',(513.678655997,835.6556,153.285981058));
#9928 = CARTESIAN_POINT('',(513.68339625,835.2,153.289599003));
#9929 = CARTESIAN_POINT('',(513.781279839,837.478,153.136906007));
#9930 = CARTESIAN_POINT('',(513.783668036,837.0224,153.138934442));
#9931 = CARTESIAN_POINT('',(513.786153321,836.5668,153.141066733));
#9932 = CARTESIAN_POINT('',(513.788775214,836.1112,153.143186012));
#9933 = CARTESIAN_POINT('',(513.792216205,835.6556,153.146053645));
#9934 = CARTESIAN_POINT('',(513.796631805,835.2,153.149812572));
#9935 = CARTESIAN_POINT('',(514.271405573,837.478,152.58396178));
#9936 = CARTESIAN_POINT('',(514.273653413,837.0224,152.586265778));
#9937 = CARTESIAN_POINT('',(514.275933693,836.5668,152.588662211));
#9938 = CARTESIAN_POINT('',(514.278367014,836.1112,152.591104918));
#9939 = CARTESIAN_POINT('',(514.28113079,835.6556,152.594277412));
#9940 = CARTESIAN_POINT('',(514.284115655,835.2,152.598348241));
#9941 = CARTESIAN_POINT('',(514.853263312,837.478,152.119382648));
#9942 = CARTESIAN_POINT('',(514.854996134,837.0224,152.121585475));
#9943 = CARTESIAN_POINT('',(514.8567328,836.5668,152.123844019));
#9944 = CARTESIAN_POINT('',(514.858537791,836.1112,152.126200659));
#9945 = CARTESIAN_POINT('',(514.860286789,835.6556,152.129022947));
#9946 = CARTESIAN_POINT('',(514.861745458,835.2,152.132435396));
#9947 = CARTESIAN_POINT('',(515.329531388,837.478,151.819938287));
#9948 = CARTESIAN_POINT('',(515.330812334,837.0224,151.821866835));
#9949 = CARTESIAN_POINT('',(515.332084323,836.5668,151.823841041));
#9950 = CARTESIAN_POINT('',(515.333388472,836.1112,151.825833422));
#9951 = CARTESIAN_POINT('',(515.334442656,835.6556,151.828143368));
#9952 = CARTESIAN_POINT('',(515.335261057,835.2,151.830707698));
#9953 = CARTESIAN_POINT('',(516.397946257,837.478,151.286741821));
#9954 = CARTESIAN_POINT('',(516.398599146,837.0224,151.28798142));
#9955 = CARTESIAN_POINT('',(516.399133745,836.5668,151.289200808));
#9956 = CARTESIAN_POINT('',(516.399687954,836.1112,151.290493922));
#9957 = CARTESIAN_POINT('',(516.399874776,835.6556,151.291558036));
#9958 = CARTESIAN_POINT('',(516.399576509,835.2,151.292359588));
#9959 = CARTESIAN_POINT('',(517.550193662,837.478,150.96769114));
#9960 = CARTESIAN_POINT('',(517.550291478,837.0224,150.968190759));
#9961 = CARTESIAN_POINT('',(517.55047447,836.5668,150.968647965));
#9962 = CARTESIAN_POINT('',(517.550534321,836.1112,150.96906854));
#9963 = CARTESIAN_POINT('',(517.550481423,835.6556,150.969274658));
#9964 = CARTESIAN_POINT('',(517.550202795,835.2,150.969222489));
#9965 = CARTESIAN_POINT('',(518.174986619,837.478,150.855916384));
#9966 = CARTESIAN_POINT('',(518.175228877,837.0224,150.856313171));
#9967 = CARTESIAN_POINT('',(518.175228361,836.5668,150.856687307));
#9968 = CARTESIAN_POINT('',(518.175487789,836.1112,150.857087292));
#9969 = CARTESIAN_POINT('',(518.175283213,835.6556,150.857015274));
#9970 = CARTESIAN_POINT('',(518.175062895,835.2,150.856194497));
#9971 = CARTESIAN_POINT('',(518.806405226,837.478,150.799995184));
#9972 = CARTESIAN_POINT('',(518.806355935,837.0224,150.800013707));
#9973 = CARTESIAN_POINT('',(518.806465107,836.5668,150.79999664));
#9974 = CARTESIAN_POINT('',(518.806326317,836.1112,150.800015367));
#9975 = CARTESIAN_POINT('',(518.806438855,835.6556,150.800013118));
#9976 = CARTESIAN_POINT('',(518.806380396,835.2,150.799999146));
#9977 = CARTESIAN_POINT('',(519.437760881,837.478,150.800000216));
#9978 = CARTESIAN_POINT('',(519.437761593,837.0224,150.800000121));
#9979 = CARTESIAN_POINT('',(519.437760996,836.5668,150.800001887));
#9980 = CARTESIAN_POINT('',(519.437763454,836.1112,150.800002822));
#9981 = CARTESIAN_POINT('',(519.43775999,835.6556,150.800001551));
#9982 = CARTESIAN_POINT('',(519.437762503,835.2,150.800000207));
#9983 = DEFINITIONAL_REPRESENTATION('',(#9984),#10032);
#9984 = B_SPLINE_CURVE_WITH_KNOTS('',3,(#9985,#9986,#9987,#9988,#9989,
    #9990,#9991,#9992,#9993,#9994,#9995,#9996,#9997,#9998,#9999,#10000,
    #10001,#10002,#10003,#10004,#10005,#10006,#10007,#10008,#10009,
    #10010,#10011,#10012,#10013,#10014,#10015,#10016,#10017,#10018,
    #10019,#10020,#10021,#10022,#10023,#10024,#10025,#10026,#10027,
    #10028,#10029,#10030,#10031),.UNSPECIFIED.,.F.,.F.,(4,1,1,1,1,1,1,1,
    1,1,1,1,1,1,1,1,1,1,1,1,1,1,1,1,1,1,1,1,1,1,1,1,1,1,1,1,1,1,1,1,1,1,
    1,1,4),(0.,0.282014300702,0.564028601405,0.846042902107,
    1.128057202809,1.410071503511,1.692085804214,1.974100104916,
    2.256114405618,2.53812870632,2.820143007023,3.102157307725,
    3.384171608427,3.66618590913,3.948200209832,4.230214510534,
    4.512228811236,4.794243111939,5.076257412641,5.358271713343,
    5.640286014045,5.922300314748,6.20431461545,6.486328916152,
    6.768343216855,7.050357517557,7.332371818259,7.614386118961,
    7.896400419664,8.178414720366,8.460429021068,8.74244332177,
    9.024457622473,9.306471923175,9.588486223877,9.87050052458,
    10.152514825282,10.434529125984,10.716543426686,10.998557727389,
    11.280572028091,11.562586328793,11.844600629495,12.126614930198,
    12.4086292309),.UNSPECIFIED.);
#9985 = CARTESIAN_POINT('',(0.642948981276,-3.96983235854E-14));
#9986 = CARTESIAN_POINT('',(0.709495815435,-1.089474993883E-09));
#9987 = CARTESIAN_POINT('',(0.842593704842,-2.134143505697E-09));
#9988 = CARTESIAN_POINT('',(1.042247787026,-1.775911828091E-09));
#9989 = CARTESIAN_POINT('',(1.241903824249,1.027216774294E-09));
#9990 = CARTESIAN_POINT('',(1.441556095916,-1.947151712182E-10));
#9991 = CARTESIAN_POINT('',(1.641199476525,-8.660230610961E-09));
#9992 = CARTESIAN_POINT('',(1.840829969813,-2.382002238628E-08));
#9993 = CARTESIAN_POINT('',(2.040445317395,-4.043693859044E-08));
#9994 = CARTESIAN_POINT('',(2.240045326495,-5.143632345797E-08));
#9995 = CARTESIAN_POINT('',(2.439632683087,-5.226329443868E-08));
#9996 = CARTESIAN_POINT('',(2.639211510742,-5.274773645513E-08));
#9997 = CARTESIAN_POINT('',(2.838794055757,-6.570028348997E-08));
#9998 = CARTESIAN_POINT('',(3.038412608176,-7.474358683559E-08));
#9999 = CARTESIAN_POINT('',(3.238080953491,-7.549347297184E-08));
#10000 = CARTESIAN_POINT('',(3.437796947801,-7.035616319902E-08));
#10001 = CARTESIAN_POINT('',(3.637534976552,-6.828186991596E-08));
#10002 = CARTESIAN_POINT('',(3.83726644003,-6.753739384147E-08));
#10003 = CARTESIAN_POINT('',(4.036971141821,-6.694768279528E-08));
#10004 = CARTESIAN_POINT('',(4.236634575681,-6.607079382818E-08));
#10005 = CARTESIAN_POINT('',(4.436250125068,-6.387426621697E-08));
#10006 = CARTESIAN_POINT('',(4.635820442505,-5.927393200292E-08));
#10007 = CARTESIAN_POINT('',(4.835358189671,-5.184535663053E-08));
#10008 = CARTESIAN_POINT('',(5.034890962709,-4.505940146424E-08));
#10009 = CARTESIAN_POINT('',(5.234443029785,-3.774849236277E-08));
#10010 = CARTESIAN_POINT('',(5.434028616835,-2.898526421271E-08));
#10011 = CARTESIAN_POINT('',(5.633656769237,-1.968447998475E-08));
#10012 = CARTESIAN_POINT('',(5.833329894201,-1.100172432985E-08));
#10013 = CARTESIAN_POINT('',(6.033043634536,-4.01975385046E-09));
#10014 = CARTESIAN_POINT('',(6.232787179061,6.116576508386E-10));
#10015 = CARTESIAN_POINT('',(6.432540125954,2.801355872614E-09));
#10016 = CARTESIAN_POINT('',(6.632294920316,3.589929310821E-09));
#10017 = CARTESIAN_POINT('',(6.83204759515,3.577031730533E-09));
#10018 = CARTESIAN_POINT('',(7.031793797478,3.079106845557E-09));
#10019 = CARTESIAN_POINT('',(7.231529923022,2.291631779431E-09));
#10020 = CARTESIAN_POINT('',(7.431252913172,1.37194672625E-09));
#10021 = CARTESIAN_POINT('',(7.63096042512,4.708594764372E-10));
#10022 = CARTESIAN_POINT('',(7.830650908705,-2.70753163049E-10));
#10023 = CARTESIAN_POINT('',(8.030323736903,-7.38570902498E-10));
#10024 = CARTESIAN_POINT('',(8.229979260786,-8.808027770768E-10));
#10025 = CARTESIAN_POINT('',(8.429619151035,-7.302770608E-10));
#10026 = CARTESIAN_POINT('',(8.629245699301,-4.101142925777E-10));
#10027 = CARTESIAN_POINT('',(8.828865016807,-9.956453213804E-11));
#10028 = CARTESIAN_POINT('',(9.028475699961,4.720245865122E-11));
#10029 = CARTESIAN_POINT('',(9.228113035297,2.782426595071E-11));
#10030 = CARTESIAN_POINT('',(9.361202105791,3.077283452801E-13));
#10031 = CARTESIAN_POINT('',(9.42774408287,-4.00231888982E-14));
#10032 = ( GEOMETRIC_REPRESENTATION_CONTEXT(2) 
PARAMETRIC_REPRESENTATION_CONTEXT() REPRESENTATION_CONTEXT('2D SPACE',''
  ) );
#10033 = ORIENTED_EDGE('',*,*,#10034,.F.);
#10034 = EDGE_CURVE('',#10035,#9853,#10037,.T.);
#10035 = VERTEX_POINT('',#10036);
#10036 = CARTESIAN_POINT('',(526.113723275,837.478,150.799999999));
#10037 = SURFACE_CURVE('',#10038,(#10042,#10049),.PCURVE_S1.);
#10038 = LINE('',#10039,#10040);
#10039 = CARTESIAN_POINT('',(522.77574223,837.478,150.799999999));
#10040 = VECTOR('',#10041,1.);
#10041 = DIRECTION('',(-1.,0.,0.));
#10042 = PCURVE('',#6999,#10043);
#10043 = DEFINITIONAL_REPRESENTATION('',(#10044),#10048);
#10044 = LINE('',#10045,#10046);
#10045 = CARTESIAN_POINT('',(2.09587728511E+03,-10.699999999));
#10046 = VECTOR('',#10047,1.);
#10047 = DIRECTION('',(1.,0.));
#10048 = ( GEOMETRIC_REPRESENTATION_CONTEXT(2) 
PARAMETRIC_REPRESENTATION_CONTEXT() REPRESENTATION_CONTEXT('2D SPACE',''
  ) );
#10049 = PCURVE('',#10050,#10055);
#10050 = PLANE('',#10051);
#10051 = AXIS2_PLACEMENT_3D('',#10052,#10053,#10054);
#10052 = CARTESIAN_POINT('',(522.775742229,837.478,150.8));
#10053 = DIRECTION('',(0.,0.,1.));
#10054 = DIRECTION('',(1.,0.,-0.));
#10055 = DEFINITIONAL_REPRESENTATION('',(#10056),#10060);
#10056 = LINE('',#10057,#10058);
#10057 = CARTESIAN_POINT('',(9.999894245993E-10,0.));
#10058 = VECTOR('',#10059,1.);
#10059 = DIRECTION('',(-1.,0.));
#10060 = ( GEOMETRIC_REPRESENTATION_CONTEXT(2) 
PARAMETRIC_REPRESENTATION_CONTEXT() REPRESENTATION_CONTEXT('2D SPACE',''
  ) );
#10061 = ORIENTED_EDGE('',*,*,#10062,.T.);
#10062 = EDGE_CURVE('',#10035,#10063,#10065,.T.);
#10063 = VERTEX_POINT('',#10064);
#10064 = CARTESIAN_POINT('',(532.789685366,837.478,145.799999999));
#10065 = SURFACE_CURVE('',#10066,(#10082,#10101),.PCURVE_S1.);
#10066 = B_SPLINE_CURVE_WITH_KNOTS('',5,(#10067,#10068,#10069,#10070,
    #10071,#10072,#10073,#10074,#10075,#10076,#10077,#10078,#10079,
    #10080,#10081),.UNSPECIFIED.,.F.,.F.,(6,3,3,3,6),(0.,5.8820232809,
    9.16281426161,11.9904992973,13.0553555379),.UNSPECIFIED.);
#10067 = CARTESIAN_POINT('',(526.113723275,837.478,150.799999999));
#10068 = CARTESIAN_POINT('',(526.943926378,837.478,150.799999999));
#10069 = CARTESIAN_POINT('',(527.774128769,837.478,150.70334574));
#10070 = CARTESIAN_POINT('',(528.589811656,837.478,150.51000225));
#10071 = CARTESIAN_POINT('',(529.813550114,837.478,150.050299222));
#10072 = CARTESIAN_POINT('',(530.891133609,837.478,149.325111697));
#10073 = CARTESIAN_POINT('',(531.253052535,837.478,149.030030484));
#10074 = CARTESIAN_POINT('',(531.86566757,837.478,148.414017311));
#10075 = CARTESIAN_POINT('',(532.329716934,837.478,147.681576444));
#10076 = CARTESIAN_POINT('',(532.506121003,837.478,147.319191664));
#10077 = CARTESIAN_POINT('',(532.684659033,837.478,146.794795932));
#10078 = CARTESIAN_POINT('',(532.766989198,837.478,146.250988768));
#10079 = CARTESIAN_POINT('',(532.782145197,837.478,146.100592674));
#10080 = CARTESIAN_POINT('',(532.789685366,837.478,145.950296405));
#10081 = CARTESIAN_POINT('',(532.789685366,837.478,145.799999999));
#10082 = PCURVE('',#6999,#10083);
#10083 = DEFINITIONAL_REPRESENTATION('',(#10084),#10100);
#10084 = B_SPLINE_CURVE_WITH_KNOTS('',5,(#10085,#10086,#10087,#10088,
    #10089,#10090,#10091,#10092,#10093,#10094,#10095,#10096,#10097,
    #10098,#10099),.UNSPECIFIED.,.F.,.F.,(6,3,3,3,6),(0.,5.8820232809,
    9.16281426161,11.9904992973,13.0553555379),.UNSPECIFIED.);
#10085 = CARTESIAN_POINT('',(2.092539304065E+03,-10.699999999));
#10086 = CARTESIAN_POINT('',(2.091709100962E+03,-10.699999999));
#10087 = CARTESIAN_POINT('',(2.090878898571E+03,-10.60334574));
#10088 = CARTESIAN_POINT('',(2.090063215684E+03,-10.41000225));
#10089 = CARTESIAN_POINT('',(2.088839477226E+03,-9.950299222));
#10090 = CARTESIAN_POINT('',(2.087761893731E+03,-9.225111697));
#10091 = CARTESIAN_POINT('',(2.087399974805E+03,-8.930030484));
#10092 = CARTESIAN_POINT('',(2.08678735977E+03,-8.314017311));
#10093 = CARTESIAN_POINT('',(2.086323310406E+03,-7.581576444));
#10094 = CARTESIAN_POINT('',(2.086146906337E+03,-7.219191664));
#10095 = CARTESIAN_POINT('',(2.085968368307E+03,-6.694795932));
#10096 = CARTESIAN_POINT('',(2.085886038142E+03,-6.150988768));
#10097 = CARTESIAN_POINT('',(2.085870882143E+03,-6.000592674));
#10098 = CARTESIAN_POINT('',(2.085863341974E+03,-5.850296405));
#10099 = CARTESIAN_POINT('',(2.085863341974E+03,-5.699999999));
#10100 = ( GEOMETRIC_REPRESENTATION_CONTEXT(2) 
PARAMETRIC_REPRESENTATION_CONTEXT() REPRESENTATION_CONTEXT('2D SPACE',''
  ) );
#10101 = PCURVE('',#10102,#10118);
#10102 = SURFACE_OF_LINEAR_EXTRUSION('',#10103,#10116);
#10103 = B_SPLINE_CURVE_WITH_KNOTS('',5,(#10104,#10105,#10106,#10107,
    #10108,#10109,#10110,#10111,#10112,#10113,#10114,#10115),
  .UNSPECIFIED.,.F.,.F.,(6,3,3,6),(0.,3.29238761607,6.1007845923,
    9.27905824484),.UNSPECIFIED.);
#10104 = CARTESIAN_POINT('',(532.789685366,837.478,145.8));
#10105 = CARTESIAN_POINT('',(532.789685366,837.478,146.454036255));
#10106 = CARTESIAN_POINT('',(532.646898746,837.478,147.108071162));
#10107 = CARTESIAN_POINT('',(532.361452314,837.478,147.717123351));
#10108 = CARTESIAN_POINT('',(531.653383047,837.478,148.717978755));
#10109 = CARTESIAN_POINT('',(530.698304152,837.478,149.480571989));
#10110 = CARTESIAN_POINT('',(530.221987183,837.478,149.780059887));
#10111 = CARTESIAN_POINT('',(529.153503871,837.478,150.313273598));
#10112 = CARTESIAN_POINT('',(528.00134811,837.478,150.632295678));
#10113 = CARTESIAN_POINT('',(527.376457846,837.478,150.744099384));
#10114 = CARTESIAN_POINT('',(526.745090671,837.478,150.8));
#10115 = CARTESIAN_POINT('',(526.113723275,837.478,150.8));
#10116 = VECTOR('',#10117,1.);
#10117 = DIRECTION('',(-0.,-1.,-0.));
#10118 = DEFINITIONAL_REPRESENTATION('',(#10119),#10167);
#10119 = B_SPLINE_CURVE_WITH_KNOTS('',3,(#10120,#10121,#10122,#10123,
    #10124,#10125,#10126,#10127,#10128,#10129,#10130,#10131,#10132,
    #10133,#10134,#10135,#10136,#10137,#10138,#10139,#10140,#10141,
    #10142,#10143,#10144,#10145,#10146,#10147,#10148,#10149,#10150,
    #10151,#10152,#10153,#10154,#10155,#10156,#10157,#10158,#10159,
    #10160,#10161,#10162,#10163,#10164,#10165,#10166),.UNSPECIFIED.,.F.,
  .F.,(4,1,1,1,1,1,1,1,1,1,1,1,1,1,1,1,1,1,1,1,1,1,1,1,1,1,1,1,1,1,1,1,1
    ,1,1,1,1,1,1,1,1,1,1,1,4),(0.,0.296712625861,0.593425251723,
    0.890137877584,1.186850503445,1.483563129307,1.780275755168,
    2.07698838103,2.373701006891,2.670413632752,2.967126258614,
    3.263838884475,3.560551510336,3.857264136198,4.153976762059,
    4.45068938792,4.747402013782,5.044114639643,5.340827265505,
    5.637539891366,5.934252517227,6.230965143089,6.52767776895,
    6.824390394811,7.121103020673,7.417815646534,7.714528272395,
    8.011240898257,8.307953524118,8.60466614998,8.901378775841,
    9.198091401702,9.494804027564,9.791516653425,10.088229279286,
    10.384941905148,10.681654531009,10.97836715687,11.275079782732,
    11.571792408593,11.868505034455,12.165217660316,12.461930286177,
    12.758642912039,13.0553555379),.UNSPECIFIED.);
#10120 = CARTESIAN_POINT('',(9.27905824484,0.));
#10121 = CARTESIAN_POINT('',(9.208786390353,0.));
#10122 = CARTESIAN_POINT('',(9.06824262139,-2.200673970325E-16));
#10123 = CARTESIAN_POINT('',(8.857425514719,7.702358896139E-16));
#10124 = CARTESIAN_POINT('',(8.646605596727,-2.860876161423E-15));
#10125 = CARTESIAN_POINT('',(8.435781806253,1.067326875608E-14));
#10126 = CARTESIAN_POINT('',(8.224953294115,-3.983219886289E-14));
#10127 = CARTESIAN_POINT('',(8.014119463853,1.486555266955E-13));
#10128 = CARTESIAN_POINT('',(7.803279979327,1.273311184107E-13));
#10129 = CARTESIAN_POINT('',(7.59243478161,2.41410259916E-14));
#10130 = CARTESIAN_POINT('',(7.381584103678,-2.238952223771E-13));
#10131 = CARTESIAN_POINT('',(7.170728485622,1.89318837187E-13));
#10132 = CARTESIAN_POINT('',(6.959868789825,1.487408999589E-13));
#10133 = CARTESIAN_POINT('',(6.74900621414,-1.021614106928E-13));
#10134 = CARTESIAN_POINT('',(6.538142309533,2.599047428124E-13));
#10135 = CARTESIAN_POINT('',(6.327278975639,-2.553365342271E-13));
#10136 = CARTESIAN_POINT('',(6.116418530569,7.932036776615E-14));
#10137 = CARTESIAN_POINT('',(5.905563491685,-6.194493683753E-14));
#10138 = CARTESIAN_POINT('',(5.69472954221,1.68459379584E-13));
#10139 = CARTESIAN_POINT('',(5.483921978709,-6.118925814984E-13));
#10140 = CARTESIAN_POINT('',(5.273135562384,2.327478674205E-13));
#10141 = CARTESIAN_POINT('',(5.062355700461,-3.190988881837E-13));
#10142 = CARTESIAN_POINT('',(4.851556689747,3.615266589844E-13));
#10143 = CARTESIAN_POINT('',(4.640714924439,-4.448867214243E-13));
#10144 = CARTESIAN_POINT('',(4.429819205285,5.377817405322E-14));
#10145 = CARTESIAN_POINT('',(4.218867271951,2.297740252114E-13));
#10146 = CARTESIAN_POINT('',(4.007864924253,-2.90753248569E-13));
#10147 = CARTESIAN_POINT('',(3.796824595447,2.511179427348E-13));
#10148 = CARTESIAN_POINT('',(3.585764049129,-3.159749604058E-14));
#10149 = CARTESIAN_POINT('',(3.374705775521,-1.247279585725E-13));
#10150 = CARTESIAN_POINT('',(3.163674242557,-1.516116959992E-13));
#10151 = CARTESIAN_POINT('',(2.952705051177,4.905371623959E-14));
#10152 = CARTESIAN_POINT('',(2.741805189635,-4.460316895916E-14));
#10153 = CARTESIAN_POINT('',(2.53094700685,1.293589595971E-13));
#10154 = CARTESIAN_POINT('',(2.32011323271,2.092883569006E-13));
#10155 = CARTESIAN_POINT('',(2.109288897795,-2.843913608698E-13));
#10156 = CARTESIAN_POINT('',(1.898461379559,2.461560602487E-13));
#10157 = CARTESIAN_POINT('',(1.687620790972,-1.811185379552E-14));
#10158 = CARTESIAN_POINT('',(1.476761051071,-1.737086450666E-13));
#10159 = CARTESIAN_POINT('',(1.265878848708,3.082540773241E-14));
#10160 = CARTESIAN_POINT('',(1.054981181416,5.040701413703E-14));
#10161 = CARTESIAN_POINT('',(0.844061272628,-2.324534642805E-13));
#10162 = CARTESIAN_POINT('',(0.633192603185,1.972858166553E-13));
#10163 = CARTESIAN_POINT('',(0.422053582724,1.254312239889E-13));
#10164 = CARTESIAN_POINT('',(0.210866223436,-1.688968628133E-14));
#10165 = CARTESIAN_POINT('',(7.023269980305E-02,-4.421154800285E-14));
#10166 = CARTESIAN_POINT('',(0.,0.));
#10167 = ( GEOMETRIC_REPRESENTATION_CONTEXT(2) 
PARAMETRIC_REPRESENTATION_CONTEXT() REPRESENTATION_CONTEXT('2D SPACE',''
  ) );
#10168 = ORIENTED_EDGE('',*,*,#10169,.T.);
#10169 = EDGE_CURVE('',#10063,#10170,#10172,.T.);
#10170 = VERTEX_POINT('',#10171);
#10171 = CARTESIAN_POINT('',(532.789685366,837.478,134.1));
#10172 = SURFACE_CURVE('',#10173,(#10177,#10184),.PCURVE_S1.);
#10173 = LINE('',#10174,#10175);
#10174 = CARTESIAN_POINT('',(532.789685366,837.478,139.95));
#10175 = VECTOR('',#10176,1.);
#10176 = DIRECTION('',(0.,0.,-1.));
#10177 = PCURVE('',#6999,#10178);
#10178 = DEFINITIONAL_REPRESENTATION('',(#10179),#10183);
#10179 = LINE('',#10180,#10181);
#10180 = CARTESIAN_POINT('',(2.085863341974E+03,0.15));
#10181 = VECTOR('',#10182,1.);
#10182 = DIRECTION('',(0.,1.));
#10183 = ( GEOMETRIC_REPRESENTATION_CONTEXT(2) 
PARAMETRIC_REPRESENTATION_CONTEXT() REPRESENTATION_CONTEXT('2D SPACE',''
  ) );
#10184 = PCURVE('',#10185,#10190);
#10185 = PLANE('',#10186);
#10186 = AXIS2_PLACEMENT_3D('',#10187,#10188,#10189);
#10187 = CARTESIAN_POINT('',(532.789685366,837.478,139.95));
#10188 = DIRECTION('',(-1.,0.,0.));
#10189 = DIRECTION('',(0.,1.,0.));
#10190 = DEFINITIONAL_REPRESENTATION('',(#10191),#10195);
#10191 = LINE('',#10192,#10193);
#10192 = CARTESIAN_POINT('',(0.,0.));
#10193 = VECTOR('',#10194,1.);
#10194 = DIRECTION('',(0.,1.));
#10195 = ( GEOMETRIC_REPRESENTATION_CONTEXT(2) 
PARAMETRIC_REPRESENTATION_CONTEXT() REPRESENTATION_CONTEXT('2D SPACE',''
  ) );
#10196 = ORIENTED_EDGE('',*,*,#10197,.T.);
#10197 = EDGE_CURVE('',#10170,#10198,#10200,.T.);
#10198 = VERTEX_POINT('',#10199);
#10199 = CARTESIAN_POINT('',(526.113723275,837.478,129.1));
#10200 = SURFACE_CURVE('',#10201,(#10217,#10236),.PCURVE_S1.);
#10201 = B_SPLINE_CURVE_WITH_KNOTS('',5,(#10202,#10203,#10204,#10205,
    #10206,#10207,#10208,#10209,#10210,#10211,#10212,#10213,#10214,
    #10215,#10216),.UNSPECIFIED.,.F.,.F.,(6,3,3,3,6),(0.,2.73543604377,
    6.66811023288,12.4674792269,13.0562000196),.UNSPECIFIED.);
#10202 = CARTESIAN_POINT('',(532.789685366,837.478,134.1));
#10203 = CARTESIAN_POINT('',(532.789685366,837.478,133.713939064));
#10204 = CARTESIAN_POINT('',(532.739935076,837.478,133.32787903));
#10205 = CARTESIAN_POINT('',(532.640396809,837.478,132.950781284));
#10206 = CARTESIAN_POINT('',(532.290267663,837.478,132.07112998));
#10207 = CARTESIAN_POINT('',(531.716065493,837.478,131.310496156));
#10208 = CARTESIAN_POINT('',(531.317473777,837.478,130.913077342));
#10209 = CARTESIAN_POINT('',(530.230839648,837.478,130.058440834));
#10210 = CARTESIAN_POINT('',(528.955070618,837.478,129.507426656));
#10211 = CARTESIAN_POINT('',(528.159851812,837.478,129.280106186));
#10212 = CARTESIAN_POINT('',(527.264075649,837.478,129.13442689));
#10213 = CARTESIAN_POINT('',(526.362991269,837.478,129.102904894));
#10214 = CARTESIAN_POINT('',(526.279899407,837.478,129.100968121));
#10215 = CARTESIAN_POINT('',(526.196811345,837.478,129.1));
#10216 = CARTESIAN_POINT('',(526.113723275,837.478,129.1));
#10217 = PCURVE('',#6999,#10218);
#10218 = DEFINITIONAL_REPRESENTATION('',(#10219),#10235);
#10219 = B_SPLINE_CURVE_WITH_KNOTS('',5,(#10220,#10221,#10222,#10223,
    #10224,#10225,#10226,#10227,#10228,#10229,#10230,#10231,#10232,
    #10233,#10234),.UNSPECIFIED.,.F.,.F.,(6,3,3,3,6),(0.,2.73543604377,
    6.66811023288,12.4674792269,13.0562000196),.UNSPECIFIED.);
#10220 = CARTESIAN_POINT('',(2.085863341974E+03,6.));
#10221 = CARTESIAN_POINT('',(2.085863341974E+03,6.386060936));
#10222 = CARTESIAN_POINT('',(2.085913092264E+03,6.77212097));
#10223 = CARTESIAN_POINT('',(2.086012630531E+03,7.149218716));
#10224 = CARTESIAN_POINT('',(2.086362759677E+03,8.02887002));
#10225 = CARTESIAN_POINT('',(2.086936961847E+03,8.789503844));
#10226 = CARTESIAN_POINT('',(2.087335553563E+03,9.186922658));
#10227 = CARTESIAN_POINT('',(2.088422187692E+03,10.041559166));
#10228 = CARTESIAN_POINT('',(2.089697956722E+03,10.592573344));
#10229 = CARTESIAN_POINT('',(2.090493175528E+03,10.819893814));
#10230 = CARTESIAN_POINT('',(2.091388951691E+03,10.96557311));
#10231 = CARTESIAN_POINT('',(2.092290036071E+03,10.997095106));
#10232 = CARTESIAN_POINT('',(2.092373127933E+03,10.999031879));
#10233 = CARTESIAN_POINT('',(2.092456215995E+03,11.));
#10234 = CARTESIAN_POINT('',(2.092539304065E+03,11.));
#10235 = ( GEOMETRIC_REPRESENTATION_CONTEXT(2) 
PARAMETRIC_REPRESENTATION_CONTEXT() REPRESENTATION_CONTEXT('2D SPACE',''
  ) );
#10236 = PCURVE('',#10237,#10253);
#10237 = SURFACE_OF_LINEAR_EXTRUSION('',#10238,#10251);
#10238 = B_SPLINE_CURVE_WITH_KNOTS('',5,(#10239,#10240,#10241,#10242,
    #10243,#10244,#10245,#10246,#10247,#10248,#10249,#10250),
  .UNSPECIFIED.,.F.,.F.,(6,3,3,6),(0.,3.29238761679,6.10078459235,
    9.27905824456),.UNSPECIFIED.);
#10239 = CARTESIAN_POINT('',(532.789685366,837.478,134.1));
#10240 = CARTESIAN_POINT('',(532.789685366,837.478,133.445963745));
#10241 = CARTESIAN_POINT('',(532.646898746,837.478,132.791928838));
#10242 = CARTESIAN_POINT('',(532.361452314,837.478,132.182876649));
#10243 = CARTESIAN_POINT('',(531.653383047,837.478,131.182021245));
#10244 = CARTESIAN_POINT('',(530.698304152,837.478,130.419428012));
#10245 = CARTESIAN_POINT('',(530.221987183,837.478,130.119940113));
#10246 = CARTESIAN_POINT('',(529.153503871,837.478,129.586726402));
#10247 = CARTESIAN_POINT('',(528.00134811,837.478,129.267704323));
#10248 = CARTESIAN_POINT('',(527.376457846,837.478,129.155900616));
#10249 = CARTESIAN_POINT('',(526.745090671,837.478,129.1));
#10250 = CARTESIAN_POINT('',(526.113723275,837.478,129.1));
#10251 = VECTOR('',#10252,1.);
#10252 = DIRECTION('',(-0.,-1.,-0.));
#10253 = DEFINITIONAL_REPRESENTATION('',(#10254),#10302);
#10254 = B_SPLINE_CURVE_WITH_KNOTS('',3,(#10255,#10256,#10257,#10258,
    #10259,#10260,#10261,#10262,#10263,#10264,#10265,#10266,#10267,
    #10268,#10269,#10270,#10271,#10272,#10273,#10274,#10275,#10276,
    #10277,#10278,#10279,#10280,#10281,#10282,#10283,#10284,#10285,
    #10286,#10287,#10288,#10289,#10290,#10291,#10292,#10293,#10294,
    #10295,#10296,#10297,#10298,#10299,#10300,#10301),.UNSPECIFIED.,.F.,
  .F.,(4,1,1,1,1,1,1,1,1,1,1,1,1,1,1,1,1,1,1,1,1,1,1,1,1,1,1,1,1,1,1,1,1
    ,1,1,1,1,1,1,1,1,1,1,1,4),(0.,0.296731818627,0.593463637255,
    0.890195455882,1.186927274509,1.483659093136,1.780390911764,
    2.077122730391,2.373854549018,2.670586367645,2.967318186273,
    3.2640500049,3.560781823527,3.857513642155,4.154245460782,
    4.450977279409,4.747709098036,5.044440916664,5.341172735291,
    5.637904553918,5.934636372545,6.231368191173,6.5281000098,
    6.824831828427,7.121563647055,7.418295465682,7.715027284309,
    8.011759102936,8.308490921564,8.605222740191,8.901954558818,
    9.198686377445,9.495418196073,9.7921500147,10.088881833327,
    10.385613651955,10.682345470582,10.979077289209,11.275809107836,
    11.572540926464,11.869272745091,12.166004563718,12.462736382345,
    12.759468200973,13.0562000196),.UNSPECIFIED.);
#10255 = CARTESIAN_POINT('',(0.,0.));
#10256 = CARTESIAN_POINT('',(7.027091104317E-02,-1.263187085796E-14));
#10257 = CARTESIAN_POINT('',(0.210816264798,-9.072692709884E-15));
#10258 = CARTESIAN_POINT('',(0.421648482635,5.070223077153E-14));
#10259 = CARTESIAN_POINT('',(0.632502263516,-1.937362303762E-13));
#10260 = CARTESIAN_POINT('',(0.843371740533,4.21216644037E-14));
#10261 = CARTESIAN_POINT('',(1.054245997944,2.524957276144E-14));
#10262 = CARTESIAN_POINT('',(1.265110860466,-1.431199554495E-13));
#10263 = CARTESIAN_POINT('',(1.475952621214,-1.348907772933E-13));
#10264 = CARTESIAN_POINT('',(1.686760606656,5.620382928499E-16));
#10265 = CARTESIAN_POINT('',(1.897531398014,-5.494784022078E-13));
#10266 = CARTESIAN_POINT('',(2.108265571437,1.509884915494E-13));
#10267 = CARTESIAN_POINT('',(2.319010169716,-5.447556398963E-14));
#10268 = CARTESIAN_POINT('',(2.529812914603,6.691376440916E-14));
#10269 = CARTESIAN_POINT('',(2.740706161682,-2.13179493647E-13));
#10270 = CARTESIAN_POINT('',(2.951705578351,1.036831838492E-13));
#10271 = CARTESIAN_POINT('',(3.16280531085,-2.015532417497E-13));
#10272 = CARTESIAN_POINT('',(3.373970479638,2.040875681999E-14));
#10273 = CARTESIAN_POINT('',(3.5851437439,1.199182144698E-13));
#10274 = CARTESIAN_POINT('',(3.796285363532,1.820394116307E-13));
#10275 = CARTESIAN_POINT('',(4.007364518927,-1.659548346629E-13));
#10276 = CARTESIAN_POINT('',(4.218362470568,-2.003410993089E-13));
#10277 = CARTESIAN_POINT('',(4.429273999312,2.851982055688E-13));
#10278 = CARTESIAN_POINT('',(4.640108678024,-2.583306966366E-13));
#10279 = CARTESIAN_POINT('',(4.850895999908,6.600355464787E-14));
#10280 = CARTESIAN_POINT('',(5.061673890537,-5.683521954873E-15));
#10281 = CARTESIAN_POINT('',(5.27246613299,-4.326946682837E-14));
#10282 = CARTESIAN_POINT('',(5.483289662118,1.787613892684E-13));
#10283 = CARTESIAN_POINT('',(5.694152468727,1.034493608464E-14));
#10284 = CARTESIAN_POINT('',(5.905053653056,-2.201411336069E-13));
#10285 = CARTESIAN_POINT('',(6.115982651301,1.880985720133E-13));
#10286 = CARTESIAN_POINT('',(6.326919180008,1.498678718834E-13));
#10287 = CARTESIAN_POINT('',(6.537856843594,-1.054490332173E-13));
#10288 = CARTESIAN_POINT('',(6.748790159566,2.719282609858E-13));
#10289 = CARTESIAN_POINT('',(6.959714729436,-3.001429843961E-13));
#10290 = CARTESIAN_POINT('',(7.170627162801,2.46522650269E-13));
#10291 = CARTESIAN_POINT('',(7.381525073577,-3.826590350087E-15));
#10292 = CARTESIAN_POINT('',(7.592407059428,-2.312162888686E-13));
#10293 = CARTESIAN_POINT('',(7.803272706496,2.465707194949E-13));
#10294 = CARTESIAN_POINT('',(8.014122543113,-7.294556278117E-14));
#10295 = CARTESIAN_POINT('',(8.22495820738,4.521153162982E-14));
#10296 = CARTESIAN_POINT('',(8.435781845902,-1.079005637381E-13));
#10297 = CARTESIAN_POINT('',(8.646598409349,3.863907233225E-13));
#10298 = CARTESIAN_POINT('',(8.857407163904,6.087007494372E-13));
#10299 = CARTESIAN_POINT('',(9.068233475248,-9.270961575231E-14));
#10300 = CARTESIAN_POINT('',(9.208784007344,-1.894780628694E-13));
#10301 = CARTESIAN_POINT('',(9.27905824456,0.));
#10302 = ( GEOMETRIC_REPRESENTATION_CONTEXT(2) 
PARAMETRIC_REPRESENTATION_CONTEXT() REPRESENTATION_CONTEXT('2D SPACE',''
  ) );
#10303 = ORIENTED_EDGE('',*,*,#10304,.T.);
#10304 = EDGE_CURVE('',#10198,#10305,#10307,.T.);
#10305 = VERTEX_POINT('',#10306);
#10306 = CARTESIAN_POINT('',(519.437761185,837.478,129.1));
#10307 = SURFACE_CURVE('',#10308,(#10312,#10319),.PCURVE_S1.);
#10308 = LINE('',#10309,#10310);
#10309 = CARTESIAN_POINT('',(522.77574223,837.478,129.1));
#10310 = VECTOR('',#10311,1.);
#10311 = DIRECTION('',(-1.,0.,0.));
#10312 = PCURVE('',#6999,#10313);
#10313 = DEFINITIONAL_REPRESENTATION('',(#10314),#10318);
#10314 = LINE('',#10315,#10316);
#10315 = CARTESIAN_POINT('',(2.09587728511E+03,11.));
#10316 = VECTOR('',#10317,1.);
#10317 = DIRECTION('',(1.,0.));
#10318 = ( GEOMETRIC_REPRESENTATION_CONTEXT(2) 
PARAMETRIC_REPRESENTATION_CONTEXT() REPRESENTATION_CONTEXT('2D SPACE',''
  ) );
#10319 = PCURVE('',#10320,#10325);
#10320 = PLANE('',#10321);
#10321 = AXIS2_PLACEMENT_3D('',#10322,#10323,#10324);
#10322 = CARTESIAN_POINT('',(522.775742229,837.478,129.1));
#10323 = DIRECTION('',(3.64397113929E-17,-0.,1.));
#10324 = DIRECTION('',(1.,0.,-3.64397113929E-17));
#10325 = DEFINITIONAL_REPRESENTATION('',(#10326),#10330);
#10326 = LINE('',#10327,#10328);
#10327 = CARTESIAN_POINT('',(9.999894245993E-10,0.));
#10328 = VECTOR('',#10329,1.);
#10329 = DIRECTION('',(-1.,0.));
#10330 = ( GEOMETRIC_REPRESENTATION_CONTEXT(2) 
PARAMETRIC_REPRESENTATION_CONTEXT() REPRESENTATION_CONTEXT('2D SPACE',''
  ) );
#10331 = ORIENTED_EDGE('',*,*,#10332,.T.);
#10332 = EDGE_CURVE('',#10305,#10333,#10335,.T.);
#10333 = VERTEX_POINT('',#10334);
#10334 = CARTESIAN_POINT('',(512.761799093,837.478,124.1));
#10335 = SURFACE_CURVE('',#10336,(#10352,#10371),.PCURVE_S1.);
#10336 = B_SPLINE_CURVE_WITH_KNOTS('',5,(#10337,#10338,#10339,#10340,
    #10341,#10342,#10343,#10344,#10345,#10346,#10347,#10348,#10349,
    #10350,#10351),.UNSPECIFIED.,.F.,.F.,(6,3,3,3,6),(0.,5.88202326531,
    9.16281424263,11.9904992809,13.0553555253),.UNSPECIFIED.);
#10337 = CARTESIAN_POINT('',(519.437761185,837.478,129.1));
#10338 = CARTESIAN_POINT('',(518.607558086,837.478,129.1));
#10339 = CARTESIAN_POINT('',(517.777355699,837.478,129.003345741));
#10340 = CARTESIAN_POINT('',(516.9616728,837.478,128.81000225));
#10341 = CARTESIAN_POINT('',(515.73793435,837.478,128.350299226));
#10342 = CARTESIAN_POINT('',(514.660350851,837.478,127.625111698));
#10343 = CARTESIAN_POINT('',(514.298431919,837.478,127.330030484));
#10344 = CARTESIAN_POINT('',(513.685816887,837.478,126.714017311));
#10345 = CARTESIAN_POINT('',(513.221767523,837.478,125.981576444));
#10346 = CARTESIAN_POINT('',(513.045363455,837.478,125.619191659));
#10347 = CARTESIAN_POINT('',(512.866825424,837.478,125.094795928));
#10348 = CARTESIAN_POINT('',(512.784495261,837.478,124.550988768));
#10349 = CARTESIAN_POINT('',(512.769339261,837.478,124.400592675));
#10350 = CARTESIAN_POINT('',(512.761799093,837.478,124.250296406));
#10351 = CARTESIAN_POINT('',(512.761799093,837.478,124.1));
#10352 = PCURVE('',#6999,#10353);
#10353 = DEFINITIONAL_REPRESENTATION('',(#10354),#10370);
#10354 = B_SPLINE_CURVE_WITH_KNOTS('',5,(#10355,#10356,#10357,#10358,
    #10359,#10360,#10361,#10362,#10363,#10364,#10365,#10366,#10367,
    #10368,#10369),.UNSPECIFIED.,.F.,.F.,(6,3,3,3,6),(0.,5.88202326531,
    9.16281424263,11.9904992809,13.0553555253),.UNSPECIFIED.);
#10355 = CARTESIAN_POINT('',(2.099215266155E+03,11.));
#10356 = CARTESIAN_POINT('',(2.100045469254E+03,11.));
#10357 = CARTESIAN_POINT('',(2.100875671641E+03,11.096654259));
#10358 = CARTESIAN_POINT('',(2.10169135454E+03,11.28999775));
#10359 = CARTESIAN_POINT('',(2.10291509299E+03,11.749700774));
#10360 = CARTESIAN_POINT('',(2.103992676489E+03,12.474888302));
#10361 = CARTESIAN_POINT('',(2.104354595421E+03,12.769969516));
#10362 = CARTESIAN_POINT('',(2.104967210453E+03,13.385982689));
#10363 = CARTESIAN_POINT('',(2.105431259817E+03,14.118423556));
#10364 = CARTESIAN_POINT('',(2.105607663885E+03,14.480808341));
#10365 = CARTESIAN_POINT('',(2.105786201916E+03,15.005204072));
#10366 = CARTESIAN_POINT('',(2.105868532079E+03,15.549011232));
#10367 = CARTESIAN_POINT('',(2.105883688079E+03,15.699407325));
#10368 = CARTESIAN_POINT('',(2.105891228247E+03,15.849703594));
#10369 = CARTESIAN_POINT('',(2.105891228247E+03,16.));
#10370 = ( GEOMETRIC_REPRESENTATION_CONTEXT(2) 
PARAMETRIC_REPRESENTATION_CONTEXT() REPRESENTATION_CONTEXT('2D SPACE',''
  ) );
#10371 = PCURVE('',#10372,#10388);
#10372 = SURFACE_OF_LINEAR_EXTRUSION('',#10373,#10386);
#10373 = B_SPLINE_CURVE_WITH_KNOTS('',5,(#10374,#10375,#10376,#10377,
    #10378,#10379,#10380,#10381,#10382,#10383,#10384,#10385),
  .UNSPECIFIED.,.F.,.F.,(6,3,3,6),(0.,3.29238761359,6.10078459194,
    9.27905824528),.UNSPECIFIED.);
#10374 = CARTESIAN_POINT('',(512.761799092,837.478,124.1));
#10375 = CARTESIAN_POINT('',(512.761799092,837.478,124.754036254));
#10376 = CARTESIAN_POINT('',(512.904585712,837.478,125.408071161));
#10377 = CARTESIAN_POINT('',(513.190032145,837.478,126.017123352));
#10378 = CARTESIAN_POINT('',(513.898101412,837.478,127.017978756));
#10379 = CARTESIAN_POINT('',(514.853180307,837.478,127.780571989));
#10380 = CARTESIAN_POINT('',(515.329497275,837.478,128.080059886));
#10381 = CARTESIAN_POINT('',(516.397980587,837.478,128.613273598));
#10382 = CARTESIAN_POINT('',(517.550136348,837.478,128.932295677));
#10383 = CARTESIAN_POINT('',(518.175026613,837.478,129.044099384));
#10384 = CARTESIAN_POINT('',(518.806393787,837.478,129.1));
#10385 = CARTESIAN_POINT('',(519.437761184,837.478,129.1));
#10386 = VECTOR('',#10387,1.);
#10387 = DIRECTION('',(-0.,-1.,-0.));
#10388 = DEFINITIONAL_REPRESENTATION('',(#10389),#10437);
#10389 = B_SPLINE_CURVE_WITH_KNOTS('',3,(#10390,#10391,#10392,#10393,
    #10394,#10395,#10396,#10397,#10398,#10399,#10400,#10401,#10402,
    #10403,#10404,#10405,#10406,#10407,#10408,#10409,#10410,#10411,
    #10412,#10413,#10414,#10415,#10416,#10417,#10418,#10419,#10420,
    #10421,#10422,#10423,#10424,#10425,#10426,#10427,#10428,#10429,
    #10430,#10431,#10432,#10433,#10434,#10435,#10436),.UNSPECIFIED.,.F.,
  .F.,(4,1,1,1,1,1,1,1,1,1,1,1,1,1,1,1,1,1,1,1,1,1,1,1,1,1,1,1,1,1,1,1,1
    ,1,1,1,1,1,1,1,1,1,1,1,4),(0.,0.296712625575,0.59342525115,
    0.890137876725,1.1868505023,1.483563127875,1.78027575345,
    2.076988379025,2.3737010046,2.670413630175,2.96712625575,
    3.263838881325,3.5605515069,3.857264132475,4.15397675805,
    4.450689383625,4.7474020092,5.044114634775,5.34082726035,
    5.637539885925,5.9342525115,6.230965137075,6.52767776265,
    6.824390388225,7.1211030138,7.417815639375,7.71452826495,
    8.011240890525,8.3079535161,8.604666141675,8.90137876725,
    9.198091392825,9.4948040184,9.791516643975,10.08822926955,
    10.384941895125,10.6816545207,10.978367146275,11.27507977185,
    11.571792397425,11.868505023,12.165217648575,12.46193027415,
    12.758642899725,13.0553555253),.QUASI_UNIFORM_KNOTS.);
#10390 = CARTESIAN_POINT('',(9.27905824528,0.));
#10391 = CARTESIAN_POINT('',(9.208786391732,0.));
#10392 = CARTESIAN_POINT('',(9.068242623923,-8.010597006327E-17));
#10393 = CARTESIAN_POINT('',(8.857425517674,2.803708952214E-16));
#10394 = CARTESIAN_POINT('',(8.646605600147,-1.041377610823E-15));
#10395 = CARTESIAN_POINT('',(8.435781809808,3.885139548069E-15));
#10396 = CARTESIAN_POINT('',(8.224953297586,-1.449918058145E-14));
#10397 = CARTESIAN_POINT('',(8.014119467016,5.411158277774E-14));
#10398 = CARTESIAN_POINT('',(7.803279981999,-2.019471505295E-13));
#10399 = CARTESIAN_POINT('',(7.592434783649,7.155599301058E-14));
#10400 = CARTESIAN_POINT('',(7.381584104988,-8.427682151281E-14));
#10401 = CARTESIAN_POINT('',(7.170728486155,2.655512930407E-13));
#10402 = CARTESIAN_POINT('',(6.959868789584,-2.958073243202E-13));
#10403 = CARTESIAN_POINT('',(6.749006213172,2.355569779105E-13));
#10404 = CARTESIAN_POINT('',(6.538142307928,3.570043900806E-14));
#10405 = CARTESIAN_POINT('',(6.327278973527,-3.783587339427E-13));
#10406 = CARTESIAN_POINT('',(6.1164185281,1.134924441034E-13));
#10407 = CARTESIAN_POINT('',(5.90556348904,-7.561104247089E-14));
#10408 = CARTESIAN_POINT('',(5.6947295395,1.889517257802E-13));
#10409 = CARTESIAN_POINT('',(5.483921975959,1.925165679968E-15));
#10410 = CARTESIAN_POINT('',(5.273135559517,-1.966523885E-13));
#10411 = CARTESIAN_POINT('',(5.062355697266,1.025633619904E-13));
#10412 = CARTESIAN_POINT('',(4.851556685865,-2.136010594617E-13));
#10413 = CARTESIAN_POINT('',(4.640714919524,6.971984952672E-14));
#10414 = CARTESIAN_POINT('',(4.429819199087,-6.527833864518E-14));
#10415 = CARTESIAN_POINT('',(4.21886726437,1.91393505054E-13));
#10416 = CARTESIAN_POINT('',(4.007864915356,-1.817465524113E-14));
#10417 = CARTESIAN_POINT('',(3.796824585462,-1.186948840895E-13));
#10418 = CARTESIAN_POINT('',(3.585764038403,-1.891668347307E-13));
#10419 = CARTESIAN_POINT('',(3.374705764468,1.932411966825E-13));
#10420 = CARTESIAN_POINT('',(3.163674231561,9.832307433039E-14));
#10421 = CARTESIAN_POINT('',(2.95270504055,-5.86533494004E-13));
#10422 = CARTESIAN_POINT('',(2.741805179554,2.014478226967E-13));
#10423 = CARTESIAN_POINT('',(2.530946997258,-2.192577967828E-13));
#10424 = CARTESIAN_POINT('',(2.320113223443,-6.537661895124E-15));
#10425 = CARTESIAN_POINT('',(2.109288888669,2.454084443633E-13));
#10426 = CARTESIAN_POINT('',(1.898461370446,-2.929750892285E-13));
#10427 = CARTESIAN_POINT('',(1.687620781877,2.443708862208E-13));
#10428 = CARTESIAN_POINT('',(1.476761042174,-2.38742932514E-15));
#10429 = CARTESIAN_POINT('',(1.26587884037,-2.348211689203E-13));
#10430 = CARTESIAN_POINT('',(1.054981174146,2.595510786765E-13));
#10431 = CARTESIAN_POINT('',(0.844061266974,-1.212621194561E-13));
#10432 = CARTESIAN_POINT('',(0.63319259961,2.25497399148E-13));
#10433 = CARTESIAN_POINT('',(0.422053581193,-9.860645080602E-14));
#10434 = CARTESIAN_POINT('',(0.210866223775,1.689284040761E-13));
#10435 = CARTESIAN_POINT('',(7.023270023578E-02,1.263187085796E-13));
#10436 = CARTESIAN_POINT('',(0.,0.));
#10437 = ( GEOMETRIC_REPRESENTATION_CONTEXT(2) 
PARAMETRIC_REPRESENTATION_CONTEXT() REPRESENTATION_CONTEXT('2D SPACE',''
  ) );
#10438 = ORIENTED_EDGE('',*,*,#10439,.T.);
#10439 = EDGE_CURVE('',#10333,#10440,#10442,.T.);
#10440 = VERTEX_POINT('',#10441);
#10441 = CARTESIAN_POINT('',(512.761799093,837.478,121.433873902));
#10442 = SURFACE_CURVE('',#10443,(#10447,#10454),.PCURVE_S1.);
#10443 = LINE('',#10444,#10445);
#10444 = CARTESIAN_POINT('',(512.761799093,837.478,122.766936951));
#10445 = VECTOR('',#10446,1.);
#10446 = DIRECTION('',(0.,0.,-1.));
#10447 = PCURVE('',#6999,#10448);
#10448 = DEFINITIONAL_REPRESENTATION('',(#10449),#10453);
#10449 = LINE('',#10450,#10451);
#10450 = CARTESIAN_POINT('',(2.105891228247E+03,17.333063049));
#10451 = VECTOR('',#10452,1.);
#10452 = DIRECTION('',(0.,1.));
#10453 = ( GEOMETRIC_REPRESENTATION_CONTEXT(2) 
PARAMETRIC_REPRESENTATION_CONTEXT() REPRESENTATION_CONTEXT('2D SPACE',''
  ) );
#10454 = PCURVE('',#10455,#10460);
#10455 = PLANE('',#10456);
#10456 = AXIS2_PLACEMENT_3D('',#10457,#10458,#10459);
#10457 = CARTESIAN_POINT('',(512.761799092,837.478,122.766936951));
#10458 = DIRECTION('',(-1.,0.,0.));
#10459 = DIRECTION('',(0.,1.,0.));
#10460 = DEFINITIONAL_REPRESENTATION('',(#10461),#10465);
#10461 = LINE('',#10462,#10463);
#10462 = CARTESIAN_POINT('',(0.,0.));
#10463 = VECTOR('',#10464,1.);
#10464 = DIRECTION('',(0.,1.));
#10465 = ( GEOMETRIC_REPRESENTATION_CONTEXT(2) 
PARAMETRIC_REPRESENTATION_CONTEXT() REPRESENTATION_CONTEXT('2D SPACE',''
  ) );
#10466 = ORIENTED_EDGE('',*,*,#10467,.T.);
#10467 = EDGE_CURVE('',#10440,#6984,#10468,.T.);
#10468 = SURFACE_CURVE('',#10469,(#10473,#10480),.PCURVE_S1.);
#10469 = LINE('',#10470,#10471);
#10470 = CARTESIAN_POINT('',(510.558090452,837.478,121.433873902));
#10471 = VECTOR('',#10472,1.);
#10472 = DIRECTION('',(-1.,0.,0.));
#10473 = PCURVE('',#6999,#10474);
#10474 = DEFINITIONAL_REPRESENTATION('',(#10475),#10479);
#10475 = LINE('',#10476,#10477);
#10476 = CARTESIAN_POINT('',(2.108094936888E+03,18.666126098));
#10477 = VECTOR('',#10478,1.);
#10478 = DIRECTION('',(1.,0.));
#10479 = ( GEOMETRIC_REPRESENTATION_CONTEXT(2) 
PARAMETRIC_REPRESENTATION_CONTEXT() REPRESENTATION_CONTEXT('2D SPACE',''
  ) );
#10480 = PCURVE('',#7060,#10481);
#10481 = DEFINITIONAL_REPRESENTATION('',(#10482),#10486);
#10482 = LINE('',#10483,#10484);
#10483 = CARTESIAN_POINT('',(0.,-30.437297571));
#10484 = VECTOR('',#10485,1.);
#10485 = DIRECTION('',(0.,1.));
#10486 = ( GEOMETRIC_REPRESENTATION_CONTEXT(2) 
PARAMETRIC_REPRESENTATION_CONTEXT() REPRESENTATION_CONTEXT('2D SPACE',''
  ) );
#10487 = ADVANCED_FACE('',(#10488),#7060,.T.);
#10488 = FACE_BOUND('',#10489,.T.);
#10489 = EDGE_LOOP('',(#10490,#10513,#10514,#10515));
#10490 = ORIENTED_EDGE('',*,*,#10491,.T.);
#10491 = EDGE_CURVE('',#10492,#7039,#10494,.T.);
#10492 = VERTEX_POINT('',#10493);
#10493 = CARTESIAN_POINT('',(508.838848913,832.180027787,109.102509595)
  );
#10494 = SURFACE_CURVE('',#10495,(#10499,#10506),.PCURVE_S1.);
#10495 = LINE('',#10496,#10497);
#10496 = CARTESIAN_POINT('',(480.120792881,832.180027786,109.102509594)
  );
#10497 = VECTOR('',#10498,1.);
#10498 = DIRECTION('',(-1.,0.,0.));
#10499 = PCURVE('',#7060,#10500);
#10500 = DEFINITIONAL_REPRESENTATION('',(#10501),#10505);
#10501 = LINE('',#10502,#10503);
#10502 = CARTESIAN_POINT('',(0.811578102243,0.));
#10503 = VECTOR('',#10504,1.);
#10504 = DIRECTION('',(0.,1.));
#10505 = ( GEOMETRIC_REPRESENTATION_CONTEXT(2) 
PARAMETRIC_REPRESENTATION_CONTEXT() REPRESENTATION_CONTEXT('2D SPACE',''
  ) );
#10506 = PCURVE('',#7135,#10507);
#10507 = DEFINITIONAL_REPRESENTATION('',(#10508),#10512);
#10508 = LINE('',#10509,#10510);
#10509 = CARTESIAN_POINT('',(245.358800569,-28.55347099474));
#10510 = VECTOR('',#10511,1.);
#10511 = DIRECTION('',(-1.,-0.));
#10512 = ( GEOMETRIC_REPRESENTATION_CONTEXT(2) 
PARAMETRIC_REPRESENTATION_CONTEXT() REPRESENTATION_CONTEXT('2D SPACE',''
  ) );
#10513 = ORIENTED_EDGE('',*,*,#7038,.T.);
#10514 = ORIENTED_EDGE('',*,*,#10467,.F.);
#10515 = ORIENTED_EDGE('',*,*,#10516,.T.);
#10516 = EDGE_CURVE('',#10440,#10492,#10517,.T.);
#10517 = SURFACE_CURVE('',#10518,(#10531,#10560),.PCURVE_S1.);
#10518 = B_SPLINE_CURVE_WITH_KNOTS('',5,(#10519,#10520,#10521,#10522,
    #10523,#10524,#10525,#10526,#10527,#10528,#10529,#10530),
  .UNSPECIFIED.,.F.,.F.,(6,3,3,6),(0.,8.03560812389,13.9332309871,
    20.3945947982),.UNSPECIFIED.);
#10519 = CARTESIAN_POINT('',(512.761799092,837.478,121.433873902));
#10520 = CARTESIAN_POINT('',(512.761799092,837.478,120.311917118));
#10521 = CARTESIAN_POINT('',(512.571674102,837.385442131,119.186792096)
  );
#10522 = CARTESIAN_POINT('',(512.247023869,837.196679709,118.083216556)
  );
#10523 = CARTESIAN_POINT('',(511.58230215,836.742564342,116.276030494));
#10524 = CARTESIAN_POINT('',(510.823879652,836.064098586,114.580873957)
  );
#10525 = CARTESIAN_POINT('',(510.492861321,835.729662127,113.865490513)
  );
#10526 = CARTESIAN_POINT('',(509.833605622,834.959469662,112.43569288));
#10527 = CARTESIAN_POINT('',(509.281633495,834.00294273,111.079563439));
#10528 = CARTESIAN_POINT('',(509.039803199,833.444860882,110.385107209)
  );
#10529 = CARTESIAN_POINT('',(508.881651545,832.83369158,109.722813373));
#10530 = CARTESIAN_POINT('',(508.838848913,832.180027787,109.102509595)
  );
#10531 = PCURVE('',#7060,#10532);
#10532 = DEFINITIONAL_REPRESENTATION('',(#10533),#10559);
#10533 = B_SPLINE_CURVE_WITH_KNOTS('',3,(#10534,#10535,#10536,#10537,
    #10538,#10539,#10540,#10541,#10542,#10543,#10544,#10545,#10546,
    #10547,#10548,#10549,#10550,#10551,#10552,#10553,#10554,#10555,
    #10556,#10557,#10558),.UNSPECIFIED.,.F.,.F.,(4,1,1,1,1,1,1,1,1,1,1,1
    ,1,1,1,1,1,1,1,1,1,1,4),(0.,0.927027036282,1.854054072564,
    2.781081108845,3.708108145127,4.635135181409,5.562162217691,
    6.489189253973,7.416216290255,8.343243326536,9.270270362818,
    10.1972973991,11.124324435382,12.051351471664,12.978378507945,
    13.905405544227,14.832432580509,15.759459616791,16.686486653073,
    17.613513689355,18.540540725636,19.467567761918,20.3945947982),
  .QUASI_UNIFORM_KNOTS.);
#10534 = CARTESIAN_POINT('',(0.,-32.641006211));
#10535 = CARTESIAN_POINT('',(1.268907622683E-02,-32.64102522516));
#10536 = CARTESIAN_POINT('',(3.808615996872E-02,-32.62411729921));
#10537 = CARTESIAN_POINT('',(7.614483110569E-02,-32.55348690739));
#10538 = CARTESIAN_POINT('',(0.114073378172,-32.44310668174));
#10539 = CARTESIAN_POINT('',(0.151776605963,-32.29867270941));
#10540 = CARTESIAN_POINT('',(0.189171100573,-32.12578499554));
#10541 = CARTESIAN_POINT('',(0.226196506526,-31.92980570369));
#10542 = CARTESIAN_POINT('',(0.262827094462,-31.71569204343));
#10543 = CARTESIAN_POINT('',(0.29908903443,-31.48779882856));
#10544 = CARTESIAN_POINT('',(0.335056706237,-31.24982770585));
#10545 = CARTESIAN_POINT('',(0.370931385454,-31.00419255969));
#10546 = CARTESIAN_POINT('',(0.406879446539,-30.75336465946));
#10547 = CARTESIAN_POINT('',(0.442901900227,-30.50089009739));
#10548 = CARTESIAN_POINT('',(0.478943957474,-30.25067560266));
#10549 = CARTESIAN_POINT('',(0.514960725017,-30.00660858498));
#10550 = CARTESIAN_POINT('',(0.55098499966,-29.77216257834));
#10551 = CARTESIAN_POINT('',(0.587228677501,-29.54972685472));
#10552 = CARTESIAN_POINT('',(0.623811221661,-29.34269829482));
#10553 = CARTESIAN_POINT('',(0.660765776379,-29.15547304606));
#10554 = CARTESIAN_POINT('',(0.698081389819,-28.9930347818));
#10555 = CARTESIAN_POINT('',(0.73570727354,-28.86083437003));
#10556 = CARTESIAN_POINT('',(0.773567768247,-28.7645984361));
#10557 = CARTESIAN_POINT('',(0.798902142745,-28.72828679362));
#10558 = CARTESIAN_POINT('',(0.81157810216,-28.718056032));
#10559 = ( GEOMETRIC_REPRESENTATION_CONTEXT(2) 
PARAMETRIC_REPRESENTATION_CONTEXT() REPRESENTATION_CONTEXT('2D SPACE',''
  ) );
#10560 = PCURVE('',#10561,#10586);
#10561 = B_SPLINE_SURFACE_WITH_KNOTS('',5,1,(
    (#10562,#10563)
    ,(#10564,#10565)
    ,(#10566,#10567)
    ,(#10568,#10569)
    ,(#10570,#10571)
    ,(#10572,#10573)
    ,(#10574,#10575)
    ,(#10576,#10577)
    ,(#10578,#10579)
    ,(#10580,#10581)
    ,(#10582,#10583)
    ,(#10584,#10585
    )),.UNSPECIFIED.,.F.,.F.,.F.,(6,3,3,6),(2,2),(0.,4.07848308674,
    10.8759548979,13.5949436225),(-2.278,5.09509418723E-03),
  .UNSPECIFIED.);
#10562 = CARTESIAN_POINT('',(508.838848914,830.611956063,110.754912411)
  );
#10563 = CARTESIAN_POINT('',(508.838848914,832.180027787,109.102509594)
  );
#10564 = CARTESIAN_POINT('',(508.87747805,831.122833641,111.239717131));
#10565 = CARTESIAN_POINT('',(508.87747805,832.769955706,109.662330286));
#10566 = CARTESIAN_POINT('',(509.010438099,831.60874272,111.758889398));
#10567 = CARTESIAN_POINT('',(509.010438099,833.33105164,110.261836369));
#10568 = CARTESIAN_POINT('',(509.218283443,832.065536885,112.310327715)
  );
#10569 = CARTESIAN_POINT('',(509.218283443,833.85852758,110.898601169));
#10570 = CARTESIAN_POINT('',(509.920376826,833.196030472,113.858884249)
  );
#10571 = CARTESIAN_POINT('',(509.920376826,835.163947428,112.686772686)
  );
#10572 = CARTESIAN_POINT('',(510.878427929,834.071618131,115.589626978)
  );
#10573 = CARTESIAN_POINT('',(510.878427929,836.175018627,114.685320872)
  );
#10574 = CARTESIAN_POINT('',(511.487167336,834.505380419,116.725649539)
  );
#10575 = CARTESIAN_POINT('',(511.487167336,836.675898867,115.997125215)
  );
#10576 = CARTESIAN_POINT('',(512.227306535,834.942934058,118.361365117)
  );
#10577 = CARTESIAN_POINT('',(512.227306535,837.181157111,117.88594228));
#10578 = CARTESIAN_POINT('',(512.634060378,835.143332638,120.017783827)
  );
#10579 = CARTESIAN_POINT('',(512.634060378,837.412564247,119.798665963)
  );
#10580 = CARTESIAN_POINT('',(512.717298966,835.181239317,120.491343378)
  );
#10581 = CARTESIAN_POINT('',(512.717298966,837.456336393,120.345501473)
  );
#10582 = CARTESIAN_POINT('',(512.761799092,835.2,120.963814517));
#10583 = CARTESIAN_POINT('',(512.761799092,837.478,120.891080155));
#10584 = CARTESIAN_POINT('',(512.761799092,835.2,121.433873902));
#10585 = CARTESIAN_POINT('',(512.761799092,837.478,121.433873902));
#10586 = DEFINITIONAL_REPRESENTATION('',(#10587),#10613);
#10587 = B_SPLINE_CURVE_WITH_KNOTS('',3,(#10588,#10589,#10590,#10591,
    #10592,#10593,#10594,#10595,#10596,#10597,#10598,#10599,#10600,
    #10601,#10602,#10603,#10604,#10605,#10606,#10607,#10608,#10609,
    #10610,#10611,#10612),.UNSPECIFIED.,.F.,.F.,(4,1,1,1,1,1,1,1,1,1,1,1
    ,1,1,1,1,1,1,1,1,1,1,4),(0.,0.927027036282,1.854054072564,
    2.781081108845,3.708108145127,4.635135181409,5.562162217691,
    6.489189253973,7.416216290255,8.343243326536,9.270270362818,
    10.1972973991,11.124324435382,12.051351471664,12.978378507945,
    13.905405544227,14.832432580509,15.759459616791,16.686486653073,
    17.613513689355,18.540540725636,19.467567761918,20.3945947982),
  .UNSPECIFIED.);
#10588 = CARTESIAN_POINT('',(13.5949436225,5.09509418723E-03));
#10589 = CARTESIAN_POINT('',(13.378830251669,5.106771692091E-03));
#10590 = CARTESIAN_POINT('',(12.947339680724,5.081761183192E-03));
#10591 = CARTESIAN_POINT('',(12.303554054085,4.957591641172E-03));
#10592 = CARTESIAN_POINT('',(11.664450358858,4.779690847374E-03));
#10593 = CARTESIAN_POINT('',(11.031295352686,4.670302204726E-03));
#10594 = CARTESIAN_POINT('',(10.405149928061,4.693904538903E-03));
#10595 = CARTESIAN_POINT('',(9.786686973655,4.837898881833E-03));
#10596 = CARTESIAN_POINT('',(9.176016349301,5.017579495996E-03));
#10597 = CARTESIAN_POINT('',(8.572413227511,5.107583430419E-03));
#10598 = CARTESIAN_POINT('',(7.974381263494,5.125055710639E-03));
#10599 = CARTESIAN_POINT('',(7.378314384113,5.021718146198E-03));
#10600 = CARTESIAN_POINT('',(6.781233988346,4.77496355323E-03));
#10601 = CARTESIAN_POINT('',(6.182895262456,4.683000743823E-03));
#10602 = CARTESIAN_POINT('',(5.583950171766,4.834752532281E-03));
#10603 = CARTESIAN_POINT('',(4.984899982851,5.068409991125E-03));
#10604 = CARTESIAN_POINT('',(4.384994939383,5.103212252145E-03));
#10605 = CARTESIAN_POINT('',(3.780452892362,5.089696158342E-03));
#10606 = CARTESIAN_POINT('',(3.168992240539,5.038778096112E-03));
#10607 = CARTESIAN_POINT('',(2.549762926228,4.988278313851E-03));
#10608 = CARTESIAN_POINT('',(1.922620078588,4.987489378943E-03));
#10609 = CARTESIAN_POINT('',(1.288067196158,5.037471692607E-03));
#10610 = CARTESIAN_POINT('',(0.647018225522,5.087956992039E-03));
#10611 = CARTESIAN_POINT('',(0.216133516216,5.100409303713E-03));
#10612 = CARTESIAN_POINT('',(0.,5.09509418723E-03));
#10613 = ( GEOMETRIC_REPRESENTATION_CONTEXT(2) 
PARAMETRIC_REPRESENTATION_CONTEXT() REPRESENTATION_CONTEXT('2D SPACE',''
  ) );
#10614 = ADVANCED_FACE('',(#10615),#7135,.T.);
#10615 = FACE_BOUND('',#10616,.T.);
#10616 = EDGE_LOOP('',(#10617,#10661,#10689,#10768,#10796,#10875,#10901,
    #10902));
#10617 = ORIENTED_EDGE('',*,*,#10618,.T.);
#10618 = EDGE_CURVE('',#10492,#10619,#10621,.T.);
#10619 = VERTEX_POINT('',#10620);
#10620 = CARTESIAN_POINT('',(510.225340054,829.890988078,106.930292019)
  );
#10621 = SURFACE_CURVE('',#10622,(#10632,#10645),.PCURVE_S1.);
#10622 = B_SPLINE_CURVE_WITH_KNOTS('',5,(#10623,#10624,#10625,#10626,
    #10627,#10628,#10629,#10630,#10631),.UNSPECIFIED.,.F.,.F.,(6,3,6),(
    0.,2.70748923893,5.06942469344),.UNSPECIFIED.);
#10623 = CARTESIAN_POINT('',(508.838848914,832.180027786,109.102509594)
  );
#10624 = CARTESIAN_POINT('',(508.820722225,831.903204614,108.839814213)
  );
#10625 = CARTESIAN_POINT('',(508.845136174,831.624938191,108.575749237)
  );
#10626 = CARTESIAN_POINT('',(508.918016982,831.349712936,108.314570222)
  );
#10627 = CARTESIAN_POINT('',(509.144748227,830.853179281,107.843377378)
  );
#10628 = CARTESIAN_POINT('',(509.526347832,830.410497891,107.423288424)
  );
#10629 = CARTESIAN_POINT('',(509.735112458,830.219470694,107.242010383)
  );
#10630 = CARTESIAN_POINT('',(509.969974629,830.046352465,107.077727317)
  );
#10631 = CARTESIAN_POINT('',(510.225340054,829.890988078,106.930292019)
  );
#10632 = PCURVE('',#7135,#10633);
#10633 = DEFINITIONAL_REPRESENTATION('',(#10634),#10644);
#10634 = B_SPLINE_CURVE_WITH_KNOTS('',5,(#10635,#10636,#10637,#10638,
    #10639,#10640,#10641,#10642,#10643),.UNSPECIFIED.,.F.,.F.,(6,3,6),(
    0.,2.70748923893,5.06942469344),.UNSPECIFIED.);
#10635 = CARTESIAN_POINT('',(274.076856602,-28.55347099474));
#10636 = CARTESIAN_POINT('',(274.058729913,-28.17184299294));
#10637 = CARTESIAN_POINT('',(274.083143862,-27.78822532687));
#10638 = CARTESIAN_POINT('',(274.15602467,-27.40880021059));
#10639 = CARTESIAN_POINT('',(274.382755915,-26.72427967271));
#10640 = CARTESIAN_POINT('',(274.76435552,-26.11399978419));
#10641 = CARTESIAN_POINT('',(274.973120146,-25.85064998233));
#10642 = CARTESIAN_POINT('',(275.207982317,-25.61198945567));
#10643 = CARTESIAN_POINT('',(275.463347742,-25.39780434917));
#10644 = ( GEOMETRIC_REPRESENTATION_CONTEXT(2) 
PARAMETRIC_REPRESENTATION_CONTEXT() REPRESENTATION_CONTEXT('2D SPACE',''
  ) );
#10645 = PCURVE('',#10646,#10656);
#10646 = SURFACE_OF_LINEAR_EXTRUSION('',#10647,#10654);
#10647 = B_SPLINE_CURVE_WITH_KNOTS('',5,(#10648,#10649,#10650,#10651,
    #10652,#10653),.UNSPECIFIED.,.F.,.F.,(6,6),(0.,3.64327637122),
  .PIECEWISE_BEZIER_KNOTS.);
#10648 = CARTESIAN_POINT('',(510.225340054,829.890988078,106.930292019)
  );
#10649 = CARTESIAN_POINT('',(509.6772208,830.224463963,107.246748818));
#10650 = CARTESIAN_POINT('',(509.223595502,830.639593434,107.640691976)
  );
#10651 = CARTESIAN_POINT('',(508.920092033,831.13812315,108.113779012));
#10652 = CARTESIAN_POINT('',(508.804907388,831.66168706,108.610622612));
#10653 = CARTESIAN_POINT('',(508.838848914,832.180027787,109.102509594)
  );
#10654 = VECTOR('',#10655,1.);
#10655 = DIRECTION('',(0.,0.688354575694,-0.725374371012));
#10656 = DEFINITIONAL_REPRESENTATION('',(#10657),#10660);
#10657 = B_SPLINE_CURVE_WITH_KNOTS('',1,(#10658,#10659),.UNSPECIFIED.,
  .F.,.F.,(2,2),(0.,5.06942469344),.PIECEWISE_BEZIER_KNOTS.);
#10658 = CARTESIAN_POINT('',(3.643276370482,-6.883460097084E-10));
#10659 = CARTESIAN_POINT('',(8.288907363393E-15,4.217020769573E-15));
#10660 = ( GEOMETRIC_REPRESENTATION_CONTEXT(2) 
PARAMETRIC_REPRESENTATION_CONTEXT() REPRESENTATION_CONTEXT('2D SPACE',''
  ) );
#10661 = ORIENTED_EDGE('',*,*,#10662,.F.);
#10662 = EDGE_CURVE('',#10663,#10619,#10665,.T.);
#10663 = VERTEX_POINT('',#10664);
#10664 = CARTESIAN_POINT('',(517.815674904,825.273026541,102.54801015));
#10665 = SURFACE_CURVE('',#10666,(#10670,#10677),.PCURVE_S1.);
#10666 = LINE('',#10667,#10668);
#10667 = CARTESIAN_POINT('',(514.020507479,827.58200731,104.739151085));
#10668 = VECTOR('',#10669,1.);
#10669 = DIRECTION('',(-0.766180239779,0.466144241081,0.442354367764));
#10670 = PCURVE('',#7135,#10671);
#10671 = DEFINITIONAL_REPRESENTATION('',(#10672),#10676);
#10672 = LINE('',#10673,#10674);
#10673 = CARTESIAN_POINT('',(279.258515167,-22.214646989));
#10674 = VECTOR('',#10675,1.);
#10675 = DIRECTION('',(-0.766180239779,-0.642625738803));
#10676 = ( GEOMETRIC_REPRESENTATION_CONTEXT(2) 
PARAMETRIC_REPRESENTATION_CONTEXT() REPRESENTATION_CONTEXT('2D SPACE',''
  ) );
#10677 = PCURVE('',#10678,#10683);
#10678 = PLANE('',#10679);
#10679 = AXIS2_PLACEMENT_3D('',#10680,#10681,#10682);
#10680 = CARTESIAN_POINT('',(514.020507478,827.58200731,104.739151085));
#10681 = DIRECTION('',(-0.642625738735,-0.555767509553,-0.527403673897)
  );
#10682 = DIRECTION('',(0.766180239836,-0.466144241031,-0.442354367717));
#10683 = DEFINITIONAL_REPRESENTATION('',(#10684),#10688);
#10684 = LINE('',#10685,#10686);
#10685 = CARTESIAN_POINT('',(7.661841987161E-10,-3.523718169879E-14));
#10686 = VECTOR('',#10687,1.);
#10687 = DIRECTION('',(-1.,-3.252953462152E-13));
#10688 = ( GEOMETRIC_REPRESENTATION_CONTEXT(2) 
PARAMETRIC_REPRESENTATION_CONTEXT() REPRESENTATION_CONTEXT('2D SPACE',''
  ) );
#10689 = ORIENTED_EDGE('',*,*,#10690,.F.);
#10690 = EDGE_CURVE('',#10691,#10663,#10693,.T.);
#10691 = VERTEX_POINT('',#10692);
#10692 = CARTESIAN_POINT('',(518.341579973,821.147387579,98.6329249604)
  );
#10693 = SURFACE_CURVE('',#10694,(#10707,#10723),.PCURVE_S1.);
#10694 = B_SPLINE_CURVE_WITH_KNOTS('',5,(#10695,#10696,#10697,#10698,
    #10699,#10700,#10701,#10702,#10703,#10704,#10705,#10706),
  .UNSPECIFIED.,.F.,.F.,(6,3,3,6),(0.,3.86026300196,6.56948454601,
    8.90486772842),.UNSPECIFIED.);
#10695 = CARTESIAN_POINT('',(518.341579973,821.147387579,98.6329249604)
  );
#10696 = CARTESIAN_POINT('',(518.635674144,821.47980057,98.9483731103));
#10697 = CARTESIAN_POINT('',(518.881205419,821.834819876,99.2852738518)
  );
#10698 = CARTESIAN_POINT('',(519.069156688,822.211373455,99.6426098556)
  );
#10699 = CARTESIAN_POINT('',(519.258067954,822.878345839,100.275543015)
  );
#10700 = CARTESIAN_POINT('',(519.192483918,823.553039495,100.915803388)
  );
#10701 = CARTESIAN_POINT('',(519.118432075,823.82793946,101.176673714));
#10702 = CARTESIAN_POINT('',(518.889428981,824.321054973,101.644622864)
  );
#10703 = CARTESIAN_POINT('',(518.507202281,824.760052608,102.061216064)
  );
#10704 = CARTESIAN_POINT('',(518.300159249,824.948348482,102.239902176)
  );
#10705 = CARTESIAN_POINT('',(518.06807097,825.119468714,102.402289213));
#10706 = CARTESIAN_POINT('',(517.815674904,825.273026541,102.54801015));
#10707 = PCURVE('',#7135,#10708);
#10708 = DEFINITIONAL_REPRESENTATION('',(#10709),#10722);
#10709 = B_SPLINE_CURVE_WITH_KNOTS('',5,(#10710,#10711,#10712,#10713,
    #10714,#10715,#10716,#10717,#10718,#10719,#10720,#10721),
  .UNSPECIFIED.,.F.,.F.,(6,3,3,6),(0.,3.86026300196,6.56948454601,
    8.90486772842),.UNSPECIFIED.);
#10710 = CARTESIAN_POINT('',(283.579587661,-13.34389005583));
#10711 = CARTESIAN_POINT('',(283.873681832,-13.80215409747));
#10712 = CARTESIAN_POINT('',(284.119213107,-14.29158317022));
#10713 = CARTESIAN_POINT('',(284.307164376,-14.81069935902));
#10714 = CARTESIAN_POINT('',(284.496075642,-15.73018646893));
#10715 = CARTESIAN_POINT('',(284.430491606,-16.66031811266));
#10716 = CARTESIAN_POINT('',(284.356439763,-17.03929478443));
#10717 = CARTESIAN_POINT('',(284.127436669,-17.7191030781));
#10718 = CARTESIAN_POINT('',(283.745209969,-18.32430454689));
#10719 = CARTESIAN_POINT('',(283.538166937,-18.58388895087));
#10720 = CARTESIAN_POINT('',(283.306078658,-18.81979504147));
#10721 = CARTESIAN_POINT('',(283.053682592,-19.03148962741));
#10722 = ( GEOMETRIC_REPRESENTATION_CONTEXT(2) 
PARAMETRIC_REPRESENTATION_CONTEXT() REPRESENTATION_CONTEXT('2D SPACE',''
  ) );
#10723 = PCURVE('',#10724,#10740);
#10724 = SURFACE_OF_LINEAR_EXTRUSION('',#10725,#10738);
#10725 = B_SPLINE_CURVE_WITH_KNOTS('',5,(#10726,#10727,#10728,#10729,
    #10730,#10731,#10732,#10733,#10734,#10735,#10736,#10737),
  .UNSPECIFIED.,.F.,.F.,(6,3,3,6),(0.,1.84770469375,3.66766423127,
    6.31242571113),.UNSPECIFIED.);
#10726 = CARTESIAN_POINT('',(517.815674903,825.273026542,102.54801015));
#10727 = CARTESIAN_POINT('',(518.097408183,825.101619947,102.385351365)
  );
#10728 = CARTESIAN_POINT('',(518.353838955,824.908331133,102.20192713));
#10729 = CARTESIAN_POINT('',(518.578341539,824.693940136,101.998477671)
  );
#10730 = CARTESIAN_POINT('',(518.946739013,824.232174065,101.560278031)
  );
#10731 = CARTESIAN_POINT('',(519.149594311,823.719479504,101.073749059)
  );
#10732 = CARTESIAN_POINT('',(519.206499104,823.457595944,100.825230839)
  );
#10733 = CARTESIAN_POINT('',(519.243210659,822.810017417,100.210701763)
  );
#10734 = CARTESIAN_POINT('',(519.049280373,822.1732529,99.6064347997));
#10735 = CARTESIAN_POINT('',(518.86475483,821.811135877,99.2627985762));
#10736 = CARTESIAN_POINT('',(518.625854004,821.468700922,98.9378399376)
  );
#10737 = CARTESIAN_POINT('',(518.341579972,821.14738758,98.6329249604));
#10738 = VECTOR('',#10739,1.);
#10739 = DIRECTION('',(0.,0.688354575694,-0.725374371012));
#10740 = DEFINITIONAL_REPRESENTATION('',(#10741),#10767);
#10741 = B_SPLINE_CURVE_WITH_KNOTS('',3,(#10742,#10743,#10744,#10745,
    #10746,#10747,#10748,#10749,#10750,#10751,#10752,#10753,#10754,
    #10755,#10756,#10757,#10758,#10759,#10760,#10761,#10762,#10763,
    #10764,#10765,#10766),.UNSPECIFIED.,.F.,.F.,(4,1,1,1,1,1,1,1,1,1,1,1
    ,1,1,1,1,1,1,1,1,1,1,4),(0.,0.404766714928,0.809533429856,
    1.214300144785,1.619066859713,2.023833574641,2.428600289569,
    2.833367004497,3.238133719425,3.642900434354,4.047667149282,
    4.45243386421,4.857200579138,5.261967294066,5.666734008995,
    6.071500723923,6.476267438851,6.881034153779,7.285800868707,
    7.690567583635,8.095334298564,8.500101013492,8.90486772842),
  .UNSPECIFIED.);
#10742 = CARTESIAN_POINT('',(6.31242571113,-6.883472960686E-10));
#10743 = CARTESIAN_POINT('',(6.216797142122,-5.70134604912E-10));
#10744 = CARTESIAN_POINT('',(6.025527339092,-3.697030382605E-10));
#10745 = CARTESIAN_POINT('',(5.738575652156,-1.660743514738E-10));
#10746 = CARTESIAN_POINT('',(5.451555842352,-4.8799709624E-11));
#10747 = CARTESIAN_POINT('',(5.164489305159,-6.170915064695E-12));
#10748 = CARTESIAN_POINT('',(4.877408692354,-2.48631759882E-11));
#10749 = CARTESIAN_POINT('',(4.590350749645,-9.161760448417E-11));
#10750 = CARTESIAN_POINT('',(4.303344658897,-1.93155649238E-10));
#10751 = CARTESIAN_POINT('',(4.016404321115,-3.127441456442E-10));
#10752 = CARTESIAN_POINT('',(3.729524732142,-4.334735703676E-10));
#10753 = CARTESIAN_POINT('',(3.442679913809,-5.483793451792E-10));
#10754 = CARTESIAN_POINT('',(3.155815395929,-5.377953534242E-10));
#10755 = CARTESIAN_POINT('',(2.868940272069,-3.938631369293E-10));
#10756 = CARTESIAN_POINT('',(2.582073464573,-2.081384417333E-10));
#10757 = CARTESIAN_POINT('',(2.295230817837,-8.529331629407E-11));
#10758 = CARTESIAN_POINT('',(2.008411186388,-8.789516568615E-11));
#10759 = CARTESIAN_POINT('',(1.721578958116,-1.236180079744E-10));
#10760 = CARTESIAN_POINT('',(1.434699330189,-5.60675855983E-11));
#10761 = CARTESIAN_POINT('',(1.147767558314,1.331484860362E-11));
#10762 = CARTESIAN_POINT('',(0.860798248918,-8.515429469582E-13));
#10763 = CARTESIAN_POINT('',(0.573830574856,-1.429026032458E-10));
#10764 = CARTESIAN_POINT('',(0.286897935427,-4.113922984271E-10));
#10765 = CARTESIAN_POINT('',(9.562884176646E-02,-6.026154031834E-10));
#10766 = CARTESIAN_POINT('',(0.,-6.883472960686E-10));
#10767 = ( GEOMETRIC_REPRESENTATION_CONTEXT(2) 
PARAMETRIC_REPRESENTATION_CONTEXT() REPRESENTATION_CONTEXT('2D SPACE',''
  ) );
#10768 = ORIENTED_EDGE('',*,*,#10769,.F.);
#10769 = EDGE_CURVE('',#10770,#10691,#10772,.T.);
#10770 = VERTEX_POINT('',#10771);
#10771 = CARTESIAN_POINT('',(470.670052341,767.264527508,47.4999999999)
  );
#10772 = SURFACE_CURVE('',#10773,(#10777,#10784),.PCURVE_S1.);
#10773 = LINE('',#10774,#10775);
#10774 = CARTESIAN_POINT('',(494.505816157,794.205957544,73.0664624802)
  );
#10775 = VECTOR('',#10776,1.);
#10776 = DIRECTION('',(0.540102311578,0.610474610832,0.579318774559));
#10777 = PCURVE('',#7135,#10778);
#10778 = DEFINITIONAL_REPRESENTATION('',(#10779),#10783);
#10779 = LINE('',#10780,#10781);
#10780 = CARTESIAN_POINT('',(259.743823845,23.797524242525));
#10781 = VECTOR('',#10782,1.);
#10782 = DIRECTION('',(0.540102311578,-0.841599366105));
#10783 = ( GEOMETRIC_REPRESENTATION_CONTEXT(2) 
PARAMETRIC_REPRESENTATION_CONTEXT() REPRESENTATION_CONTEXT('2D SPACE',''
  ) );
#10784 = PCURVE('',#10785,#10790);
#10785 = PLANE('',#10786);
#10786 = AXIS2_PLACEMENT_3D('',#10787,#10788,#10789);
#10787 = CARTESIAN_POINT('',(494.505816157,794.205957544,73.0664624802)
  );
#10788 = DIRECTION('',(-0.841599366107,0.391776374541,0.371781897515));
#10789 = DIRECTION('',(0.540102311575,0.610474610834,0.579318774561));
#10790 = DEFINITIONAL_REPRESENTATION('',(#10791),#10795);
#10791 = LINE('',#10792,#10793);
#10792 = CARTESIAN_POINT('',(0.,0.));
#10793 = VECTOR('',#10794,1.);
#10794 = DIRECTION('',(1.,7.399636459127E-14));
#10795 = ( GEOMETRIC_REPRESENTATION_CONTEXT(2) 
PARAMETRIC_REPRESENTATION_CONTEXT() REPRESENTATION_CONTEXT('2D SPACE',''
  ) );
#10796 = ORIENTED_EDGE('',*,*,#10797,.F.);
#10797 = EDGE_CURVE('',#10798,#10770,#10800,.T.);
#10798 = VERTEX_POINT('',#10799);
#10799 = CARTESIAN_POINT('',(459.332560749,761.995626882,42.5));
#10800 = SURFACE_CURVE('',#10801,(#10814,#10830),.PCURVE_S1.);
#10801 = B_SPLINE_CURVE_WITH_KNOTS('',5,(#10802,#10803,#10804,#10805,
    #10806,#10807,#10808,#10809,#10810,#10811,#10812,#10813),
  .UNSPECIFIED.,.F.,.F.,(6,3,3,6),(0.,3.93689199352,9.18110140269,
    19.7296511637),.UNSPECIFIED.);
#10802 = CARTESIAN_POINT('',(459.332560749,761.995626882,42.5));
#10803 = CARTESIAN_POINT('',(459.888676421,761.995626882,42.5));
#10804 = CARTESIAN_POINT('',(460.444791428,762.041326842,42.5433676431)
  );
#10805 = CARTESIAN_POINT('',(460.991854803,762.119474641,42.6175271353)
  );
#10806 = CARTESIAN_POINT('',(462.246652663,762.3635831,42.8491774133));
#10807 = CARTESIAN_POINT('',(463.445836795,762.728999623,43.195944745));
#10808 = CARTESIAN_POINT('',(464.110197886,762.967410113,43.4221878527)
  );
#10809 = CARTESIAN_POINT('',(466.053883143,763.765606211,44.179647667));
#10810 = CARTESIAN_POINT('',(467.809963269,764.778385045,45.1407388941)
  );
#10811 = CARTESIAN_POINT('',(468.884311216,765.527247366,45.8513827025)
  );
#10812 = CARTESIAN_POINT('',(469.865266318,766.354882383,46.636779008));
#10813 = CARTESIAN_POINT('',(470.670052341,767.264527508,47.4999999999)
  );
#10814 = PCURVE('',#7135,#10815);
#10815 = DEFINITIONAL_REPRESENTATION('',(#10816),#10829);
#10816 = B_SPLINE_CURVE_WITH_KNOTS('',5,(#10817,#10818,#10819,#10820,
    #10821,#10822,#10823,#10824,#10825,#10826,#10827,#10828),
  .UNSPECIFIED.,.F.,.F.,(6,3,3,6),(0.,3.93689199352,9.18110140269,
    19.7296511637),.UNSPECIFIED.);
#10817 = CARTESIAN_POINT('',(224.570568437,68.202636897588));
#10818 = CARTESIAN_POINT('',(225.126684109,68.202636897588));
#10819 = CARTESIAN_POINT('',(225.682799116,68.139635002283));
#10820 = CARTESIAN_POINT('',(226.229862491,68.03190056595));
#10821 = CARTESIAN_POINT('',(227.484660351,67.695373017222));
#10822 = CARTESIAN_POINT('',(228.683844483,67.191610357217));
#10823 = CARTESIAN_POINT('',(229.348205574,66.862938019586));
#10824 = CARTESIAN_POINT('',(231.291890831,65.762546097977));
#10825 = CARTESIAN_POINT('',(233.047970957,64.366330744456));
#10826 = CARTESIAN_POINT('',(234.122318904,63.333950292186));
#10827 = CARTESIAN_POINT('',(235.103274006,62.192973921678));
#10828 = CARTESIAN_POINT('',(235.908060029,60.938938541677));
#10829 = ( GEOMETRIC_REPRESENTATION_CONTEXT(2) 
PARAMETRIC_REPRESENTATION_CONTEXT() REPRESENTATION_CONTEXT('2D SPACE',''
  ) );
#10830 = PCURVE('',#10831,#10847);
#10831 = SURFACE_OF_LINEAR_EXTRUSION('',#10832,#10845);
#10832 = B_SPLINE_CURVE_WITH_KNOTS('',5,(#10833,#10834,#10835,#10836,
    #10837,#10838,#10839,#10840,#10841,#10842,#10843,#10844),
  .UNSPECIFIED.,.F.,.F.,(6,3,3,6),(0.,4.86254444445,7.79967397495,
    13.9693359388),.UNSPECIFIED.);
#10833 = CARTESIAN_POINT('',(459.332560749,761.995626882,42.5));
#10834 = CARTESIAN_POINT('',(460.302282725,761.995626882,42.5));
#10835 = CARTESIAN_POINT('',(461.272003598,762.134588084,42.6318692564)
  );
#10836 = CARTESIAN_POINT('',(462.19868723,762.344039049,42.8306308007));
#10837 = CARTESIAN_POINT('',(463.639930112,762.777266145,43.2417479645)
  );
#10838 = CARTESIAN_POINT('',(464.993978284,763.335041609,43.7710571159)
  );
#10839 = CARTESIAN_POINT('',(465.491061785,763.56045043,43.9849620994));
#10840 = CARTESIAN_POINT('',(466.992308315,764.303636922,44.6902197468)
  );
#10841 = CARTESIAN_POINT('',(468.361716273,765.175765533,45.517838897));
#10842 = CARTESIAN_POINT('',(469.220851893,765.818194266,46.1274810008)
  );
#10843 = CARTESIAN_POINT('',(470.005512444,766.513401794,46.7872083114)
  );
#10844 = CARTESIAN_POINT('',(470.670052341,767.264527509,47.5));
#10845 = VECTOR('',#10846,1.);
#10846 = DIRECTION('',(0.,0.688354575694,-0.725374371012));
#10847 = DEFINITIONAL_REPRESENTATION('',(#10848),#10874);
#10848 = B_SPLINE_CURVE_WITH_KNOTS('',3,(#10849,#10850,#10851,#10852,
    #10853,#10854,#10855,#10856,#10857,#10858,#10859,#10860,#10861,
    #10862,#10863,#10864,#10865,#10866,#10867,#10868,#10869,#10870,
    #10871,#10872,#10873),.UNSPECIFIED.,.F.,.F.,(4,1,1,1,1,1,1,1,1,1,1,1
    ,1,1,1,1,1,1,1,1,1,1,4),(0.,0.896802325623,1.793604651245,
    2.690406976868,3.587209302491,4.484011628114,5.380813953736,
    6.277616279359,7.174418604982,8.071220930605,8.968023256227,
    9.86482558185,10.761627907473,11.658430233095,12.555232558718,
    13.452034884341,14.348837209964,15.245639535586,16.142441861209,
    17.039244186832,17.936046512455,18.832848838077,19.7296511637),
  .UNSPECIFIED.);
#10849 = CARTESIAN_POINT('',(0.,0.));
#10850 = CARTESIAN_POINT('',(0.211779291074,-1.537982654755E-11));
#10851 = CARTESIAN_POINT('',(0.63518083023,-1.121518095184E-10));
#10852 = CARTESIAN_POINT('',(1.270047195856,-3.260832348506E-10));
#10853 = CARTESIAN_POINT('',(1.904817840187,-4.2508720157E-10));
#10854 = CARTESIAN_POINT('',(2.539965359235,-4.159935977694E-10));
#10855 = CARTESIAN_POINT('',(3.175563482955,-2.691414215915E-10));
#10856 = CARTESIAN_POINT('',(3.811140581155,-9.186189659825E-11));
#10857 = CARTESIAN_POINT('',(4.446311044392,-1.295382933457E-12));
#10858 = CARTESIAN_POINT('',(5.081111005133,9.528903315637E-12));
#10859 = CARTESIAN_POINT('',(5.716047538576,-1.021755601105E-10));
#10860 = CARTESIAN_POINT('',(6.351221732373,-3.079308654479E-10));
#10861 = CARTESIAN_POINT('',(6.986518756894,-4.663185194731E-10));
#10862 = CARTESIAN_POINT('',(7.621624589961,-4.619296361353E-10));
#10863 = CARTESIAN_POINT('',(8.256455074153,-3.587302864255E-10));
#10864 = CARTESIAN_POINT('',(8.891093893928,-2.734128418643E-10));
#10865 = CARTESIAN_POINT('',(9.52562072655,-2.249024967916E-10));
#10866 = CARTESIAN_POINT('',(10.160113767525,-2.281535017292E-10));
#10867 = CARTESIAN_POINT('',(10.794645539727,-2.775051628179E-10));
#10868 = CARTESIAN_POINT('',(11.429278304199,-3.577206006347E-10));
#10869 = CARTESIAN_POINT('',(12.064058346808,-4.474040309311E-10));
#10870 = CARTESIAN_POINT('',(12.699007047699,-5.282583015334E-10));
#10871 = CARTESIAN_POINT('',(13.334118809971,-5.839048256804E-10));
#10872 = CARTESIAN_POINT('',(13.757591489709,-6.075398103593E-10));
#10873 = CARTESIAN_POINT('',(13.9693359388,-6.158085644419E-10));
#10874 = ( GEOMETRIC_REPRESENTATION_CONTEXT(2) 
PARAMETRIC_REPRESENTATION_CONTEXT() REPRESENTATION_CONTEXT('2D SPACE',''
  ) );
#10875 = ORIENTED_EDGE('',*,*,#10876,.F.);
#10876 = EDGE_CURVE('',#7120,#10798,#10877,.T.);
#10877 = SURFACE_CURVE('',#10878,(#10882,#10889),.PCURVE_S1.);
#10878 = LINE('',#10879,#10880);
#10879 = CARTESIAN_POINT('',(451.555772339,761.995626882,42.5));
#10880 = VECTOR('',#10881,1.);
#10881 = DIRECTION('',(1.,0.,0.));
#10882 = PCURVE('',#7135,#10883);
#10883 = DEFINITIONAL_REPRESENTATION('',(#10884),#10888);
#10884 = LINE('',#10885,#10886);
#10885 = CARTESIAN_POINT('',(216.793780027,68.202636897588));
#10886 = VECTOR('',#10887,1.);
#10887 = DIRECTION('',(1.,0.));
#10888 = ( GEOMETRIC_REPRESENTATION_CONTEXT(2) 
PARAMETRIC_REPRESENTATION_CONTEXT() REPRESENTATION_CONTEXT('2D SPACE',''
  ) );
#10889 = PCURVE('',#10890,#10895);
#10890 = PLANE('',#10891);
#10891 = AXIS2_PLACEMENT_3D('',#10892,#10893,#10894);
#10892 = CARTESIAN_POINT('',(451.55577234,761.995626882,42.5));
#10893 = DIRECTION('',(0.,-0.725374371012,-0.688354575694));
#10894 = DIRECTION('',(1.,0.,0.));
#10895 = DEFINITIONAL_REPRESENTATION('',(#10896),#10900);
#10896 = LINE('',#10897,#10898);
#10897 = CARTESIAN_POINT('',(-9.999894245993E-10,0.));
#10898 = VECTOR('',#10899,1.);
#10899 = DIRECTION('',(1.,0.));
#10900 = ( GEOMETRIC_REPRESENTATION_CONTEXT(2) 
PARAMETRIC_REPRESENTATION_CONTEXT() REPRESENTATION_CONTEXT('2D SPACE',''
  ) );
#10901 = ORIENTED_EDGE('',*,*,#7119,.T.);
#10902 = ORIENTED_EDGE('',*,*,#10491,.F.);
#10903 = ADVANCED_FACE('',(#10904),#7223,.F.);
#10904 = FACE_BOUND('',#10905,.F.);
#10905 = EDGE_LOOP('',(#10906,#10907,#10908,#10909,#10960));
#10906 = ORIENTED_EDGE('',*,*,#7147,.F.);
#10907 = ORIENTED_EDGE('',*,*,#7305,.T.);
#10908 = ORIENTED_EDGE('',*,*,#8897,.T.);
#10909 = ORIENTED_EDGE('',*,*,#10910,.T.);
#10910 = EDGE_CURVE('',#8875,#10911,#10913,.T.);
#10911 = VERTEX_POINT('',#10912);
#10912 = CARTESIAN_POINT('',(443.77898393,760.427555159,44.1524028172));
#10913 = SURFACE_CURVE('',#10914,(#10924,#10931),.PCURVE_S1.);
#10914 = B_SPLINE_CURVE_WITH_KNOTS('',5,(#10915,#10916,#10917,#10918,
    #10919,#10920,#10921,#10922,#10923),.UNSPECIFIED.,.F.,.F.,(6,3,6),(
    5.32299949183,8.38301868634,10.4787733579),.UNSPECIFIED.);
#10915 = CARTESIAN_POINT('',(439.411750339,758.920761327,43.8799765542)
  );
#10916 = CARTESIAN_POINT('',(439.926742901,759.208084891,43.8833900994)
  );
#10917 = CARTESIAN_POINT('',(440.454240109,759.468794688,43.8964201912)
  );
#10918 = CARTESIAN_POINT('',(440.987857177,759.698662685,43.9190164621)
  );
#10919 = CARTESIAN_POINT('',(441.885247341,760.028738269,43.9723192362)
  );
#10920 = CARTESIAN_POINT('',(442.759312144,760.25660248,44.0467883077));
#10921 = CARTESIAN_POINT('',(443.108439558,760.331674993,44.080052706));
#10922 = CARTESIAN_POINT('',(443.449073443,760.388755363,44.1155831855)
  );
#10923 = CARTESIAN_POINT('',(443.77898393,760.427555159,44.1524028172));
#10924 = PCURVE('',#7223,#10925);
#10925 = DEFINITIONAL_REPRESENTATION('',(#10926),#10930);
#10926 = LINE('',#10927,#10928);
#10927 = CARTESIAN_POINT('',(5.050182494415E-12,-2.277999999739));
#10928 = VECTOR('',#10929,1.);
#10929 = DIRECTION('',(1.,-2.494967464959E-11));
#10930 = ( GEOMETRIC_REPRESENTATION_CONTEXT(2) 
PARAMETRIC_REPRESENTATION_CONTEXT() REPRESENTATION_CONTEXT('2D SPACE',''
  ) );
#10931 = PCURVE('',#8839,#10932);
#10932 = DEFINITIONAL_REPRESENTATION('',(#10933),#10959);
#10933 = B_SPLINE_CURVE_WITH_KNOTS('',3,(#10934,#10935,#10936,#10937,
    #10938,#10939,#10940,#10941,#10942,#10943,#10944,#10945,#10946,
    #10947,#10948,#10949,#10950,#10951,#10952,#10953,#10954,#10955,
    #10956,#10957,#10958),.UNSPECIFIED.,.F.,.F.,(4,1,1,1,1,1,1,1,1,1,1,1
    ,1,1,1,1,1,1,1,1,1,1,4),(5.32299949183,5.557352849379,5.791706206927
    ,6.026059564476,6.260412922025,6.494766279573,6.729119637122,
    6.96347299467,7.197826352219,7.432179709768,7.666533067316,
    7.900886424865,8.135239782414,8.369593139962,8.603946497511,
    8.83829985506,9.072653212608,9.307006570157,9.541359927705,
    9.775713285254,10.010066642803,10.244420000351,10.4787733579),
  .UNSPECIFIED.);
#10934 = CARTESIAN_POINT('',(3.141581721004,-55.68600524946));
#10935 = CARTESIAN_POINT('',(3.133226836802,-55.62786020457));
#10936 = CARTESIAN_POINT('',(3.116505888172,-55.51172348181));
#10937 = CARTESIAN_POINT('',(3.091397105421,-55.33814179392));
#10938 = CARTESIAN_POINT('',(3.066267142729,-55.16534679749));
#10939 = CARTESIAN_POINT('',(3.041122183518,-54.9935017877));
#10940 = CARTESIAN_POINT('',(3.015968411807,-54.82277005974));
#10941 = CARTESIAN_POINT('',(2.990812010911,-54.6533149088));
#10942 = CARTESIAN_POINT('',(2.965659161734,-54.48529963004));
#10943 = CARTESIAN_POINT('',(2.940516041586,-54.31888751865));
#10944 = CARTESIAN_POINT('',(2.915388823641,-54.15424186979));
#10945 = CARTESIAN_POINT('',(2.890283677417,-53.99152597863));
#10946 = CARTESIAN_POINT('',(2.865206770415,-53.83090314036));
#10947 = CARTESIAN_POINT('',(2.840164271643,-53.67253665015));
#10948 = CARTESIAN_POINT('',(2.815162355655,-53.51658980318));
#10949 = CARTESIAN_POINT('',(2.790207213367,-53.36322589465));
#10950 = CARTESIAN_POINT('',(2.765305027225,-53.21260821973));
#10951 = CARTESIAN_POINT('',(2.7404619715,-53.0649000736));
#10952 = CARTESIAN_POINT('',(2.715684220188,-52.92026475145));
#10953 = CARTESIAN_POINT('',(2.690977948381,-52.77886554848));
#10954 = CARTESIAN_POINT('',(2.666349333472,-52.64086575987));
#10955 = CARTESIAN_POINT('',(2.64180455464,-52.50642868082));
#10956 = CARTESIAN_POINT('',(2.617349791987,-52.37571760653));
#10957 = CARTESIAN_POINT('',(2.60111074597,-52.29116975698));
#10958 = CARTESIAN_POINT('',(2.593008284934,-52.24957126474));
#10959 = ( GEOMETRIC_REPRESENTATION_CONTEXT(2) 
PARAMETRIC_REPRESENTATION_CONTEXT() REPRESENTATION_CONTEXT('2D SPACE',''
  ) );
#10960 = ORIENTED_EDGE('',*,*,#10961,.T.);
#10961 = EDGE_CURVE('',#10911,#7120,#10962,.T.);
#10962 = SURFACE_CURVE('',#10963,(#10966,#10973),.PCURVE_S1.);
#10963 = B_SPLINE_CURVE_WITH_KNOTS('',1,(#10964,#10965),.UNSPECIFIED.,
  .F.,.F.,(2,2),(-2.278,8.82249653194E-03),.PIECEWISE_BEZIER_KNOTS.);
#10964 = CARTESIAN_POINT('',(443.77898393,760.427555159,44.1524028172));
#10965 = CARTESIAN_POINT('',(443.77898393,761.995626882,42.5));
#10966 = PCURVE('',#7223,#10967);
#10967 = DEFINITIONAL_REPRESENTATION('',(#10968),#10972);
#10968 = LINE('',#10969,#10970);
#10969 = CARTESIAN_POINT('',(10.4787733579,-4.618527782441E-14));
#10970 = VECTOR('',#10971,1.);
#10971 = DIRECTION('',(6.214236013837E-15,1.));
#10972 = ( GEOMETRIC_REPRESENTATION_CONTEXT(2) 
PARAMETRIC_REPRESENTATION_CONTEXT() REPRESENTATION_CONTEXT('2D SPACE',''
  ) );
#10973 = PCURVE('',#10890,#10974);
#10974 = DEFINITIONAL_REPRESENTATION('',(#10975),#10978);
#10975 = B_SPLINE_CURVE_WITH_KNOTS('',1,(#10976,#10977),.UNSPECIFIED.,
  .F.,.F.,(2,2),(-2.278,8.82249653194E-03),.PIECEWISE_BEZIER_KNOTS.);
#10976 = CARTESIAN_POINT('',(-7.77678841,2.277999999728));
#10977 = CARTESIAN_POINT('',(-7.77678841,0.));
#10978 = ( GEOMETRIC_REPRESENTATION_CONTEXT(2) 
PARAMETRIC_REPRESENTATION_CONTEXT() REPRESENTATION_CONTEXT('2D SPACE',''
  ) );
#10979 = ADVANCED_FACE('',(#10980),#7383,.T.);
#10980 = FACE_BOUND('',#10981,.T.);
#10981 = EDGE_LOOP('',(#10982,#10983,#10984,#10985,#11036));
#10982 = ORIENTED_EDGE('',*,*,#7470,.F.);
#10983 = ORIENTED_EDGE('',*,*,#7366,.T.);
#10984 = ORIENTED_EDGE('',*,*,#9003,.T.);
#10985 = ORIENTED_EDGE('',*,*,#10986,.F.);
#10986 = EDGE_CURVE('',#10987,#8974,#10989,.T.);
#10987 = VERTEX_POINT('',#10988);
#10988 = CARTESIAN_POINT('',(425.769854892,749.238,45.6));
#10989 = SURFACE_CURVE('',#10990,(#11000,#11007),.PCURVE_S1.);
#10990 = B_SPLINE_CURVE_WITH_KNOTS('',5,(#10991,#10992,#10993,#10994,
    #10995,#10996,#10997,#10998,#10999),.UNSPECIFIED.,.F.,.F.,(6,3,6),(
    0.,2.59633360782,3.23884580631),.UNSPECIFIED.);
#10991 = CARTESIAN_POINT('',(425.769854892,749.238,45.6));
#10992 = CARTESIAN_POINT('',(426.259626932,749.238,45.6));
#10993 = CARTESIAN_POINT('',(426.81338375,749.272158785,45.5969658926));
#10994 = CARTESIAN_POINT('',(427.409847578,749.358366924,45.5903232126)
  );
#10995 = CARTESIAN_POINT('',(428.176792069,749.545331902,45.5767682414)
  );
#10996 = CARTESIAN_POINT('',(428.932133437,749.825048292,45.5557379704)
  );
#10997 = CARTESIAN_POINT('',(429.081127468,749.884125104,45.5512638015)
  );
#10998 = CARTESIAN_POINT('',(429.228909586,749.946678335,45.5464787034)
  );
#10999 = CARTESIAN_POINT('',(429.375144933,750.012552554,45.541373679));
#11000 = PCURVE('',#7383,#11001);
#11001 = DEFINITIONAL_REPRESENTATION('',(#11002),#11006);
#11002 = LINE('',#11003,#11004);
#11003 = CARTESIAN_POINT('',(-4.508893703451E-14,2.28343173177));
#11004 = VECTOR('',#11005,1.);
#11005 = DIRECTION('',(1.,5.637253530564E-11));
#11006 = ( GEOMETRIC_REPRESENTATION_CONTEXT(2) 
PARAMETRIC_REPRESENTATION_CONTEXT() REPRESENTATION_CONTEXT('2D SPACE',''
  ) );
#11007 = PCURVE('',#8991,#11008);
#11008 = DEFINITIONAL_REPRESENTATION('',(#11009),#11035);
#11009 = B_SPLINE_CURVE_WITH_KNOTS('',3,(#11010,#11011,#11012,#11013,
    #11014,#11015,#11016,#11017,#11018,#11019,#11020,#11021,#11022,
    #11023,#11024,#11025,#11026,#11027,#11028,#11029,#11030,#11031,
    #11032,#11033,#11034),.UNSPECIFIED.,.F.,.F.,(4,1,1,1,1,1,1,1,1,1,1,1
    ,1,1,1,1,1,1,1,1,1,1,4),(0.,0.147220263918,0.294440527836,
    0.441660791754,0.588881055671,0.736101319589,0.883321583507,
    1.030541847425,1.177762111343,1.324982375261,1.472202639178,
    1.619422903096,1.766643167014,1.913863430932,2.06108369485,
    2.208303958768,2.355524222686,2.502744486603,2.649964750521,
    2.797185014439,2.944405278357,3.091625542275,3.238845806193),
  .UNSPECIFIED.);
#11010 = CARTESIAN_POINT('',(2.718350309982,-76.336333298));
#11011 = CARTESIAN_POINT('',(2.723623289809,-76.33633330163));
#11012 = CARTESIAN_POINT('',(2.734325408317,-76.33639833096));
#11013 = CARTESIAN_POINT('',(2.750824936947,-76.33669729746));
#11014 = CARTESIAN_POINT('',(2.76774858599,-76.33720402688));
#11015 = CARTESIAN_POINT('',(2.785074491645,-76.33792491533));
#11016 = CARTESIAN_POINT('',(2.802781018064,-76.33886638874));
#11017 = CARTESIAN_POINT('',(2.820846774085,-76.34003490315));
#11018 = CARTESIAN_POINT('',(2.839250579993,-76.34143693799));
#11019 = CARTESIAN_POINT('',(2.857971439104,-76.34307899118));
#11020 = CARTESIAN_POINT('',(2.876988499276,-76.34496757382));
#11021 = CARTESIAN_POINT('',(2.896281008206,-76.34710920494));
#11022 = CARTESIAN_POINT('',(2.915828261406,-76.34951040625));
#11023 = CARTESIAN_POINT('',(2.935609543159,-76.35217769688));
#11024 = CARTESIAN_POINT('',(2.95560406044,-76.35511758811));
#11025 = CARTESIAN_POINT('',(2.975790870078,-76.35833657837));
#11026 = CARTESIAN_POINT('',(2.996148799008,-76.36184114679));
#11027 = CARTESIAN_POINT('',(3.016656359277,-76.36563775264));
#11028 = CARTESIAN_POINT('',(3.037291653029,-76.36973281238));
#11029 = CARTESIAN_POINT('',(3.058032287091,-76.37413276063));
#11030 = CARTESIAN_POINT('',(3.078855227694,-76.37884377355));
#11031 = CARTESIAN_POINT('',(3.099737774872,-76.38387178336));
#11032 = CARTESIAN_POINT('',(3.120657768476,-76.38922296005));
#11033 = CARTESIAN_POINT('',(3.134615003003,-76.39301008709));
#11034 = CARTESIAN_POINT('',(3.141592638023,-76.39495961899));
#11035 = ( GEOMETRIC_REPRESENTATION_CONTEXT(2) 
PARAMETRIC_REPRESENTATION_CONTEXT() REPRESENTATION_CONTEXT('2D SPACE',''
  ) );
#11036 = ORIENTED_EDGE('',*,*,#11037,.F.);
#11037 = EDGE_CURVE('',#7443,#10987,#11038,.T.);
#11038 = SURFACE_CURVE('',#11039,(#11042,#11049),.PCURVE_S1.);
#11039 = B_SPLINE_CURVE_WITH_KNOTS('',1,(#11040,#11041),.UNSPECIFIED.,
  .F.,.F.,(2,2),(-3.95563990373E-14,2.28343173177),
  .PIECEWISE_BEZIER_KNOTS.);
#11040 = CARTESIAN_POINT('',(425.769854892,751.516,45.6));
#11041 = CARTESIAN_POINT('',(425.769854892,749.238,45.6));
#11042 = PCURVE('',#7383,#11043);
#11043 = DEFINITIONAL_REPRESENTATION('',(#11044),#11048);
#11044 = LINE('',#11045,#11046);
#11045 = CARTESIAN_POINT('',(-7.179605343074E-14,-8.60267408975E-15));
#11046 = VECTOR('',#11047,1.);
#11047 = DIRECTION('',(1.169604329512E-14,1.));
#11048 = ( GEOMETRIC_REPRESENTATION_CONTEXT(2) 
PARAMETRIC_REPRESENTATION_CONTEXT() REPRESENTATION_CONTEXT('2D SPACE',''
  ) );
#11049 = PCURVE('',#11050,#11055);
#11050 = PLANE('',#11051);
#11051 = AXIS2_PLACEMENT_3D('',#11052,#11053,#11054);
#11052 = CARTESIAN_POINT('',(419.834927446,751.516,45.6));
#11053 = DIRECTION('',(0.,0.,1.));
#11054 = DIRECTION('',(1.,0.,-0.));
#11055 = DEFINITIONAL_REPRESENTATION('',(#11056),#11059);
#11056 = B_SPLINE_CURVE_WITH_KNOTS('',1,(#11057,#11058),.UNSPECIFIED.,
  .F.,.F.,(2,2),(-3.95563990373E-14,2.28343173177),
  .PIECEWISE_BEZIER_KNOTS.);
#11057 = CARTESIAN_POINT('',(5.934927446,0.));
#11058 = CARTESIAN_POINT('',(5.934927446,-2.278));
#11059 = ( GEOMETRIC_REPRESENTATION_CONTEXT(2) 
PARAMETRIC_REPRESENTATION_CONTEXT() REPRESENTATION_CONTEXT('2D SPACE',''
  ) );
#11060 = ADVANCED_FACE('',(#11061),#7458,.F.);
#11061 = FACE_BOUND('',#11062,.T.);
#11062 = EDGE_LOOP('',(#11063,#11064,#11087,#11116,#11144,#11170));
#11063 = ORIENTED_EDGE('',*,*,#7442,.F.);
#11064 = ORIENTED_EDGE('',*,*,#11065,.T.);
#11065 = EDGE_CURVE('',#7443,#11066,#11068,.T.);
#11066 = VERTEX_POINT('',#11067);
#11067 = CARTESIAN_POINT('',(413.9,751.516,45.5999999996));
#11068 = SURFACE_CURVE('',#11069,(#11073,#11080),.PCURVE_S1.);
#11069 = LINE('',#11070,#11071);
#11070 = CARTESIAN_POINT('',(419.834927446,751.516,45.5999999996));
#11071 = VECTOR('',#11072,1.);
#11072 = DIRECTION('',(-1.,0.,0.));
#11073 = PCURVE('',#7458,#11074);
#11074 = DEFINITIONAL_REPRESENTATION('',(#11075),#11079);
#11075 = LINE('',#11076,#11077);
#11076 = CARTESIAN_POINT('',(-2.3996597286,-988.965072554));
#11077 = VECTOR('',#11078,1.);
#11078 = DIRECTION('',(0.,-1.));
#11079 = ( GEOMETRIC_REPRESENTATION_CONTEXT(2) 
PARAMETRIC_REPRESENTATION_CONTEXT() REPRESENTATION_CONTEXT('2D SPACE',''
  ) );
#11080 = PCURVE('',#11050,#11081);
#11081 = DEFINITIONAL_REPRESENTATION('',(#11082),#11086);
#11082 = LINE('',#11083,#11084);
#11083 = CARTESIAN_POINT('',(0.,0.));
#11084 = VECTOR('',#11085,1.);
#11085 = DIRECTION('',(-1.,0.));
#11086 = ( GEOMETRIC_REPRESENTATION_CONTEXT(2) 
PARAMETRIC_REPRESENTATION_CONTEXT() REPRESENTATION_CONTEXT('2D SPACE',''
  ) );
#11087 = ORIENTED_EDGE('',*,*,#11088,.F.);
#11088 = EDGE_CURVE('',#11089,#11066,#11091,.T.);
#11089 = VERTEX_POINT('',#11090);
#11090 = CARTESIAN_POINT('',(410.364466095,751.516,47.0644660946));
#11091 = SURFACE_CURVE('',#11092,(#11097,#11104),.PCURVE_S1.);
#11092 = CIRCLE('',#11093,4.99999999745);
#11093 = AXIS2_PLACEMENT_3D('',#11094,#11095,#11096);
#11094 = CARTESIAN_POINT('',(413.9,751.516,50.5999999971));
#11095 = DIRECTION('',(0.,-1.,0.));
#11096 = DIRECTION('',(0.,-0.,-1.));
#11097 = PCURVE('',#7458,#11098);
#11098 = DEFINITIONAL_REPRESENTATION('',(#11099),#11103);
#11099 = CIRCLE('',#11100,4.99999999745);
#11100 = AXIS2_PLACEMENT_2D('',#11101,#11102);
#11101 = CARTESIAN_POINT('',(-7.3996597261,-994.9));
#11102 = DIRECTION('',(1.,0.));
#11103 = ( GEOMETRIC_REPRESENTATION_CONTEXT(2) 
PARAMETRIC_REPRESENTATION_CONTEXT() REPRESENTATION_CONTEXT('2D SPACE',''
  ) );
#11104 = PCURVE('',#11105,#11110);
#11105 = CYLINDRICAL_SURFACE('',#11106,5.);
#11106 = AXIS2_PLACEMENT_3D('',#11107,#11108,#11109);
#11107 = CARTESIAN_POINT('',(413.9,751.516,50.6));
#11108 = DIRECTION('',(0.,-1.,-0.));
#11109 = DIRECTION('',(-0.707106781187,0.,-0.707106781187));
#11110 = DEFINITIONAL_REPRESENTATION('',(#11111),#11115);
#11111 = LINE('',#11112,#11113);
#11112 = CARTESIAN_POINT('',(-5.497787143429,0.));
#11113 = VECTOR('',#11114,1.);
#11114 = DIRECTION('',(1.,0.));
#11115 = ( GEOMETRIC_REPRESENTATION_CONTEXT(2) 
PARAMETRIC_REPRESENTATION_CONTEXT() REPRESENTATION_CONTEXT('2D SPACE',''
  ) );
#11116 = ORIENTED_EDGE('',*,*,#11117,.F.);
#11117 = EDGE_CURVE('',#11118,#11089,#11120,.T.);
#11118 = VERTEX_POINT('',#11119);
#11119 = CARTESIAN_POINT('',(408.9,751.516,50.5999999996));
#11120 = SURFACE_CURVE('',#11121,(#11126,#11133),.PCURVE_S1.);
#11121 = CIRCLE('',#11122,5.00000001833);
#11122 = AXIS2_PLACEMENT_3D('',#11123,#11124,#11125);
#11123 = CARTESIAN_POINT('',(413.900000018,751.516,50.600000009));
#11124 = DIRECTION('',(0.,-1.,0.));
#11125 = DIRECTION('',(0.,-0.,-1.));
#11126 = PCURVE('',#7458,#11127);
#11127 = DEFINITIONAL_REPRESENTATION('',(#11128),#11132);
#11128 = CIRCLE('',#11129,5.00000001833);
#11129 = AXIS2_PLACEMENT_2D('',#11130,#11131);
#11130 = CARTESIAN_POINT('',(-7.399659738,-994.899999982));
#11131 = DIRECTION('',(1.,0.));
#11132 = ( GEOMETRIC_REPRESENTATION_CONTEXT(2) 
PARAMETRIC_REPRESENTATION_CONTEXT() REPRESENTATION_CONTEXT('2D SPACE',''
  ) );
#11133 = PCURVE('',#11134,#11139);
#11134 = CYLINDRICAL_SURFACE('',#11135,5.);
#11135 = AXIS2_PLACEMENT_3D('',#11136,#11137,#11138);
#11136 = CARTESIAN_POINT('',(413.9,751.516,50.6));
#11137 = DIRECTION('',(0.,-1.,0.));
#11138 = DIRECTION('',(0.707106781187,0.,0.707106781187));
#11139 = DEFINITIONAL_REPRESENTATION('',(#11140),#11143);
#11140 = B_SPLINE_CURVE_WITH_KNOTS('',1,(#11141,#11142),.UNSPECIFIED.,
  .F.,.F.,(2,2),(4.712388982265,5.497787142566),
  .PIECEWISE_BEZIER_KNOTS.);
#11141 = CARTESIAN_POINT('',(2.356194490272,0.));
#11142 = CARTESIAN_POINT('',(3.141592653646,0.));
#11143 = ( GEOMETRIC_REPRESENTATION_CONTEXT(2) 
PARAMETRIC_REPRESENTATION_CONTEXT() REPRESENTATION_CONTEXT('2D SPACE',''
  ) );
#11144 = ORIENTED_EDGE('',*,*,#11145,.T.);
#11145 = EDGE_CURVE('',#11118,#7722,#11146,.T.);
#11146 = SURFACE_CURVE('',#11147,(#11151,#11158),.PCURVE_S1.);
#11147 = LINE('',#11148,#11149);
#11148 = CARTESIAN_POINT('',(408.9,751.516,57.4974721884));
#11149 = VECTOR('',#11150,1.);
#11150 = DIRECTION('',(0.,0.,1.));
#11151 = PCURVE('',#7458,#11152);
#11152 = DEFINITIONAL_REPRESENTATION('',(#11153),#11157);
#11153 = LINE('',#11154,#11155);
#11154 = CARTESIAN_POINT('',(-14.2971319174,-999.9));
#11155 = VECTOR('',#11156,1.);
#11156 = DIRECTION('',(-1.,0.));
#11157 = ( GEOMETRIC_REPRESENTATION_CONTEXT(2) 
PARAMETRIC_REPRESENTATION_CONTEXT() REPRESENTATION_CONTEXT('2D SPACE',''
  ) );
#11158 = PCURVE('',#11159,#11164);
#11159 = PLANE('',#11160);
#11160 = AXIS2_PLACEMENT_3D('',#11161,#11162,#11163);
#11161 = CARTESIAN_POINT('',(408.9,751.516,57.4974721887));
#11162 = DIRECTION('',(1.,0.,0.));
#11163 = DIRECTION('',(-0.,1.,0.));
#11164 = DEFINITIONAL_REPRESENTATION('',(#11165),#11169);
#11165 = LINE('',#11166,#11167);
#11166 = CARTESIAN_POINT('',(0.,-2.999982484653E-10));
#11167 = VECTOR('',#11168,1.);
#11168 = DIRECTION('',(0.,1.));
#11169 = ( GEOMETRIC_REPRESENTATION_CONTEXT(2) 
PARAMETRIC_REPRESENTATION_CONTEXT() REPRESENTATION_CONTEXT('2D SPACE',''
  ) );
#11170 = ORIENTED_EDGE('',*,*,#7721,.F.);
#11171 = ADVANCED_FACE('',(#11172),#7683,.F.);
#11172 = FACE_BOUND('',#11173,.F.);
#11173 = EDGE_LOOP('',(#11174,#11175,#11176,#11227,#11246));
#11174 = ORIENTED_EDGE('',*,*,#7669,.F.);
#11175 = ORIENTED_EDGE('',*,*,#8180,.F.);
#11176 = ORIENTED_EDGE('',*,*,#11177,.T.);
#11177 = EDGE_CURVE('',#8153,#11178,#11180,.T.);
#11178 = VERTEX_POINT('',#11179);
#11179 = CARTESIAN_POINT('',(408.9,749.238,64.3949443774));
#11180 = SURFACE_CURVE('',#11181,(#11191,#11198),.PCURVE_S1.);
#11181 = B_SPLINE_CURVE_WITH_KNOTS('',5,(#11182,#11183,#11184,#11185,
    #11186,#11187,#11188,#11189,#11190),.UNSPECIFIED.,.F.,.F.,(6,3,6),(
    1.98061257247,2.76997864508,3.95311269272),.UNSPECIFIED.);
#11182 = CARTESIAN_POINT('',(408.920143864,749.140910088,66.2473970736)
  );
#11183 = CARTESIAN_POINT('',(408.91873897,749.158226556,66.0826691324));
#11184 = CARTESIAN_POINT('',(408.916929894,749.173639299,65.9175377579)
  );
#11185 = CARTESIAN_POINT('',(408.914861497,749.186993177,65.7533826745)
  );
#11186 = CARTESIAN_POINT('',(408.909406616,749.215125978,65.3493161825)
  );
#11187 = CARTESIAN_POINT('',(408.904141971,749.230751389,64.971057122));
#11188 = CARTESIAN_POINT('',(408.901544684,749.235967088,64.7583550349)
  );
#11189 = CARTESIAN_POINT('',(408.9,749.238,64.5647142785));
#11190 = CARTESIAN_POINT('',(408.9,749.238,64.3949443774));
#11191 = PCURVE('',#7683,#11192);
#11192 = DEFINITIONAL_REPRESENTATION('',(#11193),#11197);
#11193 = LINE('',#11194,#11195);
#11194 = CARTESIAN_POINT('',(6.6500138729E-12,-2.277999999273));
#11195 = VECTOR('',#11196,1.);
#11196 = DIRECTION('',(1.,-1.838709328931E-10));
#11197 = ( GEOMETRIC_REPRESENTATION_CONTEXT(2) 
PARAMETRIC_REPRESENTATION_CONTEXT() REPRESENTATION_CONTEXT('2D SPACE',''
  ) );
#11198 = PCURVE('',#8168,#11199);
#11199 = DEFINITIONAL_REPRESENTATION('',(#11200),#11226);
#11200 = B_SPLINE_CURVE_WITH_KNOTS('',3,(#11201,#11202,#11203,#11204,
    #11205,#11206,#11207,#11208,#11209,#11210,#11211,#11212,#11213,
    #11214,#11215,#11216,#11217,#11218,#11219,#11220,#11221,#11222,
    #11223,#11224,#11225),.UNSPECIFIED.,.F.,.F.,(4,1,1,1,1,1,1,1,1,1,1,1
    ,1,1,1,1,1,1,1,1,1,1,4),(1.980612572483,2.070271668858,
    2.159930765232,2.249589861606,2.339248957981,2.428908054355,
    2.51856715073,2.608226247104,2.697885343478,2.787544439853,
    2.877203536227,2.966862632602,3.056521728976,3.14618082535,
    3.235839921725,3.325499018099,3.415158114474,3.504817210848,
    3.594476307222,3.684135403597,3.773794499971,3.863453596346,
    3.95311269272),.UNSPECIFIED.);
#11201 = CARTESIAN_POINT('',(0.,8.269999213));
#11202 = CARTESIAN_POINT('',(1.769308192351E-03,8.270265168121));
#11203 = CARTESIAN_POINT('',(5.308941032859E-03,8.270831841015));
#11204 = CARTESIAN_POINT('',(1.061452826804E-02,8.271773403981));
#11205 = CARTESIAN_POINT('',(1.590938987453E-02,8.272793786018));
#11206 = CARTESIAN_POINT('',(2.118649498463E-02,8.273880253357));
#11207 = CARTESIAN_POINT('',(2.643868350416E-02,8.275020071657));
#11208 = CARTESIAN_POINT('',(3.165863786E-02,8.276200505137));
#11209 = CARTESIAN_POINT('',(3.683886659619E-02,8.277408816127));
#11210 = CARTESIAN_POINT('',(4.197170677761E-02,8.278632262449));
#11211 = CARTESIAN_POINT('',(4.704923927408E-02,8.279858103064));
#11212 = CARTESIAN_POINT('',(5.206354220116E-02,8.281073572099));
#11213 = CARTESIAN_POINT('',(5.700765761467E-02,8.282265812016));
#11214 = CARTESIAN_POINT('',(6.187452114591E-02,8.283421976132));
#11215 = CARTESIAN_POINT('',(6.665709845517E-02,8.284529214859));
#11216 = CARTESIAN_POINT('',(7.134834764885E-02,8.285574679389));
#11217 = CARTESIAN_POINT('',(7.594122860248E-02,8.286545520703));
#11218 = CARTESIAN_POINT('',(8.042869997861E-02,8.28742888984));
#11219 = CARTESIAN_POINT('',(8.480371979224E-02,8.288211937822));
#11220 = CARTESIAN_POINT('',(8.905924527096E-02,8.288881815673));
#11221 = CARTESIAN_POINT('',(9.318823311369E-02,8.289425674415));
#11222 = CARTESIAN_POINT('',(9.718363993064E-02,8.289830665069));
#11223 = CARTESIAN_POINT('',(0.101038422574,8.290083938651));
#11224 = CARTESIAN_POINT('',(0.103509833982,8.290143077));
#11225 = CARTESIAN_POINT('',(0.10471975512,8.290143077));
#11226 = ( GEOMETRIC_REPRESENTATION_CONTEXT(2) 
PARAMETRIC_REPRESENTATION_CONTEXT() REPRESENTATION_CONTEXT('2D SPACE',''
  ) );
#11227 = ORIENTED_EDGE('',*,*,#11228,.T.);
#11228 = EDGE_CURVE('',#11178,#7722,#11229,.T.);
#11229 = SURFACE_CURVE('',#11230,(#11233,#11240),.PCURVE_S1.);
#11230 = B_SPLINE_CURVE_WITH_KNOTS('',1,(#11231,#11232),.UNSPECIFIED.,
  .F.,.F.,(2,2),(-2.278,7.15576156879E-04),.PIECEWISE_BEZIER_KNOTS.);
#11231 = CARTESIAN_POINT('',(408.9,749.238,64.3949443774));
#11232 = CARTESIAN_POINT('',(408.9,751.516,64.3949443774));
#11233 = PCURVE('',#7683,#11234);
#11234 = DEFINITIONAL_REPRESENTATION('',(#11235),#11239);
#11235 = LINE('',#11236,#11237);
#11236 = CARTESIAN_POINT('',(3.95311269272,8.704148513061E-14));
#11237 = VECTOR('',#11238,1.);
#11238 = DIRECTION('',(6.041458464321E-15,1.));
#11239 = ( GEOMETRIC_REPRESENTATION_CONTEXT(2) 
PARAMETRIC_REPRESENTATION_CONTEXT() REPRESENTATION_CONTEXT('2D SPACE',''
  ) );
#11240 = PCURVE('',#11159,#11241);
#11241 = DEFINITIONAL_REPRESENTATION('',(#11242),#11245);
#11242 = B_SPLINE_CURVE_WITH_KNOTS('',1,(#11243,#11244),.UNSPECIFIED.,
  .F.,.F.,(2,2),(-2.278,7.15576156879E-04),.PIECEWISE_BEZIER_KNOTS.);
#11243 = CARTESIAN_POINT('',(-2.278,6.8974721887));
#11244 = CARTESIAN_POINT('',(0.,6.8974721887));
#11245 = ( GEOMETRIC_REPRESENTATION_CONTEXT(2) 
PARAMETRIC_REPRESENTATION_CONTEXT() REPRESENTATION_CONTEXT('2D SPACE',''
  ) );
#11246 = ORIENTED_EDGE('',*,*,#7744,.T.);
#11247 = ADVANCED_FACE('',(#11248),#8168,.F.);
#11248 = FACE_BOUND('',#11249,.F.);
#11249 = EDGE_LOOP('',(#11250,#11251,#11252,#11278));
#11250 = ORIENTED_EDGE('',*,*,#8150,.F.);
#11251 = ORIENTED_EDGE('',*,*,#9107,.T.);
#11252 = ORIENTED_EDGE('',*,*,#11253,.T.);
#11253 = EDGE_CURVE('',#9108,#11178,#11254,.T.);
#11254 = SURFACE_CURVE('',#11255,(#11259,#11266),.PCURVE_S1.);
#11255 = LINE('',#11256,#11257);
#11256 = CARTESIAN_POINT('',(417.190143077,749.238,64.3949443774));
#11257 = VECTOR('',#11258,1.);
#11258 = DIRECTION('',(-1.,0.,0.));
#11259 = PCURVE('',#8168,#11260);
#11260 = DEFINITIONAL_REPRESENTATION('',(#11261),#11265);
#11261 = LINE('',#11262,#11263);
#11262 = CARTESIAN_POINT('',(0.10471975512,0.));
#11263 = VECTOR('',#11264,1.);
#11264 = DIRECTION('',(0.,1.));
#11265 = ( GEOMETRIC_REPRESENTATION_CONTEXT(2) 
PARAMETRIC_REPRESENTATION_CONTEXT() REPRESENTATION_CONTEXT('2D SPACE',''
  ) );
#11266 = PCURVE('',#11267,#11272);
#11267 = PLANE('',#11268);
#11268 = AXIS2_PLACEMENT_3D('',#11269,#11270,#11271);
#11269 = CARTESIAN_POINT('',(1.4088E+03,749.238,43.200340271));
#11270 = DIRECTION('',(0.,-1.,0.));
#11271 = DIRECTION('',(0.,0.,-1.));
#11272 = DEFINITIONAL_REPRESENTATION('',(#11273),#11277);
#11273 = LINE('',#11274,#11275);
#11274 = CARTESIAN_POINT('',(-21.1946041064,-991.609856923));
#11275 = VECTOR('',#11276,1.);
#11276 = DIRECTION('',(0.,-1.));
#11277 = ( GEOMETRIC_REPRESENTATION_CONTEXT(2) 
PARAMETRIC_REPRESENTATION_CONTEXT() REPRESENTATION_CONTEXT('2D SPACE',''
  ) );
#11278 = ORIENTED_EDGE('',*,*,#11177,.F.);
#11279 = ADVANCED_FACE('',(#11280),#8336,.F.);
#11280 = FACE_BOUND('',#11281,.F.);
#11281 = EDGE_LOOP('',(#11282,#11283,#11284,#11310));
#11282 = ORIENTED_EDGE('',*,*,#8318,.T.);
#11283 = ORIENTED_EDGE('',*,*,#9194,.T.);
#11284 = ORIENTED_EDGE('',*,*,#11285,.F.);
#11285 = EDGE_CURVE('',#8445,#9195,#11286,.T.);
#11286 = SURFACE_CURVE('',#11287,(#11291,#11298),.PCURVE_S1.);
#11287 = LINE('',#11288,#11289);
#11288 = CARTESIAN_POINT('',(471.999106782,791.186067542,188.666057789)
  );
#11289 = VECTOR('',#11290,1.);
#11290 = DIRECTION('',(-0.61085961365,-0.690451192164,0.387463138441));
#11291 = PCURVE('',#8336,#11292);
#11292 = DEFINITIONAL_REPRESENTATION('',(#11293),#11297);
#11293 = LINE('',#11294,#11295);
#11294 = CARTESIAN_POINT('',(2.521314992043,-6.746248004674E-10));
#11295 = VECTOR('',#11296,1.);
#11296 = DIRECTION('',(-2.56051306026E-16,1.));
#11297 = ( GEOMETRIC_REPRESENTATION_CONTEXT(2) 
PARAMETRIC_REPRESENTATION_CONTEXT() REPRESENTATION_CONTEXT('2D SPACE',''
  ) );
#11298 = PCURVE('',#11299,#11304);
#11299 = PLANE('',#11300);
#11300 = AXIS2_PLACEMENT_3D('',#11301,#11302,#11303);
#11301 = CARTESIAN_POINT('',(2.85552647638E+03,789.7,189.5));
#11302 = DIRECTION('',(-1.06841432169E-16,0.489382451749,0.872069272432)
  );
#11303 = DIRECTION('',(-1.,2.192910056998E-28,-1.225148454906E-16));
#11304 = DEFINITIONAL_REPRESENTATION('',(#11305),#11309);
#11305 = LINE('',#11306,#11307);
#11306 = CARTESIAN_POINT('',(2.383527369598E+03,-1.704070523973));
#11307 = VECTOR('',#11308,1.);
#11308 = DIRECTION('',(0.61085961365,0.791738929453));
#11309 = ( GEOMETRIC_REPRESENTATION_CONTEXT(2) 
PARAMETRIC_REPRESENTATION_CONTEXT() REPRESENTATION_CONTEXT('2D SPACE',''
  ) );
#11310 = ORIENTED_EDGE('',*,*,#8444,.F.);
#11311 = ADVANCED_FACE('',(#11312),#8491,.F.);
#11312 = FACE_BOUND('',#11313,.F.);
#11313 = EDGE_LOOP('',(#11314,#11337,#11338,#11362));
#11314 = ORIENTED_EDGE('',*,*,#11315,.F.);
#11315 = EDGE_CURVE('',#8470,#11316,#11318,.T.);
#11316 = VERTEX_POINT('',#11317);
#11317 = CARTESIAN_POINT('',(509.322206269,833.182422605,162.785250709)
  );
#11318 = SURFACE_CURVE('',#11319,(#11323,#11330),.PCURVE_S1.);
#11319 = LINE('',#11320,#11321);
#11320 = CARTESIAN_POINT('',(484.902444281,833.182422605,162.785250709)
  );
#11321 = VECTOR('',#11322,1.);
#11322 = DIRECTION('',(1.,0.,0.));
#11323 = PCURVE('',#8491,#11324);
#11324 = DEFINITIONAL_REPRESENTATION('',(#11325),#11329);
#11325 = LINE('',#11326,#11327);
#11326 = CARTESIAN_POINT('',(0.,9.999894245993E-10));
#11327 = VECTOR('',#11328,1.);
#11328 = DIRECTION('',(0.,1.));
#11329 = ( GEOMETRIC_REPRESENTATION_CONTEXT(2) 
PARAMETRIC_REPRESENTATION_CONTEXT() REPRESENTATION_CONTEXT('2D SPACE',''
  ) );
#11330 = PCURVE('',#8544,#11331);
#11331 = DEFINITIONAL_REPRESENTATION('',(#11332),#11336);
#11332 = LINE('',#11333,#11334);
#11333 = CARTESIAN_POINT('',(3.14159265357,9.999894245993E-10));
#11334 = VECTOR('',#11335,1.);
#11335 = DIRECTION('',(0.,1.));
#11336 = ( GEOMETRIC_REPRESENTATION_CONTEXT(2) 
PARAMETRIC_REPRESENTATION_CONTEXT() REPRESENTATION_CONTEXT('2D SPACE',''
  ) );
#11337 = ORIENTED_EDGE('',*,*,#8469,.T.);
#11338 = ORIENTED_EDGE('',*,*,#11339,.T.);
#11339 = EDGE_CURVE('',#8445,#11340,#11342,.T.);
#11340 = VERTEX_POINT('',#11341);
#11341 = CARTESIAN_POINT('',(507.985323848,827.682688455,168.185109328)
  );
#11342 = SURFACE_CURVE('',#11343,(#11348,#11354),.PCURVE_S1.);
#11343 = B_SPLINE_CURVE_WITH_KNOTS('',3,(#11344,#11345,#11346,#11347),
  .UNSPECIFIED.,.F.,.F.,(4,4),(0.,5.22797202924),
  .PIECEWISE_BEZIER_KNOTS.);
#11344 = CARTESIAN_POINT('',(504.288589374,827.682688455,168.185109328)
  );
#11345 = CARTESIAN_POINT('',(505.520834199,827.682698921,168.185103455)
  );
#11346 = CARTESIAN_POINT('',(506.753079023,827.68267799,168.185115201));
#11347 = CARTESIAN_POINT('',(507.985323848,827.682688455,168.185109328)
  );
#11348 = PCURVE('',#8491,#11349);
#11349 = DEFINITIONAL_REPRESENTATION('',(#11350),#11353);
#11350 = B_SPLINE_CURVE_WITH_KNOTS('',1,(#11351,#11352),.UNSPECIFIED.,
  .F.,.F.,(2,2),(4.167644197351E-10,5.22797202924),
  .PIECEWISE_BEZIER_KNOTS.);
#11351 = CARTESIAN_POINT('',(0.529707427934,19.386145094295));
#11352 = CARTESIAN_POINT('',(0.529707427934,23.082879568));
#11353 = ( GEOMETRIC_REPRESENTATION_CONTEXT(2) 
PARAMETRIC_REPRESENTATION_CONTEXT() REPRESENTATION_CONTEXT('2D SPACE',''
  ) );
#11354 = PCURVE('',#11299,#11355);
#11355 = DEFINITIONAL_REPRESENTATION('',(#11356),#11361);
#11356 = B_SPLINE_CURVE_WITH_KNOTS('',3,(#11357,#11358,#11359,#11360),
  .UNSPECIFIED.,.F.,.F.,(4,4),(0.,5.22797202924),
  .PIECEWISE_BEZIER_KNOTS.);
#11357 = CARTESIAN_POINT('',(2.351237887006E+03,-43.55466894178));
#11358 = CARTESIAN_POINT('',(2.350005642181E+03,-43.55468094301));
#11359 = CARTESIAN_POINT('',(2.348773397357E+03,-43.55465694144));
#11360 = CARTESIAN_POINT('',(2.347541152532E+03,-43.55466894178));
#11361 = ( GEOMETRIC_REPRESENTATION_CONTEXT(2) 
PARAMETRIC_REPRESENTATION_CONTEXT() REPRESENTATION_CONTEXT('2D SPACE',''
  ) );
#11362 = ORIENTED_EDGE('',*,*,#11363,.T.);
#11363 = EDGE_CURVE('',#11340,#11316,#11364,.T.);
#11364 = SURFACE_CURVE('',#11365,(#11378,#11407),.PCURVE_S1.);
#11365 = B_SPLINE_CURVE_WITH_KNOTS('',5,(#11366,#11367,#11368,#11369,
    #11370,#11371,#11372,#11373,#11374,#11375,#11376,#11377),
  .UNSPECIFIED.,.F.,.F.,(6,3,3,6),(0.,3.98534827911,8.87303699334,
    11.6463014098),.UNSPECIFIED.);
#11366 = CARTESIAN_POINT('',(507.985349297,827.682729924,168.185086057)
  );
#11367 = CARTESIAN_POINT('',(507.75211751,828.130919601,167.933571837));
#11368 = CARTESIAN_POINT('',(507.584499239,828.589375896,167.650579453)
  );
#11369 = CARTESIAN_POINT('',(507.493031461,829.046386968,167.337763988)
  );
#11370 = CARTESIAN_POINT('',(507.44777326,830.037942784,166.585208635));
#11371 = CARTESIAN_POINT('',(507.698367755,830.934584584,165.742761905)
  );
#11372 = CARTESIAN_POINT('',(507.905905298,831.392641098,165.258264878)
  );
#11373 = CARTESIAN_POINT('',(508.29940849,832.048887416,164.484203322));
#11374 = CARTESIAN_POINT('',(508.7711352,832.621799437,163.680506271));
#11375 = CARTESIAN_POINT('',(508.949781628,832.818839169,163.385614926)
  );
#11376 = CARTESIAN_POINT('',(509.133998542,833.005553407,163.087320611)
  );
#11377 = CARTESIAN_POINT('',(509.322206269,833.182422605,162.785250709)
  );
#11378 = PCURVE('',#8491,#11379);
#11379 = DEFINITIONAL_REPRESENTATION('',(#11380),#11406);
#11380 = B_SPLINE_CURVE_WITH_KNOTS('',3,(#11381,#11382,#11383,#11384,
    #11385,#11386,#11387,#11388,#11389,#11390,#11391,#11392,#11393,
    #11394,#11395,#11396,#11397,#11398,#11399,#11400,#11401,#11402,
    #11403,#11404,#11405),.UNSPECIFIED.,.F.,.F.,(4,1,1,1,1,1,1,1,1,1,1,1
    ,1,1,1,1,1,1,1,1,1,1,4),(0.,0.529377336809,1.058754673618,
    1.588132010427,2.117509347236,2.646886684045,3.176264020855,
    3.705641357664,4.235018694473,4.764396031282,5.293773368091,
    5.8231507049,6.352528041709,6.881905378518,7.411282715327,
    7.940660052136,8.470037388945,8.999414725755,9.528792062564,
    10.058169399373,10.587546736182,11.116924072991,11.6463014098),
  .UNSPECIFIED.);
#11381 = CARTESIAN_POINT('',(0.529704197921,23.082905017));
#11382 = CARTESIAN_POINT('',(0.521975615416,23.03122715844));
#11383 = CARTESIAN_POINT('',(0.506324318435,22.935757223809));
#11384 = CARTESIAN_POINT('',(0.482355343724,22.816827578421));
#11385 = CARTESIAN_POINT('',(0.457985294057,22.722987273807));
#11386 = CARTESIAN_POINT('',(0.433303067078,22.65436378124));
#11387 = CARTESIAN_POINT('',(0.408396132804,22.610691998187));
#11388 = CARTESIAN_POINT('',(0.38335092923,22.59129190442));
#11389 = CARTESIAN_POINT('',(0.358251025717,22.595134922991));
#11390 = CARTESIAN_POINT('',(0.333184574552,22.620871844795));
#11391 = CARTESIAN_POINT('',(0.308212018789,22.666934452793));
#11392 = CARTESIAN_POINT('',(0.283362932605,22.731705716493));
#11393 = CARTESIAN_POINT('',(0.25867098485,22.813521189325));
#11394 = CARTESIAN_POINT('',(0.234164311641,22.910712194386));
#11395 = CARTESIAN_POINT('',(0.209865775313,23.021639655896));
#11396 = CARTESIAN_POINT('',(0.185790458188,23.144730327886));
#11397 = CARTESIAN_POINT('',(0.161943702893,23.278512788256));
#11398 = CARTESIAN_POINT('',(0.13831925986,23.421651974133));
#11399 = CARTESIAN_POINT('',(0.114896137112,23.572989786645));
#11400 = CARTESIAN_POINT('',(9.164060442183E-02,23.731561350294));
#11401 = CARTESIAN_POINT('',(6.85352331412E-02,23.896388523052));
#11402 = CARTESIAN_POINT('',(4.556640205936E-02,24.066530843572));
#11403 = CARTESIAN_POINT('',(2.272207941468E-02,24.241093665726));
#11404 = CARTESIAN_POINT('',(7.56389914994E-03,24.359892619353));
#11405 = CARTESIAN_POINT('',(8.881784197001E-16,24.419761989));
#11406 = ( GEOMETRIC_REPRESENTATION_CONTEXT(2) 
PARAMETRIC_REPRESENTATION_CONTEXT() REPRESENTATION_CONTEXT('2D SPACE',''
  ) );
#11407 = PCURVE('',#9765,#11408);
#11408 = DEFINITIONAL_REPRESENTATION('',(#11409),#11435);
#11409 = B_SPLINE_CURVE_WITH_KNOTS('',3,(#11410,#11411,#11412,#11413,
    #11414,#11415,#11416,#11417,#11418,#11419,#11420,#11421,#11422,
    #11423,#11424,#11425,#11426,#11427,#11428,#11429,#11430,#11431,
    #11432,#11433,#11434),.UNSPECIFIED.,.F.,.F.,(4,1,1,1,1,1,1,1,1,1,1,1
    ,1,1,1,1,1,1,1,1,1,1,4),(0.,0.529377336809,1.058754673618,
    1.588132010427,2.117509347236,2.646886684045,3.176264020855,
    3.705641357664,4.235018694473,4.764396031282,5.293773368091,
    5.8231507049,6.352528041709,6.881905378518,7.411282715327,
    7.940660052136,8.470037388945,8.999414725755,9.528792062564,
    10.058169399373,10.587546736182,11.116924072991,11.6463014098),
  .UNSPECIFIED.);
#11410 = CARTESIAN_POINT('',(18.003879707958,-2.278));
#11411 = CARTESIAN_POINT('',(17.86734607321,-2.277999765798));
#11412 = CARTESIAN_POINT('',(17.591178468023,-2.278000301836));
#11413 = CARTESIAN_POINT('',(17.169244597224,-2.278002604302));
#11414 = CARTESIAN_POINT('',(16.741263216932,-2.278005212135));
#11415 = CARTESIAN_POINT('',(16.308811847539,-2.27800580572));
#11416 = CARTESIAN_POINT('',(15.873431940237,-2.278004030358));
#11417 = CARTESIAN_POINT('',(15.436632254426,-2.278001133714));
#11418 = CARTESIAN_POINT('',(14.999856724358,-2.278000095051));
#11419 = CARTESIAN_POINT('',(14.564614671889,-2.277999009117));
#11420 = CARTESIAN_POINT('',(14.131922262482,-2.278006218737));
#11421 = CARTESIAN_POINT('',(13.702254976645,-2.27802575793));
#11422 = CARTESIAN_POINT('',(13.276157707873,-2.278046009083));
#11423 = CARTESIAN_POINT('',(12.854076844611,-2.278055941207));
#11424 = CARTESIAN_POINT('',(12.436365101237,-2.278050152883));
#11425 = CARTESIAN_POINT('',(12.023239616286,-2.278031824379));
#11426 = CARTESIAN_POINT('',(11.614750856448,-2.278010936227));
#11427 = CARTESIAN_POINT('',(11.210753507268,-2.27799949555));
#11428 = CARTESIAN_POINT('',(10.810855229178,-2.277999890123));
#11429 = CARTESIAN_POINT('',(10.414449506983,-2.278001052871));
#11430 = CARTESIAN_POINT('',(10.021210086712,-2.278003643248));
#11431 = CARTESIAN_POINT('',(9.630878537067,-2.278002644336));
#11432 = CARTESIAN_POINT('',(9.243222154167,-2.277999246453));
#11433 = CARTESIAN_POINT('',(8.986353003655,-2.27799785635));
#11434 = CARTESIAN_POINT('',(8.858261062783,-2.277997878637));
#11435 = ( GEOMETRIC_REPRESENTATION_CONTEXT(2) 
PARAMETRIC_REPRESENTATION_CONTEXT() REPRESENTATION_CONTEXT('2D SPACE',''
  ) );
#11436 = ADVANCED_FACE('',(#11437),#8544,.F.);
#11437 = FACE_BOUND('',#11438,.F.);
#11438 = EDGE_LOOP('',(#11439,#11440,#11513,#11539));
#11439 = ORIENTED_EDGE('',*,*,#11315,.T.);
#11440 = ORIENTED_EDGE('',*,*,#11441,.T.);
#11441 = EDGE_CURVE('',#11316,#11442,#11444,.T.);
#11442 = VERTEX_POINT('',#11443);
#11443 = CARTESIAN_POINT('',(512.78931578,835.2,155.3465055));
#11444 = SURFACE_CURVE('',#11445,(#11455,#11484),.PCURVE_S1.);
#11445 = B_SPLINE_CURVE_WITH_KNOTS('',5,(#11446,#11447,#11448,#11449,
    #11450,#11451,#11452,#11453,#11454),.UNSPECIFIED.,.F.,.F.,(6,3,6),(
    0.,4.37117159233,12.0889112799),.UNSPECIFIED.);
#11446 = CARTESIAN_POINT('',(509.322206269,833.182422605,162.785250709)
  );
#11447 = CARTESIAN_POINT('',(509.615226257,833.457789672,162.314959081)
  );
#11448 = CARTESIAN_POINT('',(509.917930383,833.709303642,161.835497665)
  );
#11449 = CARTESIAN_POINT('',(510.241423166,833.950791773,161.317863984)
  );
#11450 = CARTESIAN_POINT('',(511.080805243,834.519378027,159.934914316)
  );
#11451 = CARTESIAN_POINT('',(511.859282128,834.917353141,158.458039503)
  );
#11452 = CARTESIAN_POINT('',(512.308726787,835.104001808,157.451866181)
  );
#11453 = CARTESIAN_POINT('',(512.640004186,835.2,156.40981557));
#11454 = CARTESIAN_POINT('',(512.78931578,835.2,155.3465055));
#11455 = PCURVE('',#8544,#11456);
#11456 = DEFINITIONAL_REPRESENTATION('',(#11457),#11483);
#11457 = B_SPLINE_CURVE_WITH_KNOTS('',3,(#11458,#11459,#11460,#11461,
    #11462,#11463,#11464,#11465,#11466,#11467,#11468,#11469,#11470,
    #11471,#11472,#11473,#11474,#11475,#11476,#11477,#11478,#11479,
    #11480,#11481,#11482),.UNSPECIFIED.,.F.,.F.,(4,1,1,1,1,1,1,1,1,1,1,1
    ,1,1,1,1,1,1,1,1,1,1,4),(0.,0.549495967268,1.098991934536,
    1.648487901805,2.197983869073,2.747479836341,3.296975803609,
    3.846471770877,4.395967738145,4.945463705414,5.494959672682,
    6.04445563995,6.593951607218,7.143447574486,7.692943541755,
    8.242439509023,8.791935476291,9.341431443559,9.890927410827,
    10.440423378095,10.989919345364,11.539415312632,12.0889112799),
  .UNSPECIFIED.);
#11458 = CARTESIAN_POINT('',(3.14159265357,24.419761989));
#11459 = CARTESIAN_POINT('',(3.133847877556,24.481063990446));
#11460 = CARTESIAN_POINT('',(3.118344768418,24.605041079583));
#11461 = CARTESIAN_POINT('',(3.095012064727,24.794527191854));
#11462 = CARTESIAN_POINT('',(3.071522789817,24.98726821704));
#11463 = CARTESIAN_POINT('',(3.04794248148,25.181832338674));
#11464 = CARTESIAN_POINT('',(3.024370402688,25.376523529453));
#11465 = CARTESIAN_POINT('',(3.000907670172,25.569638773161));
#11466 = CARTESIAN_POINT('',(2.977603658535,25.759903053524));
#11467 = CARTESIAN_POINT('',(2.954410881207,25.946838093393));
#11468 = CARTESIAN_POINT('',(2.931131204235,26.131218146981));
#11469 = CARTESIAN_POINT('',(2.907718560522,26.31250758664));
#11470 = CARTESIAN_POINT('',(2.88414234609,26.489990379605));
#11471 = CARTESIAN_POINT('',(2.860379886561,26.662839486394));
#11472 = CARTESIAN_POINT('',(2.836417002915,26.830113499047));
#11473 = CARTESIAN_POINT('',(2.812246381784,26.990772775479));
#11474 = CARTESIAN_POINT('',(2.78786652302,27.143690349525));
#11475 = CARTESIAN_POINT('',(2.763280535689,27.287664242136));
#11476 = CARTESIAN_POINT('',(2.738494995512,27.421429392248));
#11477 = CARTESIAN_POINT('',(2.713518815752,27.54366970781));
#11478 = CARTESIAN_POINT('',(2.688362191069,27.653030016541));
#11479 = CARTESIAN_POINT('',(2.663035509404,27.748128297542));
#11480 = CARTESIAN_POINT('',(2.63754868018,27.827566889826));
#11481 = CARTESIAN_POINT('',(2.620455746855,27.869153971469));
#11482 = CARTESIAN_POINT('',(2.611885225609,27.8868715));
#11483 = ( GEOMETRIC_REPRESENTATION_CONTEXT(2) 
PARAMETRIC_REPRESENTATION_CONTEXT() REPRESENTATION_CONTEXT('2D SPACE',''
  ) );
#11484 = PCURVE('',#9765,#11485);
#11485 = DEFINITIONAL_REPRESENTATION('',(#11486),#11512);
#11486 = B_SPLINE_CURVE_WITH_KNOTS('',3,(#11487,#11488,#11489,#11490,
    #11491,#11492,#11493,#11494,#11495,#11496,#11497,#11498,#11499,
    #11500,#11501,#11502,#11503,#11504,#11505,#11506,#11507,#11508,
    #11509,#11510,#11511),.UNSPECIFIED.,.F.,.F.,(4,1,1,1,1,1,1,1,1,1,1,1
    ,1,1,1,1,1,1,1,1,1,1,4),(0.,0.549495967268,1.098991934536,
    1.648487901805,2.197983869073,2.747479836341,3.296975803609,
    3.846471770877,4.395967738145,4.945463705414,5.494959672682,
    6.04445563995,6.593951607218,7.143447574486,7.692943541755,
    8.242439509023,8.791935476291,9.341431443559,9.890927410827,
    10.440423378095,10.989919345364,11.539415312632,12.0889112799),
  .UNSPECIFIED.);
#11487 = CARTESIAN_POINT('',(8.858261062783,-2.277997878637));
#11488 = CARTESIAN_POINT('',(8.727108361009,-2.277977763505));
#11489 = CARTESIAN_POINT('',(8.464744071153,-2.278021080862));
#11490 = CARTESIAN_POINT('',(8.07039775981,-2.27822105463));
#11491 = CARTESIAN_POINT('',(7.673935959322,-2.278475864482));
#11492 = CARTESIAN_POINT('',(7.276466439451,-2.278581156571));
#11493 = CARTESIAN_POINT('',(6.879634198405,-2.278465660188));
#11494 = CARTESIAN_POINT('',(6.485106504247,-2.278211428463));
#11495 = CARTESIAN_POINT('',(6.093692579927,-2.278005694179));
#11496 = CARTESIAN_POINT('',(5.704593832973,-2.277994912386));
#11497 = CARTESIAN_POINT('',(5.314462144663,-2.278000853337));
#11498 = CARTESIAN_POINT('',(4.922516077698,-2.278038157357));
#11499 = CARTESIAN_POINT('',(4.528240905302,-2.27811084854));
#11500 = CARTESIAN_POINT('',(4.131253277035,-2.278201961812));
#11501 = CARTESIAN_POINT('',(3.731310139476,-2.278289265197));
#11502 = CARTESIAN_POINT('',(3.3282807501,-2.278351348038));
#11503 = CARTESIAN_POINT('',(2.922130150445,-2.278373247903));
#11504 = CARTESIAN_POINT('',(2.512900381523,-2.27834966641));
#11505 = CARTESIAN_POINT('',(2.100692595613,-2.278286235143));
#11506 = CARTESIAN_POINT('',(1.685648817107,-2.278198275819));
#11507 = CARTESIAN_POINT('',(1.267933876912,-2.278107682615));
#11508 = CARTESIAN_POINT('',(0.847715411649,-2.278036432284));
#11509 = CARTESIAN_POINT('',(0.42515076266,-2.278002121645));
#11510 = CARTESIAN_POINT('',(0.141951337711,-2.277997784213));
#11511 = CARTESIAN_POINT('',(0.,-2.278));
#11512 = ( GEOMETRIC_REPRESENTATION_CONTEXT(2) 
PARAMETRIC_REPRESENTATION_CONTEXT() REPRESENTATION_CONTEXT('2D SPACE',''
  ) );
#11513 = ORIENTED_EDGE('',*,*,#11514,.F.);
#11514 = EDGE_CURVE('',#8526,#11442,#11515,.T.);
#11515 = SURFACE_CURVE('',#11516,(#11520,#11527),.PCURVE_S1.);
#11516 = LINE('',#11517,#11518);
#11517 = CARTESIAN_POINT('',(484.902444281,835.2,155.346505611));
#11518 = VECTOR('',#11519,1.);
#11519 = DIRECTION('',(1.,0.,0.));
#11520 = PCURVE('',#8544,#11521);
#11521 = DEFINITIONAL_REPRESENTATION('',(#11522),#11526);
#11522 = LINE('',#11523,#11524);
#11523 = CARTESIAN_POINT('',(2.611885233149,9.999894245993E-10));
#11524 = VECTOR('',#11525,1.);
#11525 = DIRECTION('',(0.,1.));
#11526 = ( GEOMETRIC_REPRESENTATION_CONTEXT(2) 
PARAMETRIC_REPRESENTATION_CONTEXT() REPRESENTATION_CONTEXT('2D SPACE',''
  ) );
#11527 = PCURVE('',#11528,#11533);
#11528 = PLANE('',#11529);
#11529 = AXIS2_PLACEMENT_3D('',#11530,#11531,#11532);
#11530 = CARTESIAN_POINT('',(2.61865302734E+03,835.2,140.1));
#11531 = DIRECTION('',(-0.,-1.,-0.));
#11532 = DIRECTION('',(-1.,0.,0.));
#11533 = DEFINITIONAL_REPRESENTATION('',(#11534),#11538);
#11534 = LINE('',#11535,#11536);
#11535 = CARTESIAN_POINT('',(2.133750583059E+03,-15.246505611));
#11536 = VECTOR('',#11537,1.);
#11537 = DIRECTION('',(-1.,0.));
#11538 = ( GEOMETRIC_REPRESENTATION_CONTEXT(2) 
PARAMETRIC_REPRESENTATION_CONTEXT() REPRESENTATION_CONTEXT('2D SPACE',''
  ) );
#11539 = ORIENTED_EDGE('',*,*,#8525,.T.);
#11540 = ADVANCED_FACE('',(#11541),#8597,.F.);
#11541 = FACE_BOUND('',#11542,.F.);
#11542 = EDGE_LOOP('',(#11543,#11544,#11545,#11566));
#11543 = ORIENTED_EDGE('',*,*,#8633,.T.);
#11544 = ORIENTED_EDGE('',*,*,#8578,.T.);
#11545 = ORIENTED_EDGE('',*,*,#11546,.F.);
#11546 = EDGE_CURVE('',#8687,#8526,#11547,.T.);
#11547 = SURFACE_CURVE('',#11548,(#11552,#11559),.PCURVE_S1.);
#11548 = LINE('',#11549,#11550);
#11549 = CARTESIAN_POINT('',(508.354381811,835.2,122.75777136));
#11550 = VECTOR('',#11551,1.);
#11551 = DIRECTION('',(0.,0.,1.));
#11552 = PCURVE('',#8597,#11553);
#11553 = DEFINITIONAL_REPRESENTATION('',(#11554),#11558);
#11554 = LINE('',#11555,#11556);
#11555 = CARTESIAN_POINT('',(2.718350310156,1.000003635454E-09));
#11556 = VECTOR('',#11557,1.);
#11557 = DIRECTION('',(0.,1.));
#11558 = ( GEOMETRIC_REPRESENTATION_CONTEXT(2) 
PARAMETRIC_REPRESENTATION_CONTEXT() REPRESENTATION_CONTEXT('2D SPACE',''
  ) );
#11559 = PCURVE('',#11528,#11560);
#11560 = DEFINITIONAL_REPRESENTATION('',(#11561),#11565);
#11561 = LINE('',#11562,#11563);
#11562 = CARTESIAN_POINT('',(2.110298645529E+03,17.34222864));
#11563 = VECTOR('',#11564,1.);
#11564 = DIRECTION('',(0.,-1.));
#11565 = ( GEOMETRIC_REPRESENTATION_CONTEXT(2) 
PARAMETRIC_REPRESENTATION_CONTEXT() REPRESENTATION_CONTEXT('2D SPACE',''
  ) );
#11566 = ORIENTED_EDGE('',*,*,#8686,.F.);
#11567 = ADVANCED_FACE('',(#11568),#8730,.F.);
#11568 = FACE_BOUND('',#11569,.F.);
#11569 = EDGE_LOOP('',(#11570,#11593,#11594,#11617));
#11570 = ORIENTED_EDGE('',*,*,#11571,.T.);
#11571 = EDGE_CURVE('',#11572,#8712,#11574,.T.);
#11572 = VERTEX_POINT('',#11573);
#11573 = CARTESIAN_POINT('',(510.881589001,834.004444196,115.622454848)
  );
#11574 = SURFACE_CURVE('',#11575,(#11579,#11586),.PCURVE_S1.);
#11575 = LINE('',#11576,#11577);
#11576 = CARTESIAN_POINT('',(480.120792881,834.004444196,115.622454848)
  );
#11577 = VECTOR('',#11578,1.);
#11578 = DIRECTION('',(-1.,0.,0.));
#11579 = PCURVE('',#8730,#11580);
#11580 = DEFINITIONAL_REPRESENTATION('',(#11581),#11585);
#11581 = LINE('',#11582,#11583);
#11582 = CARTESIAN_POINT('',(3.141592653604,0.));
#11583 = VECTOR('',#11584,1.);
#11584 = DIRECTION('',(0.,1.));
#11585 = ( GEOMETRIC_REPRESENTATION_CONTEXT(2) 
PARAMETRIC_REPRESENTATION_CONTEXT() REPRESENTATION_CONTEXT('2D SPACE',''
  ) );
#11586 = PCURVE('',#8786,#11587);
#11587 = DEFINITIONAL_REPRESENTATION('',(#11588),#11592);
#11588 = LINE('',#11589,#11590);
#11589 = CARTESIAN_POINT('',(0.,0.));
#11590 = VECTOR('',#11591,1.);
#11591 = DIRECTION('',(0.,1.));
#11592 = ( GEOMETRIC_REPRESENTATION_CONTEXT(2) 
PARAMETRIC_REPRESENTATION_CONTEXT() REPRESENTATION_CONTEXT('2D SPACE',''
  ) );
#11593 = ORIENTED_EDGE('',*,*,#8711,.T.);
#11594 = ORIENTED_EDGE('',*,*,#11595,.F.);
#11595 = EDGE_CURVE('',#11596,#8687,#11598,.T.);
#11596 = VERTEX_POINT('',#11597);
#11597 = CARTESIAN_POINT('',(512.761799092,835.2,121.433873902));
#11598 = SURFACE_CURVE('',#11599,(#11603,#11610),.PCURVE_S1.);
#11599 = LINE('',#11600,#11601);
#11600 = CARTESIAN_POINT('',(480.120792881,835.2,121.433873902));
#11601 = VECTOR('',#11602,1.);
#11602 = DIRECTION('',(-1.,0.,0.));
#11603 = PCURVE('',#8730,#11604);
#11604 = DEFINITIONAL_REPRESENTATION('',(#11605),#11609);
#11605 = LINE('',#11606,#11607);
#11606 = CARTESIAN_POINT('',(2.735803602501,0.));
#11607 = VECTOR('',#11608,1.);
#11608 = DIRECTION('',(0.,1.));
#11609 = ( GEOMETRIC_REPRESENTATION_CONTEXT(2) 
PARAMETRIC_REPRESENTATION_CONTEXT() REPRESENTATION_CONTEXT('2D SPACE',''
  ) );
#11610 = PCURVE('',#11528,#11611);
#11611 = DEFINITIONAL_REPRESENTATION('',(#11612),#11616);
#11612 = LINE('',#11613,#11614);
#11613 = CARTESIAN_POINT('',(2.138532234459E+03,18.666126098));
#11614 = VECTOR('',#11615,1.);
#11615 = DIRECTION('',(1.,0.));
#11616 = ( GEOMETRIC_REPRESENTATION_CONTEXT(2) 
PARAMETRIC_REPRESENTATION_CONTEXT() REPRESENTATION_CONTEXT('2D SPACE',''
  ) );
#11617 = ORIENTED_EDGE('',*,*,#11618,.T.);
#11618 = EDGE_CURVE('',#11596,#11572,#11619,.T.);
#11619 = SURFACE_CURVE('',#11620,(#11627,#11656),.PCURVE_S1.);
#11620 = B_SPLINE_CURVE_WITH_KNOTS('',5,(#11621,#11622,#11623,#11624,
    #11625,#11626),.UNSPECIFIED.,.F.,.F.,(6,6),(0.,8.94704187246),
  .PIECEWISE_BEZIER_KNOTS.);
#11621 = CARTESIAN_POINT('',(512.761799092,835.2,121.433873902));
#11622 = CARTESIAN_POINT('',(512.761799092,835.2,120.19288722));
#11623 = CARTESIAN_POINT('',(512.44781891,835.069099496,118.941937));
#11624 = CARTESIAN_POINT('',(511.956468348,834.803736096,117.763644185)
  );
#11625 = CARTESIAN_POINT('',(511.424954788,834.456008847,116.673500041)
  );
#11626 = CARTESIAN_POINT('',(510.881589001,834.004444196,115.622454848)
  );
#11627 = PCURVE('',#8730,#11628);
#11628 = DEFINITIONAL_REPRESENTATION('',(#11629),#11655);
#11629 = B_SPLINE_CURVE_WITH_KNOTS('',3,(#11630,#11631,#11632,#11633,
    #11634,#11635,#11636,#11637,#11638,#11639,#11640,#11641,#11642,
    #11643,#11644,#11645,#11646,#11647,#11648,#11649,#11650,#11651,
    #11652,#11653,#11654),.UNSPECIFIED.,.F.,.F.,(4,1,1,1,1,1,1,1,1,1,1,1
    ,1,1,1,1,1,1,1,1,1,1,4),(0.,0.406683721475,0.813367442951,
    1.220051164426,1.626734885902,2.033418607377,2.440102328853,
    2.846786050328,3.253469771804,3.660153493279,4.066837214755,
    4.47352093623,4.880204657705,5.286888379181,5.693572100656,
    6.100255822132,6.506939543607,6.913623265083,7.320306986558,
    7.726990708034,8.133674429509,8.540358150985,8.94704187246),
  .UNSPECIFIED.);
#11630 = CARTESIAN_POINT('',(2.735803602501,-32.641006211));
#11631 = CARTESIAN_POINT('',(2.742189755241,-32.64100598155));
#11632 = CARTESIAN_POINT('',(2.754970658862,-32.63668152944));
#11633 = CARTESIAN_POINT('',(2.774146923604,-32.61798950386));
#11634 = CARTESIAN_POINT('',(2.793306334782,-32.58786043208));
#11635 = CARTESIAN_POINT('',(2.812430201656,-32.54705677408));
#11636 = CARTESIAN_POINT('',(2.831501765948,-32.49633392828));
#11637 = CARTESIAN_POINT('',(2.850506440263,-32.43643732585));
#11638 = CARTESIAN_POINT('',(2.869431691797,-32.36809997663));
#11639 = CARTESIAN_POINT('',(2.888267035777,-32.29203989405));
#11640 = CARTESIAN_POINT('',(2.907004014246,-32.20895755243));
#11641 = CARTESIAN_POINT('',(2.925636193511,-32.11953333563));
#11642 = CARTESIAN_POINT('',(2.944159171257,-32.02442498804));
#11643 = CARTESIAN_POINT('',(2.962570595581,-31.92426506488));
#11644 = CARTESIAN_POINT('',(2.980870195106,-31.81965838287));
#11645 = CARTESIAN_POINT('',(2.999059820179,-31.71117947005));
#11646 = CARTESIAN_POINT('',(3.017143494603,-31.59937001873));
#11647 = CARTESIAN_POINT('',(3.035127478408,-31.48473632674));
#11648 = CARTESIAN_POINT('',(3.053020338276,-31.36774678232));
#11649 = CARTESIAN_POINT('',(3.070833036566,-31.24882918618));
#11650 = CARTESIAN_POINT('',(3.088578996111,-31.12836868126));
#11651 = CARTESIAN_POINT('',(3.106274298672,-31.0067034145));
#11652 = CARTESIAN_POINT('',(3.123937425456,-30.88412866279));
#11653 = CARTESIAN_POINT('',(3.135706305238,-30.8019558011));
#11654 = CARTESIAN_POINT('',(3.141592653604,-30.76079612));
#11655 = ( GEOMETRIC_REPRESENTATION_CONTEXT(2) 
PARAMETRIC_REPRESENTATION_CONTEXT() REPRESENTATION_CONTEXT('2D SPACE',''
  ) );
#11656 = PCURVE('',#10561,#11657);
#11657 = DEFINITIONAL_REPRESENTATION('',(#11658),#11684);
#11658 = B_SPLINE_CURVE_WITH_KNOTS('',3,(#11659,#11660,#11661,#11662,
    #11663,#11664,#11665,#11666,#11667,#11668,#11669,#11670,#11671,
    #11672,#11673,#11674,#11675,#11676,#11677,#11678,#11679,#11680,
    #11681,#11682,#11683),.UNSPECIFIED.,.F.,.F.,(4,1,1,1,1,1,1,1,1,1,1,1
    ,1,1,1,1,1,1,1,1,1,1,4),(0.,0.406683721475,0.813367442951,
    1.220051164426,1.626734885902,2.033418607377,2.440102328853,
    2.846786050328,3.253469771804,3.660153493279,4.066837214755,
    4.47352093623,4.880204657705,5.286888379181,5.693572100656,
    6.100255822132,6.506939543607,6.913623265083,7.320306986558,
    7.726990708034,8.133674429509,8.540358150985,8.94704187246),
  .UNSPECIFIED.);
#11659 = CARTESIAN_POINT('',(13.5949436225,-2.278));
#11660 = CARTESIAN_POINT('',(13.486179164315,-2.278000076612));
#11661 = CARTESIAN_POINT('',(13.268767730823,-2.278001861591));
#11662 = CARTESIAN_POINT('',(12.943316915574,-2.278007395384));
#11663 = CARTESIAN_POINT('',(12.618859113125,-2.278013438511));
#11664 = CARTESIAN_POINT('',(12.295676231176,-2.27801872216));
#11665 = CARTESIAN_POINT('',(11.974014020691,-2.278022429397));
#11666 = CARTESIAN_POINT('',(11.654077099905,-2.27802415261));
#11667 = CARTESIAN_POINT('',(11.336030526707,-2.278023750108));
#11668 = CARTESIAN_POINT('',(11.020001334089,-2.278021255839));
#11669 = CARTESIAN_POINT('',(10.706080815948,-2.278016905101));
#11670 = CARTESIAN_POINT('',(10.394326610119,-2.278010781236));
#11671 = CARTESIAN_POINT('',(10.084764438089,-2.278003022134));
#11672 = CARTESIAN_POINT('',(9.777389175623,-2.277994086693));
#11673 = CARTESIAN_POINT('',(9.472165198303,-2.277984635983));
#11674 = CARTESIAN_POINT('',(9.169026014992,-2.277975509591));
#11675 = CARTESIAN_POINT('',(8.867873206027,-2.277967665904));
#11676 = CARTESIAN_POINT('',(8.568574690816,-2.277962102923));
#11677 = CARTESIAN_POINT('',(8.270962432612,-2.277959737535));
#11678 = CARTESIAN_POINT('',(7.974829394034,-2.277961216048));
#11679 = CARTESIAN_POINT('',(7.679926653661,-2.277966674457));
#11680 = CARTESIAN_POINT('',(7.385957484832,-2.277975273985));
#11681 = CARTESIAN_POINT('',(7.092580519405,-2.277985045416));
#11682 = CARTESIAN_POINT('',(6.897111463494,-2.277988959061));
#11683 = CARTESIAN_POINT('',(6.799339717097,-2.277989568038));
#11684 = ( GEOMETRIC_REPRESENTATION_CONTEXT(2) 
PARAMETRIC_REPRESENTATION_CONTEXT() REPRESENTATION_CONTEXT('2D SPACE',''
  ) );
#11685 = ADVANCED_FACE('',(#11686),#8786,.F.);
#11686 = FACE_BOUND('',#11687,.F.);
#11687 = EDGE_LOOP('',(#11688,#11689,#11759,#11785));
#11688 = ORIENTED_EDGE('',*,*,#11571,.F.);
#11689 = ORIENTED_EDGE('',*,*,#11690,.T.);
#11690 = EDGE_CURVE('',#11572,#11691,#11693,.T.);
#11691 = VERTEX_POINT('',#11692);
#11692 = CARTESIAN_POINT('',(508.838848913,830.611956063,110.754912411)
  );
#11693 = SURFACE_CURVE('',#11694,(#11701,#11730),.PCURVE_S1.);
#11694 = B_SPLINE_CURVE_WITH_KNOTS('',5,(#11695,#11696,#11697,#11698,
    #11699,#11700),.UNSPECIFIED.,.F.,.F.,(6,6),(0.,9.01933772778),
  .PIECEWISE_BEZIER_KNOTS.);
#11695 = CARTESIAN_POINT('',(510.881589001,834.004444196,115.622454848)
  );
#11696 = CARTESIAN_POINT('',(510.333310537,833.548796861,114.561906952)
  );
#11697 = CARTESIAN_POINT('',(509.780021161,832.988210173,113.546804149)
  );
#11698 = CARTESIAN_POINT('',(509.275203636,832.326629105,112.566900637)
  );
#11699 = CARTESIAN_POINT('',(508.907436431,831.519038861,111.615701846)
  );
#11700 = CARTESIAN_POINT('',(508.838848913,830.611956063,110.754912411)
  );
#11701 = PCURVE('',#8786,#11702);
#11702 = DEFINITIONAL_REPRESENTATION('',(#11703),#11729);
#11703 = B_SPLINE_CURVE_WITH_KNOTS('',3,(#11704,#11705,#11706,#11707,
    #11708,#11709,#11710,#11711,#11712,#11713,#11714,#11715,#11716,
    #11717,#11718,#11719,#11720,#11721,#11722,#11723,#11724,#11725,
    #11726,#11727,#11728),.UNSPECIFIED.,.F.,.F.,(4,1,1,1,1,1,1,1,1,1,1,1
    ,1,1,1,1,1,1,1,1,1,1,4),(0.,0.409969896717,0.819939793435,
    1.229909690152,1.639879586869,2.049849483586,2.459819380304,
    2.869789277021,3.279759173738,3.689729070455,4.099698967173,
    4.50966886389,4.919638760607,5.329608657325,5.739578554042,
    6.149548450759,6.559518347476,6.969488244194,7.379458140911,
    7.789428037628,8.199397934345,8.609367831063,9.01933772778),
  .UNSPECIFIED.);
#11704 = CARTESIAN_POINT('',(0.,-30.76079612));
#11705 = CARTESIAN_POINT('',(5.939833794568E-03,-30.71926146044));
#11706 = CARTESIAN_POINT('',(1.781910807526E-02,-30.63611711535));
#11707 = CARTESIAN_POINT('',(3.564614068538E-02,-30.51150689447));
#11708 = CARTESIAN_POINT('',(5.349051349952E-02,-30.38732666383));
#11709 = CARTESIAN_POINT('',(7.136173288086E-02,-30.26392700117));
#11710 = CARTESIAN_POINT('',(8.926936581473E-02,-30.14167724208));
#11711 = CARTESIAN_POINT('',(0.107222951322,-30.02096879278));
#11712 = CARTESIAN_POINT('',(0.125231854741,-29.90221537777));
#11713 = CARTESIAN_POINT('',(0.143305118648,-29.78585410885));
#11714 = CARTESIAN_POINT('',(0.161451297433,-29.67234633401));
#11715 = CARTESIAN_POINT('',(0.179678280471,-29.56217854527));
#11716 = CARTESIAN_POINT('',(0.197993104012,-29.4558632708));
#11717 = CARTESIAN_POINT('',(0.216401753282,-29.35393997124));
#11718 = CARTESIAN_POINT('',(0.23490895602,-29.2569759347));
#11719 = CARTESIAN_POINT('',(0.253517968754,-29.16556717278));
#11720 = CARTESIAN_POINT('',(0.272230357545,-29.08033931418));
#11721 = CARTESIAN_POINT('',(0.291045773847,-29.00194850658));
#11722 = CARTESIAN_POINT('',(0.309961730768,-28.93108228807));
#11723 = CARTESIAN_POINT('',(0.328973368268,-28.86846057184));
#11724 = CARTESIAN_POINT('',(0.348073258902,-28.81483620866));
#11725 = CARTESIAN_POINT('',(0.367251070768,-28.77099712469));
#11726 = CARTESIAN_POINT('',(0.386493781382,-28.73776258014));
#11727 = CARTESIAN_POINT('',(0.399353835659,-28.72325510631));
#11728 = CARTESIAN_POINT('',(0.405789051152,-28.718056032));
#11729 = ( GEOMETRIC_REPRESENTATION_CONTEXT(2) 
PARAMETRIC_REPRESENTATION_CONTEXT() REPRESENTATION_CONTEXT('2D SPACE',''
  ) );
#11730 = PCURVE('',#10561,#11731);
#11731 = DEFINITIONAL_REPRESENTATION('',(#11732),#11758);
#11732 = B_SPLINE_CURVE_WITH_KNOTS('',3,(#11733,#11734,#11735,#11736,
    #11737,#11738,#11739,#11740,#11741,#11742,#11743,#11744,#11745,
    #11746,#11747,#11748,#11749,#11750,#11751,#11752,#11753,#11754,
    #11755,#11756,#11757),.UNSPECIFIED.,.F.,.F.,(4,1,1,1,1,1,1,1,1,1,1,1
    ,1,1,1,1,1,1,1,1,1,1,4),(0.,0.409969896717,0.819939793435,
    1.229909690152,1.639879586869,2.049849483586,2.459819380304,
    2.869789277021,3.279759173738,3.689729070455,4.099698967173,
    4.50966886389,4.919638760607,5.329608657325,5.739578554042,
    6.149548450759,6.559518347476,6.969488244194,7.379458140911,
    7.789428037628,8.199397934345,8.609367831063,9.01933772778),
  .UNSPECIFIED.);
#11733 = CARTESIAN_POINT('',(6.799339717097,-2.277989568038));
#11734 = CARTESIAN_POINT('',(6.700679289695,-2.277991002617));
#11735 = CARTESIAN_POINT('',(6.503374352485,-2.27800689002));
#11736 = CARTESIAN_POINT('',(6.207263867665,-2.278048703531));
#11737 = CARTESIAN_POINT('',(5.91079798916,-2.278083095712));
#11738 = CARTESIAN_POINT('',(5.613779592417,-2.278099822743));
#11739 = CARTESIAN_POINT('',(5.316015610155,-2.278095336585));
#11740 = CARTESIAN_POINT('',(5.01731805,-2.278072089615));
#11741 = CARTESIAN_POINT('',(4.717504566599,-2.278036055102));
#11742 = CARTESIAN_POINT('',(4.41639935671,-2.277995051183));
#11743 = CARTESIAN_POINT('',(4.113834255916,-2.277957174187));
#11744 = CARTESIAN_POINT('',(3.809650142154,-2.277929637657));
#11745 = CARTESIAN_POINT('',(3.50369881774,-2.277917282288));
#11746 = CARTESIAN_POINT('',(3.195845341495,-2.277922230887));
#11747 = CARTESIAN_POINT('',(2.88597089847,-2.277943641622));
#11748 = CARTESIAN_POINT('',(2.573976354039,-2.277977727744));
#11749 = CARTESIAN_POINT('',(2.259786533604,-2.278018181676));
#11750 = CARTESIAN_POINT('',(1.943355260274,-2.27805699257));
#11751 = CARTESIAN_POINT('',(1.624671013656,-2.278085665327));
#11752 = CARTESIAN_POINT('',(1.303763175169,-2.278096910366));
#11753 = CARTESIAN_POINT('',(0.980707644714,-2.278086592879));
#11754 = CARTESIAN_POINT('',(0.655633855987,-2.278056768645));
#11755 = CARTESIAN_POINT('',(0.328721604893,-2.278016731595));
#11756 = CARTESIAN_POINT('',(0.109723995976,-2.278001264638));
#11757 = CARTESIAN_POINT('',(0.,-2.278));
#11758 = ( GEOMETRIC_REPRESENTATION_CONTEXT(2) 
PARAMETRIC_REPRESENTATION_CONTEXT() REPRESENTATION_CONTEXT('2D SPACE',''
  ) );
#11759 = ORIENTED_EDGE('',*,*,#11760,.T.);
#11760 = EDGE_CURVE('',#11691,#8765,#11761,.T.);
#11761 = SURFACE_CURVE('',#11762,(#11766,#11773),.PCURVE_S1.);
#11762 = LINE('',#11763,#11764);
#11763 = CARTESIAN_POINT('',(480.120792881,830.611956063,110.754912412)
  );
#11764 = VECTOR('',#11765,1.);
#11765 = DIRECTION('',(-1.,0.,0.));
#11766 = PCURVE('',#8786,#11767);
#11767 = DEFINITIONAL_REPRESENTATION('',(#11768),#11772);
#11768 = LINE('',#11769,#11770);
#11769 = CARTESIAN_POINT('',(0.405789051105,0.));
#11770 = VECTOR('',#11771,1.);
#11771 = DIRECTION('',(0.,1.));
#11772 = ( GEOMETRIC_REPRESENTATION_CONTEXT(2) 
PARAMETRIC_REPRESENTATION_CONTEXT() REPRESENTATION_CONTEXT('2D SPACE',''
  ) );
#11773 = PCURVE('',#11774,#11779);
#11774 = PLANE('',#11775);
#11775 = AXIS2_PLACEMENT_3D('',#11776,#11777,#11778);
#11776 = CARTESIAN_POINT('',(234.761992312,809.9,91.1));
#11777 = DIRECTION('',(0.,0.688354575694,-0.725374371012));
#11778 = DIRECTION('',(1.,0.,0.));
#11779 = DEFINITIONAL_REPRESENTATION('',(#11780),#11784);
#11780 = LINE('',#11781,#11782);
#11781 = CARTESIAN_POINT('',(245.358800569,-28.55347099529));
#11782 = VECTOR('',#11783,1.);
#11783 = DIRECTION('',(-1.,-0.));
#11784 = ( GEOMETRIC_REPRESENTATION_CONTEXT(2) 
PARAMETRIC_REPRESENTATION_CONTEXT() REPRESENTATION_CONTEXT('2D SPACE',''
  ) );
#11785 = ORIENTED_EDGE('',*,*,#8764,.T.);
#11786 = ADVANCED_FACE('',(#11787),#8839,.F.);
#11787 = FACE_BOUND('',#11788,.F.);
#11788 = EDGE_LOOP('',(#11789,#11790,#11791,#11812));
#11789 = ORIENTED_EDGE('',*,*,#8874,.T.);
#11790 = ORIENTED_EDGE('',*,*,#8820,.T.);
#11791 = ORIENTED_EDGE('',*,*,#11792,.F.);
#11792 = EDGE_CURVE('',#10911,#8765,#11793,.T.);
#11793 = SURFACE_CURVE('',#11794,(#11798,#11805),.PCURVE_S1.);
#11794 = LINE('',#11795,#11796);
#11795 = CARTESIAN_POINT('',(471.999098149,792.324591843,74.4215604141)
  );
#11796 = VECTOR('',#11797,1.);
#11797 = DIRECTION('',(0.540102311575,0.610474610834,0.579318774561));
#11798 = PCURVE('',#8839,#11799);
#11799 = DEFINITIONAL_REPRESENTATION('',(#11800),#11804);
#11800 = LINE('',#11801,#11802);
#11801 = CARTESIAN_POINT('',(2.593008284943,2.911804131145E-10));
#11802 = VECTOR('',#11803,1.);
#11803 = DIRECTION('',(1.622356907969E-16,1.));
#11804 = ( GEOMETRIC_REPRESENTATION_CONTEXT(2) 
PARAMETRIC_REPRESENTATION_CONTEXT() REPRESENTATION_CONTEXT('2D SPACE',''
  ) );
#11805 = PCURVE('',#11774,#11806);
#11806 = DEFINITIONAL_REPRESENTATION('',(#11807),#11811);
#11807 = LINE('',#11808,#11809);
#11808 = CARTESIAN_POINT('',(237.237105837,24.229430841554));
#11809 = VECTOR('',#11810,1.);
#11810 = DIRECTION('',(0.540102311575,-0.841599366107));
#11811 = ( GEOMETRIC_REPRESENTATION_CONTEXT(2) 
PARAMETRIC_REPRESENTATION_CONTEXT() REPRESENTATION_CONTEXT('2D SPACE',''
  ) );
#11812 = ORIENTED_EDGE('',*,*,#10910,.F.);
#11813 = ADVANCED_FACE('',(#11814),#8991,.T.);
#11814 = FACE_BOUND('',#11815,.T.);
#11815 = EDGE_LOOP('',(#11816,#11817,#11818,#11839));
#11816 = ORIENTED_EDGE('',*,*,#8973,.T.);
#11817 = ORIENTED_EDGE('',*,*,#9155,.F.);
#11818 = ORIENTED_EDGE('',*,*,#11819,.F.);
#11819 = EDGE_CURVE('',#10987,#9108,#11820,.T.);
#11820 = SURFACE_CURVE('',#11821,(#11825,#11832),.PCURVE_S1.);
#11821 = LINE('',#11822,#11823);
#11822 = CARTESIAN_POINT('',(425.769854891,749.238,121.936333299));
#11823 = VECTOR('',#11824,1.);
#11824 = DIRECTION('',(0.,0.,1.));
#11825 = PCURVE('',#8991,#11826);
#11826 = DEFINITIONAL_REPRESENTATION('',(#11827),#11831);
#11827 = LINE('',#11828,#11829);
#11828 = CARTESIAN_POINT('',(2.718350309868,1.000003635454E-09));
#11829 = VECTOR('',#11830,1.);
#11830 = DIRECTION('',(0.,1.));
#11831 = ( GEOMETRIC_REPRESENTATION_CONTEXT(2) 
PARAMETRIC_REPRESENTATION_CONTEXT() REPRESENTATION_CONTEXT('2D SPACE',''
  ) );
#11832 = PCURVE('',#11267,#11833);
#11833 = DEFINITIONAL_REPRESENTATION('',(#11834),#11838);
#11834 = LINE('',#11835,#11836);
#11835 = CARTESIAN_POINT('',(-78.735993028,-983.030145109));
#11836 = VECTOR('',#11837,1.);
#11837 = DIRECTION('',(-1.,0.));
#11838 = ( GEOMETRIC_REPRESENTATION_CONTEXT(2) 
PARAMETRIC_REPRESENTATION_CONTEXT() REPRESENTATION_CONTEXT('2D SPACE',''
  ) );
#11839 = ORIENTED_EDGE('',*,*,#10986,.T.);
#11840 = ADVANCED_FACE('',(#11841),#9261,.F.);
#11841 = FACE_BOUND('',#11842,.T.);
#11842 = EDGE_LOOP('',(#11843,#11844,#11845,#11868));
#11843 = ORIENTED_EDGE('',*,*,#9275,.T.);
#11844 = ORIENTED_EDGE('',*,*,#9248,.F.);
#11845 = ORIENTED_EDGE('',*,*,#11846,.F.);
#11846 = EDGE_CURVE('',#11847,#9195,#11849,.T.);
#11847 = VERTEX_POINT('',#11848);
#11848 = CARTESIAN_POINT('',(466.520337982,769.005117912,201.113426197)
  );
#11849 = SURFACE_CURVE('',#11850,(#11854,#11861),.PCURVE_S1.);
#11850 = LINE('',#11851,#11852);
#11851 = CARTESIAN_POINT('',(459.447692232,769.005117912,201.113426197)
  );
#11852 = VECTOR('',#11853,1.);
#11853 = DIRECTION('',(-1.,0.,0.));
#11854 = PCURVE('',#9261,#11855);
#11855 = DEFINITIONAL_REPRESENTATION('',(#11856),#11860);
#11856 = LINE('',#11857,#11858);
#11857 = CARTESIAN_POINT('',(3.174856994723E-29,2.278000000797));
#11858 = VECTOR('',#11859,1.);
#11859 = DIRECTION('',(-1.,1.392601424188E-29));
#11860 = ( GEOMETRIC_REPRESENTATION_CONTEXT(2) 
PARAMETRIC_REPRESENTATION_CONTEXT() REPRESENTATION_CONTEXT('2D SPACE',''
  ) );
#11861 = PCURVE('',#11299,#11862);
#11862 = DEFINITIONAL_REPRESENTATION('',(#11863),#11867);
#11863 = LINE('',#11864,#11865);
#11864 = CARTESIAN_POINT('',(2.396078784148E+03,23.730777751043));
#11865 = VECTOR('',#11866,1.);
#11866 = DIRECTION('',(1.,5.995661546203E-17));
#11867 = ( GEOMETRIC_REPRESENTATION_CONTEXT(2) 
PARAMETRIC_REPRESENTATION_CONTEXT() REPRESENTATION_CONTEXT('2D SPACE',''
  ) );
#11868 = ORIENTED_EDGE('',*,*,#11869,.T.);
#11869 = EDGE_CURVE('',#11847,#9276,#11870,.T.);
#11870 = SURFACE_CURVE('',#11871,(#11875,#11882),.PCURVE_S1.);
#11871 = LINE('',#11872,#11873);
#11872 = CARTESIAN_POINT('',(466.520337982,769.562524525,202.106713098)
  );
#11873 = VECTOR('',#11874,1.);
#11874 = DIRECTION('',(0.,0.489382451749,0.872069272432));
#11875 = PCURVE('',#9261,#11876);
#11876 = DEFINITIONAL_REPRESENTATION('',(#11877),#11881);
#11877 = LINE('',#11878,#11879);
#11878 = CARTESIAN_POINT('',(7.07264575,1.139000000834));
#11879 = VECTOR('',#11880,1.);
#11880 = DIRECTION('',(-1.39252438699E-29,-1.));
#11881 = ( GEOMETRIC_REPRESENTATION_CONTEXT(2) 
PARAMETRIC_REPRESENTATION_CONTEXT() REPRESENTATION_CONTEXT('2D SPACE',''
  ) );
#11882 = PCURVE('',#9344,#11883);
#11883 = DEFINITIONAL_REPRESENTATION('',(#11884),#11888);
#11884 = LINE('',#11885,#11886);
#11885 = CARTESIAN_POINT('',(1.001177639641E-09,-1.139000000834));
#11886 = VECTOR('',#11887,1.);
#11887 = DIRECTION('',(-1.235797810368E-14,1.));
#11888 = ( GEOMETRIC_REPRESENTATION_CONTEXT(2) 
PARAMETRIC_REPRESENTATION_CONTEXT() REPRESENTATION_CONTEXT('2D SPACE',''
  ) );
#11889 = ADVANCED_FACE('',(#11890),#9344,.T.);
#11890 = FACE_BOUND('',#11891,.T.);
#11891 = EDGE_LOOP('',(#11892,#11893,#11940,#11961));
#11892 = ORIENTED_EDGE('',*,*,#11869,.F.);
#11893 = ORIENTED_EDGE('',*,*,#11894,.T.);
#11894 = EDGE_CURVE('',#11847,#11895,#11897,.T.);
#11895 = VERTEX_POINT('',#11896);
#11896 = CARTESIAN_POINT('',(481.079109468,777.915013121,196.113426197)
  );
#11897 = SURFACE_CURVE('',#11898,(#11914,#11921),.PCURVE_S1.);
#11898 = B_SPLINE_CURVE_WITH_KNOTS('',5,(#11899,#11900,#11901,#11902,
    #11903,#11904,#11905,#11906,#11907,#11908,#11909,#11910,#11911,
    #11912,#11913),.UNSPECIFIED.,.F.,.F.,(6,3,3,3,6),(0.,1.90103611897,
    4.66846754815,8.29036447721,18.2363082961),.UNSPECIFIED.);
#11899 = CARTESIAN_POINT('',(466.520337981,769.005117912,201.113426197)
  );
#11900 = CARTESIAN_POINT('',(466.900098827,769.005117912,201.113426197)
  );
#11901 = CARTESIAN_POINT('',(467.279859339,769.041156671,201.093202189)
  );
#11902 = CARTESIAN_POINT('',(467.653856734,769.101148025,201.059536611)
  );
#11903 = CARTESIAN_POINT('',(468.560685163,769.295011913,200.950745271)
  );
#11904 = CARTESIAN_POINT('',(469.436118059,769.581114692,200.790191879)
  );
#11905 = CARTESIAN_POINT('',(469.944419749,769.77259134,200.682740196));
#11906 = CARTESIAN_POINT('',(471.094807933,770.256384058,200.411248384)
  );
#11907 = CARTESIAN_POINT('',(472.196514441,770.820780578,200.094523829)
  );
#11908 = CARTESIAN_POINT('',(472.805956566,771.159772836,199.904290246)
  );
#11909 = CARTESIAN_POINT('',(475.043356952,772.495676115,199.154616289)
  );
#11910 = CARTESIAN_POINT('',(477.103711028,774.043358801,198.286097272)
  );
#11911 = CARTESIAN_POINT('',(478.5277275,775.25479799,197.606269305));
#11912 = CARTESIAN_POINT('',(479.865420979,776.543187835,196.883258644)
  );
#11913 = CARTESIAN_POINT('',(481.079109468,777.915013121,196.113426197)
  );
#11914 = PCURVE('',#9344,#11915);
#11915 = DEFINITIONAL_REPRESENTATION('',(#11916),#11920);
#11916 = LINE('',#11917,#11918);
#11917 = CARTESIAN_POINT('',(2.68850510378E-14,-2.278000000797));
#11918 = VECTOR('',#11919,1.);
#11919 = DIRECTION('',(1.,-1.948153991043E-16));
#11920 = ( GEOMETRIC_REPRESENTATION_CONTEXT(2) 
PARAMETRIC_REPRESENTATION_CONTEXT() REPRESENTATION_CONTEXT('2D SPACE',''
  ) );
#11921 = PCURVE('',#11299,#11922);
#11922 = DEFINITIONAL_REPRESENTATION('',(#11923),#11939);
#11923 = B_SPLINE_CURVE_WITH_KNOTS('',5,(#11924,#11925,#11926,#11927,
    #11928,#11929,#11930,#11931,#11932,#11933,#11934,#11935,#11936,
    #11937,#11938),.UNSPECIFIED.,.F.,.F.,(6,3,3,3,6),(0.,1.90103611897,
    4.66846754815,8.29036447721,18.2363082961),.UNSPECIFIED.);
#11924 = CARTESIAN_POINT('',(2.389006138399E+03,23.730777751043));
#11925 = CARTESIAN_POINT('',(2.388626377553E+03,23.730777751043));
#11926 = CARTESIAN_POINT('',(2.388246617041E+03,23.689452182084));
#11927 = CARTESIAN_POINT('',(2.387872619646E+03,23.620660222547));
#11928 = CARTESIAN_POINT('',(2.386965791217E+03,23.39835691009));
#11929 = CARTESIAN_POINT('',(2.386090358321E+03,23.070283455153));
#11930 = CARTESIAN_POINT('',(2.385582056631E+03,22.850717585973));
#11931 = CARTESIAN_POINT('',(2.384431668447E+03,22.295953493792));
#11932 = CARTESIAN_POINT('',(2.383329961939E+03,21.648761191978));
#11933 = CARTESIAN_POINT('',(2.382720519814E+03,21.26003948293));
#11934 = CARTESIAN_POINT('',(2.380483119428E+03,19.728162003284));
#11935 = CARTESIAN_POINT('',(2.378422765352E+03,17.953437523418));
#11936 = CARTESIAN_POINT('',(2.37699874888E+03,16.564282754013));
#11937 = CARTESIAN_POINT('',(2.375661055401E+03,15.086888829354));
#11938 = CARTESIAN_POINT('',(2.374447366912E+03,13.51381965994));
#11939 = ( GEOMETRIC_REPRESENTATION_CONTEXT(2) 
PARAMETRIC_REPRESENTATION_CONTEXT() REPRESENTATION_CONTEXT('2D SPACE',''
  ) );
#11940 = ORIENTED_EDGE('',*,*,#11941,.T.);
#11941 = EDGE_CURVE('',#11895,#9299,#11942,.T.);
#11942 = SURFACE_CURVE('',#11943,(#11947,#11954),.PCURVE_S1.);
#11943 = LINE('',#11944,#11945);
#11944 = CARTESIAN_POINT('',(481.079109468,779.029826347,198.1));
#11945 = VECTOR('',#11946,1.);
#11946 = DIRECTION('',(-1.06842890091E-16,0.489382451749,0.872069272432)
  );
#11947 = PCURVE('',#9344,#11948);
#11948 = DEFINITIONAL_REPRESENTATION('',(#11949),#11953);
#11949 = LINE('',#11950,#11951);
#11950 = CARTESIAN_POINT('',(18.2363082961,-4.263256414561E-14));
#11951 = VECTOR('',#11952,1.);
#11952 = DIRECTION('',(-4.678727406792E-15,1.));
#11953 = ( GEOMETRIC_REPRESENTATION_CONTEXT(2) 
PARAMETRIC_REPRESENTATION_CONTEXT() REPRESENTATION_CONTEXT('2D SPACE',''
  ) );
#11954 = PCURVE('',#9430,#11955);
#11955 = DEFINITIONAL_REPRESENTATION('',(#11956),#11960);
#11956 = LINE('',#11957,#11958);
#11957 = CARTESIAN_POINT('',(-26.83005296725,-1.697983975646E-10));
#11958 = VECTOR('',#11959,1.);
#11959 = DIRECTION('',(-2.239874952181E-13,1.));
#11960 = ( GEOMETRIC_REPRESENTATION_CONTEXT(2) 
PARAMETRIC_REPRESENTATION_CONTEXT() REPRESENTATION_CONTEXT('2D SPACE',''
  ) );
#11961 = ORIENTED_EDGE('',*,*,#9298,.T.);
#11962 = ADVANCED_FACE('',(#11963),#9430,.T.);
#11963 = FACE_BOUND('',#11964,.T.);
#11964 = EDGE_LOOP('',(#11965,#11966,#11989,#12010));
#11965 = ORIENTED_EDGE('',*,*,#11941,.F.);
#11966 = ORIENTED_EDGE('',*,*,#11967,.F.);
#11967 = EDGE_CURVE('',#11968,#11895,#11970,.T.);
#11968 = VERTEX_POINT('',#11969);
#11969 = CARTESIAN_POINT('',(513.857901047,814.964697236,175.322113144)
  );
#11970 = SURFACE_CURVE('',#11971,(#11975,#11982),.PCURVE_S1.);
#11971 = LINE('',#11972,#11973);
#11972 = CARTESIAN_POINT('',(497.468505258,796.439855179,185.71776967));
#11973 = VECTOR('',#11974,1.);
#11974 = DIRECTION('',(-0.61085961365,-0.690451192181,0.387463138411));
#11975 = PCURVE('',#9430,#11976);
#11976 = DEFINITIONAL_REPRESENTATION('',(#11977),#11981);
#11977 = LINE('',#11978,#11979);
#11978 = CARTESIAN_POINT('',(2.136234522609E-10,-2.278000000307));
#11979 = VECTOR('',#11980,1.);
#11980 = DIRECTION('',(-1.,-3.448158425456E-11));
#11981 = ( GEOMETRIC_REPRESENTATION_CONTEXT(2) 
PARAMETRIC_REPRESENTATION_CONTEXT() REPRESENTATION_CONTEXT('2D SPACE',''
  ) );
#11982 = PCURVE('',#11299,#11983);
#11983 = DEFINITIONAL_REPRESENTATION('',(#11984),#11988);
#11984 = LINE('',#11985,#11986);
#11985 = CARTESIAN_POINT('',(2.358057971122E+03,-7.728577754222));
#11986 = VECTOR('',#11987,1.);
#11987 = DIRECTION('',(0.61085961365,0.791738929453));
#11988 = ( GEOMETRIC_REPRESENTATION_CONTEXT(2) 
PARAMETRIC_REPRESENTATION_CONTEXT() REPRESENTATION_CONTEXT('2D SPACE',''
  ) );
#11989 = ORIENTED_EDGE('',*,*,#11990,.T.);
#11990 = EDGE_CURVE('',#11968,#9415,#11991,.T.);
#11991 = SURFACE_CURVE('',#11992,(#11996,#12003),.PCURVE_S1.);
#11992 = LINE('',#11993,#11994);
#11993 = CARTESIAN_POINT('',(513.857901047,815.522103848,176.315400045)
  );
#11994 = VECTOR('',#11995,1.);
#11995 = DIRECTION('',(-1.49719277135E-13,0.489382451749,0.872069272432)
  );
#11996 = PCURVE('',#9430,#11997);
#11997 = DEFINITIONAL_REPRESENTATION('',(#11998),#12002);
#11998 = LINE('',#11999,#12000);
#11999 = CARTESIAN_POINT('',(26.830052966207,-1.138999999793));
#12000 = VECTOR('',#12001,1.);
#12001 = DIRECTION('',(-3.153588501448E-13,1.));
#12002 = ( GEOMETRIC_REPRESENTATION_CONTEXT(2) 
PARAMETRIC_REPRESENTATION_CONTEXT() REPRESENTATION_CONTEXT('2D SPACE',''
  ) );
#12003 = PCURVE('',#9482,#12004);
#12004 = DEFINITIONAL_REPRESENTATION('',(#12005),#12009);
#12005 = LINE('',#12006,#12007);
#12006 = CARTESIAN_POINT('',(7.047603376531,-1.138999999473));
#12007 = VECTOR('',#12008,1.);
#12008 = DIRECTION('',(6.823144137837E-14,1.));
#12009 = ( GEOMETRIC_REPRESENTATION_CONTEXT(2) 
PARAMETRIC_REPRESENTATION_CONTEXT() REPRESENTATION_CONTEXT('2D SPACE',''
  ) );
#12010 = ORIENTED_EDGE('',*,*,#9414,.T.);
#12011 = ADVANCED_FACE('',(#12012),#9482,.F.);
#12012 = FACE_BOUND('',#12013,.F.);
#12013 = EDGE_LOOP('',(#12014,#12015,#12038,#12077));
#12014 = ORIENTED_EDGE('',*,*,#9442,.F.);
#12015 = ORIENTED_EDGE('',*,*,#12016,.F.);
#12016 = EDGE_CURVE('',#12017,#9443,#12019,.T.);
#12017 = VERTEX_POINT('',#12018);
#12018 = CARTESIAN_POINT('',(514.652422901,820.582807336,172.169376793)
  );
#12019 = SURFACE_CURVE('',#12020,(#12024,#12031),.PCURVE_S1.);
#12020 = LINE('',#12021,#12022);
#12021 = CARTESIAN_POINT('',(514.652422901,821.697620561,174.155950595)
  );
#12022 = VECTOR('',#12023,1.);
#12023 = DIRECTION('',(-1.06842890091E-16,0.489382451749,0.872069272432)
  );
#12024 = PCURVE('',#9482,#12025);
#12025 = DEFINITIONAL_REPRESENTATION('',(#12026),#12030);
#12026 = LINE('',#12027,#12028);
#12027 = CARTESIAN_POINT('',(-3.343851748725E-14,1.731947918415E-14));
#12028 = VECTOR('',#12029,1.);
#12029 = DIRECTION('',(-1.447878303885E-14,1.));
#12030 = ( GEOMETRIC_REPRESENTATION_CONTEXT(2) 
PARAMETRIC_REPRESENTATION_CONTEXT() REPRESENTATION_CONTEXT('2D SPACE',''
  ) );
#12031 = PCURVE('',#9565,#12032);
#12032 = DEFINITIONAL_REPRESENTATION('',(#12033),#12037);
#12033 = LINE('',#12034,#12035);
#12034 = CARTESIAN_POINT('',(4.726517826029,3.777778090353E-11));
#12035 = VECTOR('',#12036,1.);
#12036 = DIRECTION('',(-2.51798581985E-13,-1.));
#12037 = ( GEOMETRIC_REPRESENTATION_CONTEXT(2) 
PARAMETRIC_REPRESENTATION_CONTEXT() REPRESENTATION_CONTEXT('2D SPACE',''
  ) );
#12038 = ORIENTED_EDGE('',*,*,#12039,.T.);
#12039 = EDGE_CURVE('',#12017,#11968,#12040,.T.);
#12040 = SURFACE_CURVE('',#12041,(#12054,#12061),.PCURVE_S1.);
#12041 = B_SPLINE_CURVE_WITH_KNOTS('',5,(#12042,#12043,#12044,#12045,
    #12046,#12047,#12048,#12049,#12050,#12051,#12052,#12053),
  .UNSPECIFIED.,.F.,.F.,(6,3,3,6),(0.,2.45555374254,4.54324565648,
    7.04760337679),.UNSPECIFIED.);
#12042 = CARTESIAN_POINT('',(514.652422901,820.582807335,172.169376792)
  );
#12043 = CARTESIAN_POINT('',(514.968337404,820.257786256,172.351770116)
  );
#12044 = CARTESIAN_POINT('',(515.215121336,819.881665202,172.562839407)
  );
#12045 = CARTESIAN_POINT('',(515.373848891,819.468181942,172.794875391)
  );
#12046 = CARTESIAN_POINT('',(515.518158273,818.682285035,173.235900166)
  );
#12047 = CARTESIAN_POINT('',(515.429859044,817.89221769,173.679265283));
#12048 = CARTESIAN_POINT('',(515.347518344,817.534472277,173.880022645)
  );
#12049 = CARTESIAN_POINT('',(515.091333116,816.767280423,174.310550635)
  );
#12050 = CARTESIAN_POINT('',(514.692905238,816.046613184,174.714970228)
  );
#12051 = CARTESIAN_POINT('',(514.441842109,815.669488665,174.926602638)
  );
#12052 = CARTESIAN_POINT('',(514.162285046,815.30874076,175.129044921));
#12053 = CARTESIAN_POINT('',(513.857901047,814.964697234,175.322113143)
  );
#12054 = PCURVE('',#9482,#12055);
#12055 = DEFINITIONAL_REPRESENTATION('',(#12056),#12060);
#12056 = LINE('',#12057,#12058);
#12057 = CARTESIAN_POINT('',(4.62289784502E-10,-2.278000000797));
#12058 = VECTOR('',#12059,1.);
#12059 = DIRECTION('',(1.,-4.410895878704E-15));
#12060 = ( GEOMETRIC_REPRESENTATION_CONTEXT(2) 
PARAMETRIC_REPRESENTATION_CONTEXT() REPRESENTATION_CONTEXT('2D SPACE',''
  ) );
#12061 = PCURVE('',#11299,#12062);
#12062 = DEFINITIONAL_REPRESENTATION('',(#12063),#12076);
#12063 = B_SPLINE_CURVE_WITH_KNOTS('',5,(#12064,#12065,#12066,#12067,
    #12068,#12069,#12070,#12071,#12072,#12073,#12074,#12075),
  .UNSPECIFIED.,.F.,.F.,(6,3,3,6),(0.,2.45555374254,4.54324565648,
    7.04760337679),.UNSPECIFIED.);
#12064 = CARTESIAN_POINT('',(2.340874053479E+03,-35.41325019916));
#12065 = CARTESIAN_POINT('',(2.340558138976E+03,-35.04054921119));
#12066 = CARTESIAN_POINT('',(2.340311355044E+03,-34.60925199016));
#12067 = CARTESIAN_POINT('',(2.340152627489E+03,-34.1351116057));
#12068 = CARTESIAN_POINT('',(2.340008318107E+03,-33.23392527614));
#12069 = CARTESIAN_POINT('',(2.340096617336E+03,-32.32795671344));
#12070 = CARTESIAN_POINT('',(2.340178958036E+03,-31.91773080138));
#12071 = CARTESIAN_POINT('',(2.340435143264E+03,-31.03799351616));
#12072 = CARTESIAN_POINT('',(2.340833571142E+03,-30.21160590942));
#12073 = CARTESIAN_POINT('',(2.341084634271E+03,-29.77915801684));
#12074 = CARTESIAN_POINT('',(2.341364191334E+03,-29.365489153));
#12075 = CARTESIAN_POINT('',(2.341668575333E+03,-28.97097516576));
#12076 = ( GEOMETRIC_REPRESENTATION_CONTEXT(2) 
PARAMETRIC_REPRESENTATION_CONTEXT() REPRESENTATION_CONTEXT('2D SPACE',''
  ) );
#12077 = ORIENTED_EDGE('',*,*,#11990,.T.);
#12078 = ADVANCED_FACE('',(#12079),#9565,.T.);
#12079 = FACE_BOUND('',#12080,.T.);
#12080 = EDGE_LOOP('',(#12081,#12082,#12105,#12125));
#12081 = ORIENTED_EDGE('',*,*,#12016,.F.);
#12082 = ORIENTED_EDGE('',*,*,#12083,.F.);
#12083 = EDGE_CURVE('',#12084,#12017,#12086,.T.);
#12084 = VERTEX_POINT('',#12085);
#12085 = CARTESIAN_POINT('',(508.540084745,826.871340238,168.640416713)
  );
#12086 = SURFACE_CURVE('',#12087,(#12091,#12098),.PCURVE_S1.);
#12087 = LINE('',#12088,#12089);
#12088 = CARTESIAN_POINT('',(511.596253823,823.727073787,170.404896753)
  );
#12089 = VECTOR('',#12090,1.);
#12090 = DIRECTION('',(0.646600561058,-0.665239520212,0.373315007985));
#12091 = PCURVE('',#9565,#12092);
#12092 = DEFINITIONAL_REPRESENTATION('',(#12093),#12097);
#12093 = LINE('',#12094,#12095);
#12094 = CARTESIAN_POINT('',(1.685779293936E-10,2.277999999435));
#12095 = VECTOR('',#12096,1.);
#12096 = DIRECTION('',(1.,0.));
#12097 = ( GEOMETRIC_REPRESENTATION_CONTEXT(2) 
PARAMETRIC_REPRESENTATION_CONTEXT() REPRESENTATION_CONTEXT('2D SPACE',''
  ) );
#12098 = PCURVE('',#11299,#12099);
#12099 = DEFINITIONAL_REPRESENTATION('',(#12100),#12104);
#12100 = LINE('',#12101,#12102);
#12101 = CARTESIAN_POINT('',(2.343930222557E+03,-39.01877392383));
#12102 = VECTOR('',#12103,1.);
#12103 = DIRECTION('',(-0.646600561058,0.762828758267));
#12104 = ( GEOMETRIC_REPRESENTATION_CONTEXT(2) 
PARAMETRIC_REPRESENTATION_CONTEXT() REPRESENTATION_CONTEXT('2D SPACE',''
  ) );
#12105 = ORIENTED_EDGE('',*,*,#12106,.T.);
#12106 = EDGE_CURVE('',#12084,#9550,#12107,.T.);
#12107 = SURFACE_CURVE('',#12108,(#12112,#12119),.PCURVE_S1.);
#12108 = LINE('',#12109,#12110);
#12109 = CARTESIAN_POINT('',(508.540084745,827.428746851,169.633703614)
  );
#12110 = VECTOR('',#12111,1.);
#12111 = DIRECTION('',(2.49532128559E-13,0.489382451749,0.872069272432)
  );
#12112 = PCURVE('',#9565,#12113);
#12113 = DEFINITIONAL_REPRESENTATION('',(#12114),#12118);
#12114 = LINE('',#12115,#12116);
#12115 = CARTESIAN_POINT('',(-4.726517826277,1.138999999435));
#12116 = VECTOR('',#12117,1.);
#12117 = DIRECTION('',(-9.037215420449E-14,-1.));
#12118 = ( GEOMETRIC_REPRESENTATION_CONTEXT(2) 
PARAMETRIC_REPRESENTATION_CONTEXT() REPRESENTATION_CONTEXT('2D SPACE',''
  ) );
#12119 = PCURVE('',#9599,#12120);
#12120 = DEFINITIONAL_REPRESENTATION('',(#12121),#12124);
#12121 = B_SPLINE_CURVE_WITH_KNOTS('',1,(#12122,#12123),.UNSPECIFIED.,
  .F.,.F.,(2,2),(-1.138999999962,1.139000000345),
  .PIECEWISE_BEZIER_KNOTS.);
#12122 = CARTESIAN_POINT('',(-4.928949923384E-06,-2.278000005458));
#12123 = CARTESIAN_POINT('',(2.851898337263E-06,1.300922848939E-05));
#12124 = ( GEOMETRIC_REPRESENTATION_CONTEXT(2) 
PARAMETRIC_REPRESENTATION_CONTEXT() REPRESENTATION_CONTEXT('2D SPACE',''
  ) );
#12125 = ORIENTED_EDGE('',*,*,#9549,.T.);
#12126 = ADVANCED_FACE('',(#12127),#9599,.T.);
#12127 = FACE_BOUND('',#12128,.T.);
#12128 = EDGE_LOOP('',(#12129,#12130,#12157,#12179));
#12129 = ORIENTED_EDGE('',*,*,#12106,.F.);
#12130 = ORIENTED_EDGE('',*,*,#12131,.T.);
#12131 = EDGE_CURVE('',#12084,#11340,#12132,.T.);
#12132 = SURFACE_CURVE('',#12133,(#12140,#12147),.PCURVE_S1.);
#12133 = B_SPLINE_CURVE_WITH_KNOTS('',5,(#12134,#12135,#12136,#12137,
    #12138,#12139),.UNSPECIFIED.,.F.,.F.,(6,6),(0.,1.08957372007),
  .PIECEWISE_BEZIER_KNOTS.);
#12134 = CARTESIAN_POINT('',(508.54010839,826.871363328,168.640403755));
#12135 = CARTESIAN_POINT('',(508.399397356,827.016268243,168.559086909)
  );
#12136 = CARTESIAN_POINT('',(508.276152275,827.173739307,168.47071827));
#12137 = CARTESIAN_POINT('',(508.17106971,827.340033364,168.377398397));
#12138 = CARTESIAN_POINT('',(508.075222443,827.509636703,168.282221442)
  );
#12139 = CARTESIAN_POINT('',(507.985345384,827.682678385,168.185114979)
  );
#12140 = PCURVE('',#9599,#12141);
#12141 = DEFINITIONAL_REPRESENTATION('',(#12142),#12146);
#12142 = LINE('',#12143,#12144);
#12143 = CARTESIAN_POINT('',(-6.430441169888E-14,-2.278));
#12144 = VECTOR('',#12145,1.);
#12145 = DIRECTION('',(1.,-1.560398221098E-10));
#12146 = ( GEOMETRIC_REPRESENTATION_CONTEXT(2) 
PARAMETRIC_REPRESENTATION_CONTEXT() REPRESENTATION_CONTEXT('2D SPACE',''
  ) );
#12147 = PCURVE('',#11299,#12148);
#12148 = DEFINITIONAL_REPRESENTATION('',(#12149),#12156);
#12149 = B_SPLINE_CURVE_WITH_KNOTS('',5,(#12150,#12151,#12152,#12153,
    #12154,#12155),.UNSPECIFIED.,.F.,.F.,(6,6),(0.,1.08957372007),
  .PIECEWISE_BEZIER_KNOTS.);
#12150 = CARTESIAN_POINT('',(2.34698636799E+03,-42.62432412562));
#12151 = CARTESIAN_POINT('',(2.347127079024E+03,-42.79048628688));
#12152 = CARTESIAN_POINT('',(2.347250324105E+03,-42.97105802431));
#12153 = CARTESIAN_POINT('',(2.34735540667E+03,-43.16174706985));
#12154 = CARTESIAN_POINT('',(2.347451253937E+03,-43.35623086188));
#12155 = CARTESIAN_POINT('',(2.347541130996E+03,-43.55465739455));
#12156 = ( GEOMETRIC_REPRESENTATION_CONTEXT(2) 
PARAMETRIC_REPRESENTATION_CONTEXT() REPRESENTATION_CONTEXT('2D SPACE',''
  ) );
#12157 = ORIENTED_EDGE('',*,*,#12158,.T.);
#12158 = EDGE_CURVE('',#11340,#9578,#12159,.T.);
#12159 = SURFACE_CURVE('',#12160,(#12167,#12173),.PCURVE_S1.);
#12160 = B_SPLINE_CURVE_WITH_KNOTS('',5,(#12161,#12162,#12163,#12164,
    #12165,#12166),.UNSPECIFIED.,.F.,.F.,(6,6),(-2.278,1.30100940625E-05
    ),.PIECEWISE_BEZIER_KNOTS.);
#12161 = CARTESIAN_POINT('',(507.985323847,827.682719852,168.185091709)
  );
#12162 = CARTESIAN_POINT('',(507.985285066,827.905610695,168.582446763)
  );
#12163 = CARTESIAN_POINT('',(507.985342016,828.128566969,168.979765099)
  );
#12164 = CARTESIAN_POINT('',(507.985253179,828.351568507,169.377058033)
  );
#12165 = CARTESIAN_POINT('',(507.985402892,828.574546711,169.774364063)
  );
#12166 = CARTESIAN_POINT('',(507.985346138,828.797492234,170.171688432)
  );
#12167 = PCURVE('',#9599,#12168);
#12168 = DEFINITIONAL_REPRESENTATION('',(#12169),#12172);
#12169 = B_SPLINE_CURVE_WITH_KNOTS('',1,(#12170,#12171),.UNSPECIFIED.,
  .F.,.F.,(2,2),(-2.277999993646,1.300690231654E-05),
  .PIECEWISE_BEZIER_KNOTS.);
#12170 = CARTESIAN_POINT('',(1.089625939839,-2.278));
#12171 = CARTESIAN_POINT('',(1.08962593984,1.30100940625E-05));
#12172 = ( GEOMETRIC_REPRESENTATION_CONTEXT(2) 
PARAMETRIC_REPRESENTATION_CONTEXT() REPRESENTATION_CONTEXT('2D SPACE',''
  ) );
#12173 = PCURVE('',#9765,#12174);
#12174 = DEFINITIONAL_REPRESENTATION('',(#12175),#12178);
#12175 = B_SPLINE_CURVE_WITH_KNOTS('',1,(#12176,#12177),.UNSPECIFIED.,
  .F.,.F.,(2,2),(-2.277999993646,1.300690229655E-05),
  .PIECEWISE_BEZIER_KNOTS.);
#12176 = CARTESIAN_POINT('',(18.003879707912,-2.277999993439));
#12177 = CARTESIAN_POINT('',(18.003937767225,5.14817132701E-03));
#12178 = ( GEOMETRIC_REPRESENTATION_CONTEXT(2) 
PARAMETRIC_REPRESENTATION_CONTEXT() REPRESENTATION_CONTEXT('2D SPACE',''
  ) );
#12179 = ORIENTED_EDGE('',*,*,#9577,.T.);
#12180 = ADVANCED_FACE('',(#12181),#9765,.F.);
#12181 = FACE_BOUND('',#12182,.F.);
#12182 = EDGE_LOOP('',(#12183,#12202,#12203,#12204,#12205));
#12183 = ORIENTED_EDGE('',*,*,#12184,.F.);
#12184 = EDGE_CURVE('',#11442,#9668,#12185,.T.);
#12185 = SURFACE_CURVE('',#12186,(#12189,#12196),.PCURVE_S1.);
#12186 = B_SPLINE_CURVE_WITH_KNOTS('',1,(#12187,#12188),.UNSPECIFIED.,
  .F.,.F.,(2,2),(-2.278,5.14817439261E-03),.PIECEWISE_BEZIER_KNOTS.);
#12187 = CARTESIAN_POINT('',(512.78931578,835.2,155.3465055));
#12188 = CARTESIAN_POINT('',(512.78931578,837.478,155.3465055));
#12189 = PCURVE('',#9765,#12190);
#12190 = DEFINITIONAL_REPRESENTATION('',(#12191),#12195);
#12191 = LINE('',#12192,#12193);
#12192 = CARTESIAN_POINT('',(-3.740074063418E-14,-4.440892098501E-14));
#12193 = VECTOR('',#12194,1.);
#12194 = DIRECTION('',(-1.041844154779E-14,1.));
#12195 = ( GEOMETRIC_REPRESENTATION_CONTEXT(2) 
PARAMETRIC_REPRESENTATION_CONTEXT() REPRESENTATION_CONTEXT('2D SPACE',''
  ) );
#12196 = PCURVE('',#9892,#12197);
#12197 = DEFINITIONAL_REPRESENTATION('',(#12198),#12201);
#12198 = B_SPLINE_CURVE_WITH_KNOTS('',1,(#12199,#12200),.UNSPECIFIED.,
  .F.,.F.,(2,2),(-2.278,5.14817439261E-03),.PIECEWISE_BEZIER_KNOTS.);
#12199 = CARTESIAN_POINT('',(0.642956725576,2.278040376603));
#12200 = CARTESIAN_POINT('',(0.642948982272,1.251836832431E-12));
#12201 = ( GEOMETRIC_REPRESENTATION_CONTEXT(2) 
PARAMETRIC_REPRESENTATION_CONTEXT() REPRESENTATION_CONTEXT('2D SPACE',''
  ) );
#12202 = ORIENTED_EDGE('',*,*,#11441,.F.);
#12203 = ORIENTED_EDGE('',*,*,#11363,.F.);
#12204 = ORIENTED_EDGE('',*,*,#12158,.T.);
#12205 = ORIENTED_EDGE('',*,*,#9692,.T.);
#12206 = ADVANCED_FACE('',(#12207),#9892,.F.);
#12207 = FACE_BOUND('',#12208,.F.);
#12208 = EDGE_LOOP('',(#12209,#12238,#12283,#12284));
#12209 = ORIENTED_EDGE('',*,*,#12210,.T.);
#12210 = EDGE_CURVE('',#9853,#12211,#12213,.T.);
#12211 = VERTEX_POINT('',#12212);
#12212 = CARTESIAN_POINT('',(519.437762503,835.2,150.800000207));
#12213 = SURFACE_CURVE('',#12214,(#12221,#12228),.PCURVE_S1.);
#12214 = B_SPLINE_CURVE_WITH_KNOTS('',5,(#12215,#12216,#12217,#12218,
    #12219,#12220),.UNSPECIFIED.,.F.,.F.,(6,6),(-3.96983235854E-14,
    2.27804037651),.PIECEWISE_BEZIER_KNOTS.);
#12215 = CARTESIAN_POINT('',(519.437760881,837.478,150.800000216));
#12216 = CARTESIAN_POINT('',(519.437761593,837.0224,150.800000121));
#12217 = CARTESIAN_POINT('',(519.437760996,836.5668,150.800001887));
#12218 = CARTESIAN_POINT('',(519.437763454,836.1112,150.800002822));
#12219 = CARTESIAN_POINT('',(519.43775999,835.6556,150.800001551));
#12220 = CARTESIAN_POINT('',(519.437762503,835.2,150.800000207));
#12221 = PCURVE('',#9892,#12222);
#12222 = DEFINITIONAL_REPRESENTATION('',(#12223),#12227);
#12223 = LINE('',#12224,#12225);
#12224 = CARTESIAN_POINT('',(9.42774377807,-1.950109957083E-16));
#12225 = VECTOR('',#12226,1.);
#12226 = DIRECTION('',(-3.976847809354E-14,1.));
#12227 = ( GEOMETRIC_REPRESENTATION_CONTEXT(2) 
PARAMETRIC_REPRESENTATION_CONTEXT() REPRESENTATION_CONTEXT('2D SPACE',''
  ) );
#12228 = PCURVE('',#10050,#12229);
#12229 = DEFINITIONAL_REPRESENTATION('',(#12230),#12237);
#12230 = B_SPLINE_CURVE_WITH_KNOTS('',5,(#12231,#12232,#12233,#12234,
    #12235,#12236),.UNSPECIFIED.,.F.,.F.,(6,6),(-3.96983235854E-14,
    2.27804037651),.PIECEWISE_BEZIER_KNOTS.);
#12231 = CARTESIAN_POINT('',(-3.337981348,0.));
#12232 = CARTESIAN_POINT('',(-3.337980636,-0.4556));
#12233 = CARTESIAN_POINT('',(-3.337981233,-0.9112));
#12234 = CARTESIAN_POINT('',(-3.337978775,-1.3668));
#12235 = CARTESIAN_POINT('',(-3.337982239,-1.8224));
#12236 = CARTESIAN_POINT('',(-3.337979726,-2.278));
#12237 = ( GEOMETRIC_REPRESENTATION_CONTEXT(2) 
PARAMETRIC_REPRESENTATION_CONTEXT() REPRESENTATION_CONTEXT('2D SPACE',''
  ) );
#12238 = ORIENTED_EDGE('',*,*,#12239,.F.);
#12239 = EDGE_CURVE('',#11442,#12211,#12240,.T.);
#12240 = SURFACE_CURVE('',#12241,(#12257,#12264),.PCURVE_S1.);
#12241 = B_SPLINE_CURVE_WITH_KNOTS('',5,(#12242,#12243,#12244,#12245,
    #12246,#12247,#12248,#12249,#12250,#12251,#12252,#12253,#12254,
    #12255,#12256),.UNSPECIFIED.,.F.,.F.,(6,3,3,3,6),(0.642956725433,
    2.56175350172,3.46587297124,6.2626361449,9.42774377807),
  .UNSPECIFIED.);
#12242 = CARTESIAN_POINT('',(512.789318692,835.2,155.346505909));
#12243 = CARTESIAN_POINT('',(512.842535126,835.2,154.967482349));
#12244 = CARTESIAN_POINT('',(512.942046025,835.2,154.595996854));
#12245 = CARTESIAN_POINT('',(513.084979211,835.2,154.238798813));
#12246 = CARTESIAN_POINT('',(513.349946096,835.2,153.741425915));
#12247 = CARTESIAN_POINT('',(513.68339625,835.2,153.289599003));
#12248 = CARTESIAN_POINT('',(513.796631805,835.2,153.149812572));
#12249 = CARTESIAN_POINT('',(514.284115655,835.2,152.598348241));
#12250 = CARTESIAN_POINT('',(514.861745458,835.2,152.132435396));
#12251 = CARTESIAN_POINT('',(515.335261057,835.2,151.830707698));
#12252 = CARTESIAN_POINT('',(516.399576509,835.2,151.292359588));
#12253 = CARTESIAN_POINT('',(517.550202795,835.2,150.969222489));
#12254 = CARTESIAN_POINT('',(518.175062895,835.2,150.856194497));
#12255 = CARTESIAN_POINT('',(518.806380396,835.2,150.799999146));
#12256 = CARTESIAN_POINT('',(519.437762503,835.2,150.800000207));
#12257 = PCURVE('',#9892,#12258);
#12258 = DEFINITIONAL_REPRESENTATION('',(#12259),#12263);
#12259 = LINE('',#12260,#12261);
#12260 = CARTESIAN_POINT('',(2.78443934576E-13,2.27804037651));
#12261 = VECTOR('',#12262,1.);
#12262 = DIRECTION('',(1.,-3.083676546623E-15));
#12263 = ( GEOMETRIC_REPRESENTATION_CONTEXT(2) 
PARAMETRIC_REPRESENTATION_CONTEXT() REPRESENTATION_CONTEXT('2D SPACE',''
  ) );
#12264 = PCURVE('',#11528,#12265);
#12265 = DEFINITIONAL_REPRESENTATION('',(#12266),#12282);
#12266 = B_SPLINE_CURVE_WITH_KNOTS('',5,(#12267,#12268,#12269,#12270,
    #12271,#12272,#12273,#12274,#12275,#12276,#12277,#12278,#12279,
    #12280,#12281),.UNSPECIFIED.,.F.,.F.,(6,3,3,3,6),(0.642956725433,
    2.56175350172,3.46587297124,6.2626361449,9.42774377807),
  .UNSPECIFIED.);
#12267 = CARTESIAN_POINT('',(2.105863708648E+03,-15.246505909));
#12268 = CARTESIAN_POINT('',(2.105810492214E+03,-14.867482349));
#12269 = CARTESIAN_POINT('',(2.105710981315E+03,-14.495996854));
#12270 = CARTESIAN_POINT('',(2.105568048129E+03,-14.138798813));
#12271 = CARTESIAN_POINT('',(2.105303081244E+03,-13.641425915));
#12272 = CARTESIAN_POINT('',(2.10496963109E+03,-13.189599003));
#12273 = CARTESIAN_POINT('',(2.104856395535E+03,-13.049812572));
#12274 = CARTESIAN_POINT('',(2.104368911685E+03,-12.498348241));
#12275 = CARTESIAN_POINT('',(2.103791281882E+03,-12.032435396));
#12276 = CARTESIAN_POINT('',(2.103317766283E+03,-11.730707698));
#12277 = CARTESIAN_POINT('',(2.102253450831E+03,-11.192359588));
#12278 = CARTESIAN_POINT('',(2.101102824545E+03,-10.869222489));
#12279 = CARTESIAN_POINT('',(2.100477964445E+03,-10.756194497));
#12280 = CARTESIAN_POINT('',(2.099846646944E+03,-10.699999146));
#12281 = CARTESIAN_POINT('',(2.099215264837E+03,-10.700000207));
#12282 = ( GEOMETRIC_REPRESENTATION_CONTEXT(2) 
PARAMETRIC_REPRESENTATION_CONTEXT() REPRESENTATION_CONTEXT('2D SPACE',''
  ) );
#12283 = ORIENTED_EDGE('',*,*,#12184,.T.);
#12284 = ORIENTED_EDGE('',*,*,#9852,.T.);
#12285 = ADVANCED_FACE('',(#12286),#10050,.T.);
#12286 = FACE_BOUND('',#12287,.T.);
#12287 = EDGE_LOOP('',(#12288,#12289,#12290,#12313));
#12288 = ORIENTED_EDGE('',*,*,#10034,.T.);
#12289 = ORIENTED_EDGE('',*,*,#12210,.T.);
#12290 = ORIENTED_EDGE('',*,*,#12291,.F.);
#12291 = EDGE_CURVE('',#12292,#12211,#12294,.T.);
#12292 = VERTEX_POINT('',#12293);
#12293 = CARTESIAN_POINT('',(526.113723274,835.199999999,150.8));
#12294 = SURFACE_CURVE('',#12295,(#12299,#12306),.PCURVE_S1.);
#12295 = LINE('',#12296,#12297);
#12296 = CARTESIAN_POINT('',(522.77574223,835.199999999,150.8));
#12297 = VECTOR('',#12298,1.);
#12298 = DIRECTION('',(-1.,0.,0.));
#12299 = PCURVE('',#10050,#12300);
#12300 = DEFINITIONAL_REPRESENTATION('',(#12301),#12305);
#12301 = LINE('',#12302,#12303);
#12302 = CARTESIAN_POINT('',(9.999894245993E-10,-2.278000001));
#12303 = VECTOR('',#12304,1.);
#12304 = DIRECTION('',(-1.,0.));
#12305 = ( GEOMETRIC_REPRESENTATION_CONTEXT(2) 
PARAMETRIC_REPRESENTATION_CONTEXT() REPRESENTATION_CONTEXT('2D SPACE',''
  ) );
#12306 = PCURVE('',#11528,#12307);
#12307 = DEFINITIONAL_REPRESENTATION('',(#12308),#12312);
#12308 = LINE('',#12309,#12310);
#12309 = CARTESIAN_POINT('',(2.09587728511E+03,-10.7));
#12310 = VECTOR('',#12311,1.);
#12311 = DIRECTION('',(1.,0.));
#12312 = ( GEOMETRIC_REPRESENTATION_CONTEXT(2) 
PARAMETRIC_REPRESENTATION_CONTEXT() REPRESENTATION_CONTEXT('2D SPACE',''
  ) );
#12313 = ORIENTED_EDGE('',*,*,#12314,.F.);
#12314 = EDGE_CURVE('',#10035,#12292,#12315,.T.);
#12315 = SURFACE_CURVE('',#12316,(#12320,#12327),.PCURVE_S1.);
#12316 = LINE('',#12317,#12318);
#12317 = CARTESIAN_POINT('',(526.113723274,836.339,150.8));
#12318 = VECTOR('',#12319,1.);
#12319 = DIRECTION('',(0.,-1.,0.));
#12320 = PCURVE('',#10050,#12321);
#12321 = DEFINITIONAL_REPRESENTATION('',(#12322),#12326);
#12322 = LINE('',#12323,#12324);
#12323 = CARTESIAN_POINT('',(3.337981045,-1.139));
#12324 = VECTOR('',#12325,1.);
#12325 = DIRECTION('',(0.,-1.));
#12326 = ( GEOMETRIC_REPRESENTATION_CONTEXT(2) 
PARAMETRIC_REPRESENTATION_CONTEXT() REPRESENTATION_CONTEXT('2D SPACE',''
  ) );
#12327 = PCURVE('',#10102,#12328);
#12328 = DEFINITIONAL_REPRESENTATION('',(#12329),#12333);
#12329 = LINE('',#12330,#12331);
#12330 = CARTESIAN_POINT('',(9.279058245847,1.139));
#12331 = VECTOR('',#12332,1.);
#12332 = DIRECTION('',(-3.898939505313E-15,1.));
#12333 = ( GEOMETRIC_REPRESENTATION_CONTEXT(2) 
PARAMETRIC_REPRESENTATION_CONTEXT() REPRESENTATION_CONTEXT('2D SPACE',''
  ) );
#12334 = ADVANCED_FACE('',(#12335),#10102,.T.);
#12335 = FACE_BOUND('',#12336,.T.);
#12336 = EDGE_LOOP('',(#12337,#12338,#12339,#12380));
#12337 = ORIENTED_EDGE('',*,*,#10062,.F.);
#12338 = ORIENTED_EDGE('',*,*,#12314,.T.);
#12339 = ORIENTED_EDGE('',*,*,#12340,.F.);
#12340 = EDGE_CURVE('',#12341,#12292,#12343,.T.);
#12341 = VERTEX_POINT('',#12342);
#12342 = CARTESIAN_POINT('',(532.789685366,835.199999997,145.8));
#12343 = SURFACE_CURVE('',#12344,(#12357,#12364),.PCURVE_S1.);
#12344 = B_SPLINE_CURVE_WITH_KNOTS('',5,(#12345,#12346,#12347,#12348,
    #12349,#12350,#12351,#12352,#12353,#12354,#12355,#12356),
  .UNSPECIFIED.,.F.,.F.,(6,3,3,6),(0.,3.29238761607,6.1007845923,
    9.27905824484),.UNSPECIFIED.);
#12345 = CARTESIAN_POINT('',(532.789685366,835.199999997,145.8));
#12346 = CARTESIAN_POINT('',(532.789685366,835.199999997,146.454036255)
  );
#12347 = CARTESIAN_POINT('',(532.646898746,835.199999997,147.108071162)
  );
#12348 = CARTESIAN_POINT('',(532.361452314,835.199999997,147.717123351)
  );
#12349 = CARTESIAN_POINT('',(531.653383047,835.199999997,148.717978755)
  );
#12350 = CARTESIAN_POINT('',(530.698304152,835.199999997,149.480571989)
  );
#12351 = CARTESIAN_POINT('',(530.221987183,835.199999997,149.780059887)
  );
#12352 = CARTESIAN_POINT('',(529.153503871,835.199999997,150.313273598)
  );
#12353 = CARTESIAN_POINT('',(528.00134811,835.199999997,150.632295678));
#12354 = CARTESIAN_POINT('',(527.376457846,835.199999997,150.744099384)
  );
#12355 = CARTESIAN_POINT('',(526.745090671,835.199999997,150.8));
#12356 = CARTESIAN_POINT('',(526.113723275,835.199999997,150.8));
#12357 = PCURVE('',#10102,#12358);
#12358 = DEFINITIONAL_REPRESENTATION('',(#12359),#12363);
#12359 = LINE('',#12360,#12361);
#12360 = CARTESIAN_POINT('',(-7.086907405726E-15,2.278000003));
#12361 = VECTOR('',#12362,1.);
#12362 = DIRECTION('',(1.,7.65748761363E-16));
#12363 = ( GEOMETRIC_REPRESENTATION_CONTEXT(2) 
PARAMETRIC_REPRESENTATION_CONTEXT() REPRESENTATION_CONTEXT('2D SPACE',''
  ) );
#12364 = PCURVE('',#11528,#12365);
#12365 = DEFINITIONAL_REPRESENTATION('',(#12366),#12379);
#12366 = B_SPLINE_CURVE_WITH_KNOTS('',5,(#12367,#12368,#12369,#12370,
    #12371,#12372,#12373,#12374,#12375,#12376,#12377,#12378),
  .UNSPECIFIED.,.F.,.F.,(6,3,3,6),(0.,3.29238761607,6.1007845923,
    9.27905824484),.UNSPECIFIED.);
#12367 = CARTESIAN_POINT('',(2.085863341974E+03,-5.7));
#12368 = CARTESIAN_POINT('',(2.085863341974E+03,-6.354036255));
#12369 = CARTESIAN_POINT('',(2.086006128594E+03,-7.008071162));
#12370 = CARTESIAN_POINT('',(2.086291575026E+03,-7.617123351));
#12371 = CARTESIAN_POINT('',(2.086999644293E+03,-8.617978755));
#12372 = CARTESIAN_POINT('',(2.087954723188E+03,-9.380571989));
#12373 = CARTESIAN_POINT('',(2.088431040157E+03,-9.680059887));
#12374 = CARTESIAN_POINT('',(2.089499523469E+03,-10.213273598));
#12375 = CARTESIAN_POINT('',(2.09065167923E+03,-10.532295678));
#12376 = CARTESIAN_POINT('',(2.091276569494E+03,-10.644099384));
#12377 = CARTESIAN_POINT('',(2.091907936669E+03,-10.7));
#12378 = CARTESIAN_POINT('',(2.092539304065E+03,-10.7));
#12379 = ( GEOMETRIC_REPRESENTATION_CONTEXT(2) 
PARAMETRIC_REPRESENTATION_CONTEXT() REPRESENTATION_CONTEXT('2D SPACE',''
  ) );
#12380 = ORIENTED_EDGE('',*,*,#12381,.F.);
#12381 = EDGE_CURVE('',#10063,#12341,#12382,.T.);
#12382 = SURFACE_CURVE('',#12383,(#12387,#12394),.PCURVE_S1.);
#12383 = LINE('',#12384,#12385);
#12384 = CARTESIAN_POINT('',(532.789685366,837.478,145.8));
#12385 = VECTOR('',#12386,1.);
#12386 = DIRECTION('',(0.,-1.,0.));
#12387 = PCURVE('',#10102,#12388);
#12388 = DEFINITIONAL_REPRESENTATION('',(#12389),#12393);
#12389 = LINE('',#12390,#12391);
#12390 = CARTESIAN_POINT('',(-7.086907405726E-15,3.552713678801E-14));
#12391 = VECTOR('',#12392,1.);
#12392 = DIRECTION('',(0.,1.));
#12393 = ( GEOMETRIC_REPRESENTATION_CONTEXT(2) 
PARAMETRIC_REPRESENTATION_CONTEXT() REPRESENTATION_CONTEXT('2D SPACE',''
  ) );
#12394 = PCURVE('',#10185,#12395);
#12395 = DEFINITIONAL_REPRESENTATION('',(#12396),#12400);
#12396 = LINE('',#12397,#12398);
#12397 = CARTESIAN_POINT('',(0.,-5.85));
#12398 = VECTOR('',#12399,1.);
#12399 = DIRECTION('',(-1.,0.));
#12400 = ( GEOMETRIC_REPRESENTATION_CONTEXT(2) 
PARAMETRIC_REPRESENTATION_CONTEXT() REPRESENTATION_CONTEXT('2D SPACE',''
  ) );
#12401 = ADVANCED_FACE('',(#12402),#10185,.F.);
#12402 = FACE_BOUND('',#12403,.T.);
#12403 = EDGE_LOOP('',(#12404,#12405,#12406,#12429));
#12404 = ORIENTED_EDGE('',*,*,#10169,.F.);
#12405 = ORIENTED_EDGE('',*,*,#12381,.T.);
#12406 = ORIENTED_EDGE('',*,*,#12407,.T.);
#12407 = EDGE_CURVE('',#12341,#12408,#12410,.T.);
#12408 = VERTEX_POINT('',#12409);
#12409 = CARTESIAN_POINT('',(532.789685366,835.199999999,134.1));
#12410 = SURFACE_CURVE('',#12411,(#12415,#12422),.PCURVE_S1.);
#12411 = LINE('',#12412,#12413);
#12412 = CARTESIAN_POINT('',(532.789685366,835.199999999,139.95));
#12413 = VECTOR('',#12414,1.);
#12414 = DIRECTION('',(0.,0.,-1.));
#12415 = PCURVE('',#10185,#12416);
#12416 = DEFINITIONAL_REPRESENTATION('',(#12417),#12421);
#12417 = LINE('',#12418,#12419);
#12418 = CARTESIAN_POINT('',(-2.278000001,0.));
#12419 = VECTOR('',#12420,1.);
#12420 = DIRECTION('',(0.,1.));
#12421 = ( GEOMETRIC_REPRESENTATION_CONTEXT(2) 
PARAMETRIC_REPRESENTATION_CONTEXT() REPRESENTATION_CONTEXT('2D SPACE',''
  ) );
#12422 = PCURVE('',#11528,#12423);
#12423 = DEFINITIONAL_REPRESENTATION('',(#12424),#12428);
#12424 = LINE('',#12425,#12426);
#12425 = CARTESIAN_POINT('',(2.085863341974E+03,0.15));
#12426 = VECTOR('',#12427,1.);
#12427 = DIRECTION('',(0.,1.));
#12428 = ( GEOMETRIC_REPRESENTATION_CONTEXT(2) 
PARAMETRIC_REPRESENTATION_CONTEXT() REPRESENTATION_CONTEXT('2D SPACE',''
  ) );
#12429 = ORIENTED_EDGE('',*,*,#12430,.F.);
#12430 = EDGE_CURVE('',#10170,#12408,#12431,.T.);
#12431 = SURFACE_CURVE('',#12432,(#12436,#12443),.PCURVE_S1.);
#12432 = LINE('',#12433,#12434);
#12433 = CARTESIAN_POINT('',(532.789685366,836.339,134.1));
#12434 = VECTOR('',#12435,1.);
#12435 = DIRECTION('',(0.,-1.,0.));
#12436 = PCURVE('',#10185,#12437);
#12437 = DEFINITIONAL_REPRESENTATION('',(#12438),#12442);
#12438 = LINE('',#12439,#12440);
#12439 = CARTESIAN_POINT('',(-1.139,5.85));
#12440 = VECTOR('',#12441,1.);
#12441 = DIRECTION('',(-1.,0.));
#12442 = ( GEOMETRIC_REPRESENTATION_CONTEXT(2) 
PARAMETRIC_REPRESENTATION_CONTEXT() REPRESENTATION_CONTEXT('2D SPACE',''
  ) );
#12443 = PCURVE('',#10237,#12444);
#12444 = DEFINITIONAL_REPRESENTATION('',(#12445),#12449);
#12445 = LINE('',#12446,#12447);
#12446 = CARTESIAN_POINT('',(2.632717101711E-16,1.139));
#12447 = VECTOR('',#12448,1.);
#12448 = DIRECTION('',(0.,1.));
#12449 = ( GEOMETRIC_REPRESENTATION_CONTEXT(2) 
PARAMETRIC_REPRESENTATION_CONTEXT() REPRESENTATION_CONTEXT('2D SPACE',''
  ) );
#12450 = ADVANCED_FACE('',(#12451),#10237,.F.);
#12451 = FACE_BOUND('',#12452,.F.);
#12452 = EDGE_LOOP('',(#12453,#12476,#12515,#12516));
#12453 = ORIENTED_EDGE('',*,*,#12454,.T.);
#12454 = EDGE_CURVE('',#10198,#12455,#12457,.T.);
#12455 = VERTEX_POINT('',#12456);
#12456 = CARTESIAN_POINT('',(526.113723274,835.199999999,129.1));
#12457 = SURFACE_CURVE('',#12458,(#12462,#12469),.PCURVE_S1.);
#12458 = LINE('',#12459,#12460);
#12459 = CARTESIAN_POINT('',(526.113723275,837.478,129.1));
#12460 = VECTOR('',#12461,1.);
#12461 = DIRECTION('',(0.,-1.,0.));
#12462 = PCURVE('',#10237,#12463);
#12463 = DEFINITIONAL_REPRESENTATION('',(#12464),#12468);
#12464 = LINE('',#12465,#12466);
#12465 = CARTESIAN_POINT('',(9.27905824456,3.552713678801E-14));
#12466 = VECTOR('',#12467,1.);
#12467 = DIRECTION('',(0.,1.));
#12468 = ( GEOMETRIC_REPRESENTATION_CONTEXT(2) 
PARAMETRIC_REPRESENTATION_CONTEXT() REPRESENTATION_CONTEXT('2D SPACE',''
  ) );
#12469 = PCURVE('',#10320,#12470);
#12470 = DEFINITIONAL_REPRESENTATION('',(#12471),#12475);
#12471 = LINE('',#12472,#12473);
#12472 = CARTESIAN_POINT('',(3.337981046,0.));
#12473 = VECTOR('',#12474,1.);
#12474 = DIRECTION('',(0.,-1.));
#12475 = ( GEOMETRIC_REPRESENTATION_CONTEXT(2) 
PARAMETRIC_REPRESENTATION_CONTEXT() REPRESENTATION_CONTEXT('2D SPACE',''
  ) );
#12476 = ORIENTED_EDGE('',*,*,#12477,.F.);
#12477 = EDGE_CURVE('',#12408,#12455,#12478,.T.);
#12478 = SURFACE_CURVE('',#12479,(#12492,#12499),.PCURVE_S1.);
#12479 = B_SPLINE_CURVE_WITH_KNOTS('',5,(#12480,#12481,#12482,#12483,
    #12484,#12485,#12486,#12487,#12488,#12489,#12490,#12491),
  .UNSPECIFIED.,.F.,.F.,(6,3,3,6),(0.,3.29238761679,6.10078459235,
    9.27905824456),.UNSPECIFIED.);
#12480 = CARTESIAN_POINT('',(532.789685366,835.199999997,134.1));
#12481 = CARTESIAN_POINT('',(532.789685366,835.199999997,133.445963745)
  );
#12482 = CARTESIAN_POINT('',(532.646898746,835.199999997,132.791928838)
  );
#12483 = CARTESIAN_POINT('',(532.361452314,835.199999997,132.182876649)
  );
#12484 = CARTESIAN_POINT('',(531.653383047,835.199999997,131.182021245)
  );
#12485 = CARTESIAN_POINT('',(530.698304152,835.199999997,130.419428012)
  );
#12486 = CARTESIAN_POINT('',(530.221987183,835.199999997,130.119940113)
  );
#12487 = CARTESIAN_POINT('',(529.153503871,835.199999997,129.586726402)
  );
#12488 = CARTESIAN_POINT('',(528.00134811,835.199999997,129.267704323));
#12489 = CARTESIAN_POINT('',(527.376457846,835.199999997,129.155900616)
  );
#12490 = CARTESIAN_POINT('',(526.745090671,835.199999997,129.1));
#12491 = CARTESIAN_POINT('',(526.113723275,835.199999997,129.1));
#12492 = PCURVE('',#10237,#12493);
#12493 = DEFINITIONAL_REPRESENTATION('',(#12494),#12498);
#12494 = LINE('',#12495,#12496);
#12495 = CARTESIAN_POINT('',(2.632717101711E-16,2.278000003));
#12496 = VECTOR('',#12497,1.);
#12497 = DIRECTION('',(1.,7.657487613861E-16));
#12498 = ( GEOMETRIC_REPRESENTATION_CONTEXT(2) 
PARAMETRIC_REPRESENTATION_CONTEXT() REPRESENTATION_CONTEXT('2D SPACE',''
  ) );
#12499 = PCURVE('',#11528,#12500);
#12500 = DEFINITIONAL_REPRESENTATION('',(#12501),#12514);
#12501 = B_SPLINE_CURVE_WITH_KNOTS('',5,(#12502,#12503,#12504,#12505,
    #12506,#12507,#12508,#12509,#12510,#12511,#12512,#12513),
  .UNSPECIFIED.,.F.,.F.,(6,3,3,6),(0.,3.29238761679,6.10078459235,
    9.27905824456),.UNSPECIFIED.);
#12502 = CARTESIAN_POINT('',(2.085863341974E+03,6.));
#12503 = CARTESIAN_POINT('',(2.085863341974E+03,6.654036255));
#12504 = CARTESIAN_POINT('',(2.086006128594E+03,7.308071162));
#12505 = CARTESIAN_POINT('',(2.086291575026E+03,7.917123351));
#12506 = CARTESIAN_POINT('',(2.086999644293E+03,8.917978755));
#12507 = CARTESIAN_POINT('',(2.087954723188E+03,9.680571988));
#12508 = CARTESIAN_POINT('',(2.088431040157E+03,9.980059887));
#12509 = CARTESIAN_POINT('',(2.089499523469E+03,10.513273598));
#12510 = CARTESIAN_POINT('',(2.09065167923E+03,10.832295677));
#12511 = CARTESIAN_POINT('',(2.091276569494E+03,10.944099384));
#12512 = CARTESIAN_POINT('',(2.091907936669E+03,11.));
#12513 = CARTESIAN_POINT('',(2.092539304065E+03,11.));
#12514 = ( GEOMETRIC_REPRESENTATION_CONTEXT(2) 
PARAMETRIC_REPRESENTATION_CONTEXT() REPRESENTATION_CONTEXT('2D SPACE',''
  ) );
#12515 = ORIENTED_EDGE('',*,*,#12430,.F.);
#12516 = ORIENTED_EDGE('',*,*,#10197,.T.);
#12517 = ADVANCED_FACE('',(#12518),#10320,.F.);
#12518 = FACE_BOUND('',#12519,.T.);
#12519 = EDGE_LOOP('',(#12520,#12521,#12522,#12545));
#12520 = ORIENTED_EDGE('',*,*,#10304,.F.);
#12521 = ORIENTED_EDGE('',*,*,#12454,.T.);
#12522 = ORIENTED_EDGE('',*,*,#12523,.T.);
#12523 = EDGE_CURVE('',#12455,#12524,#12526,.T.);
#12524 = VERTEX_POINT('',#12525);
#12525 = CARTESIAN_POINT('',(519.437761186,835.199999999,129.1));
#12526 = SURFACE_CURVE('',#12527,(#12531,#12538),.PCURVE_S1.);
#12527 = LINE('',#12528,#12529);
#12528 = CARTESIAN_POINT('',(522.77574223,835.199999999,129.1));
#12529 = VECTOR('',#12530,1.);
#12530 = DIRECTION('',(-1.,0.,0.));
#12531 = PCURVE('',#10320,#12532);
#12532 = DEFINITIONAL_REPRESENTATION('',(#12533),#12537);
#12533 = LINE('',#12534,#12535);
#12534 = CARTESIAN_POINT('',(9.999894245993E-10,-2.278000001));
#12535 = VECTOR('',#12536,1.);
#12536 = DIRECTION('',(-1.,0.));
#12537 = ( GEOMETRIC_REPRESENTATION_CONTEXT(2) 
PARAMETRIC_REPRESENTATION_CONTEXT() REPRESENTATION_CONTEXT('2D SPACE',''
  ) );
#12538 = PCURVE('',#11528,#12539);
#12539 = DEFINITIONAL_REPRESENTATION('',(#12540),#12544);
#12540 = LINE('',#12541,#12542);
#12541 = CARTESIAN_POINT('',(2.09587728511E+03,11.));
#12542 = VECTOR('',#12543,1.);
#12543 = DIRECTION('',(1.,0.));
#12544 = ( GEOMETRIC_REPRESENTATION_CONTEXT(2) 
PARAMETRIC_REPRESENTATION_CONTEXT() REPRESENTATION_CONTEXT('2D SPACE',''
  ) );
#12545 = ORIENTED_EDGE('',*,*,#12546,.F.);
#12546 = EDGE_CURVE('',#10305,#12524,#12547,.T.);
#12547 = SURFACE_CURVE('',#12548,(#12552,#12559),.PCURVE_S1.);
#12548 = LINE('',#12549,#12550);
#12549 = CARTESIAN_POINT('',(519.437761186,836.339,129.1));
#12550 = VECTOR('',#12551,1.);
#12551 = DIRECTION('',(0.,-1.,0.));
#12552 = PCURVE('',#10320,#12553);
#12553 = DEFINITIONAL_REPRESENTATION('',(#12554),#12558);
#12554 = LINE('',#12555,#12556);
#12555 = CARTESIAN_POINT('',(-3.337981043,-1.139));
#12556 = VECTOR('',#12557,1.);
#12557 = DIRECTION('',(0.,-1.));
#12558 = ( GEOMETRIC_REPRESENTATION_CONTEXT(2) 
PARAMETRIC_REPRESENTATION_CONTEXT() REPRESENTATION_CONTEXT('2D SPACE',''
  ) );
#12559 = PCURVE('',#10372,#12560);
#12560 = DEFINITIONAL_REPRESENTATION('',(#12561),#12565);
#12561 = LINE('',#12562,#12563);
#12562 = CARTESIAN_POINT('',(9.279058247294,1.139));
#12563 = VECTOR('',#12564,1.);
#12564 = DIRECTION('',(9.357454812751E-15,1.));
#12565 = ( GEOMETRIC_REPRESENTATION_CONTEXT(2) 
PARAMETRIC_REPRESENTATION_CONTEXT() REPRESENTATION_CONTEXT('2D SPACE',''
  ) );
#12566 = ADVANCED_FACE('',(#12567),#10372,.T.);
#12567 = FACE_BOUND('',#12568,.T.);
#12568 = EDGE_LOOP('',(#12569,#12570,#12571,#12612));
#12569 = ORIENTED_EDGE('',*,*,#10332,.F.);
#12570 = ORIENTED_EDGE('',*,*,#12546,.T.);
#12571 = ORIENTED_EDGE('',*,*,#12572,.F.);
#12572 = EDGE_CURVE('',#12573,#12524,#12575,.T.);
#12573 = VERTEX_POINT('',#12574);
#12574 = CARTESIAN_POINT('',(512.761799092,835.199999997,124.1));
#12575 = SURFACE_CURVE('',#12576,(#12589,#12596),.PCURVE_S1.);
#12576 = B_SPLINE_CURVE_WITH_KNOTS('',5,(#12577,#12578,#12579,#12580,
    #12581,#12582,#12583,#12584,#12585,#12586,#12587,#12588),
  .UNSPECIFIED.,.F.,.F.,(6,3,3,6),(0.,3.29238761359,6.10078459194,
    9.27905824528),.UNSPECIFIED.);
#12577 = CARTESIAN_POINT('',(512.761799092,835.199999997,124.1));
#12578 = CARTESIAN_POINT('',(512.761799092,835.199999997,124.754036254)
  );
#12579 = CARTESIAN_POINT('',(512.904585712,835.199999997,125.408071161)
  );
#12580 = CARTESIAN_POINT('',(513.190032145,835.199999997,126.017123352)
  );
#12581 = CARTESIAN_POINT('',(513.898101412,835.199999997,127.017978756)
  );
#12582 = CARTESIAN_POINT('',(514.853180307,835.199999997,127.780571989)
  );
#12583 = CARTESIAN_POINT('',(515.329497275,835.199999997,128.080059886)
  );
#12584 = CARTESIAN_POINT('',(516.397980587,835.199999997,128.613273598)
  );
#12585 = CARTESIAN_POINT('',(517.550136348,835.199999997,128.932295677)
  );
#12586 = CARTESIAN_POINT('',(518.175026613,835.199999997,129.044099384)
  );
#12587 = CARTESIAN_POINT('',(518.806393787,835.199999997,129.1));
#12588 = CARTESIAN_POINT('',(519.437761184,835.199999997,129.1));
#12589 = PCURVE('',#10372,#12590);
#12590 = DEFINITIONAL_REPRESENTATION('',(#12591),#12595);
#12591 = LINE('',#12592,#12593);
#12592 = CARTESIAN_POINT('',(-5.459203048624E-15,2.278000003));
#12593 = VECTOR('',#12594,1.);
#12594 = DIRECTION('',(1.,7.657487613267E-16));
#12595 = ( GEOMETRIC_REPRESENTATION_CONTEXT(2) 
PARAMETRIC_REPRESENTATION_CONTEXT() REPRESENTATION_CONTEXT('2D SPACE',''
  ) );
#12596 = PCURVE('',#11528,#12597);
#12597 = DEFINITIONAL_REPRESENTATION('',(#12598),#12611);
#12598 = B_SPLINE_CURVE_WITH_KNOTS('',5,(#12599,#12600,#12601,#12602,
    #12603,#12604,#12605,#12606,#12607,#12608,#12609,#12610),
  .UNSPECIFIED.,.F.,.F.,(6,3,3,6),(0.,3.29238761359,6.10078459194,
    9.27905824528),.UNSPECIFIED.);
#12599 = CARTESIAN_POINT('',(2.105891228248E+03,16.));
#12600 = CARTESIAN_POINT('',(2.105891228248E+03,15.345963746));
#12601 = CARTESIAN_POINT('',(2.105748441628E+03,14.691928839));
#12602 = CARTESIAN_POINT('',(2.105462995195E+03,14.082876648));
#12603 = CARTESIAN_POINT('',(2.104754925928E+03,13.082021244));
#12604 = CARTESIAN_POINT('',(2.103799847033E+03,12.319428011));
#12605 = CARTESIAN_POINT('',(2.103323530065E+03,12.019940114));
#12606 = CARTESIAN_POINT('',(2.102255046753E+03,11.486726402));
#12607 = CARTESIAN_POINT('',(2.101102890992E+03,11.167704323));
#12608 = CARTESIAN_POINT('',(2.100478000727E+03,11.055900616));
#12609 = CARTESIAN_POINT('',(2.099846633553E+03,11.));
#12610 = CARTESIAN_POINT('',(2.099215266156E+03,11.));
#12611 = ( GEOMETRIC_REPRESENTATION_CONTEXT(2) 
PARAMETRIC_REPRESENTATION_CONTEXT() REPRESENTATION_CONTEXT('2D SPACE',''
  ) );
#12612 = ORIENTED_EDGE('',*,*,#12613,.F.);
#12613 = EDGE_CURVE('',#10333,#12573,#12614,.T.);
#12614 = SURFACE_CURVE('',#12615,(#12619,#12626),.PCURVE_S1.);
#12615 = LINE('',#12616,#12617);
#12616 = CARTESIAN_POINT('',(512.761799092,837.478,124.1));
#12617 = VECTOR('',#12618,1.);
#12618 = DIRECTION('',(0.,-1.,0.));
#12619 = PCURVE('',#10372,#12620);
#12620 = DEFINITIONAL_REPRESENTATION('',(#12621),#12625);
#12621 = LINE('',#12622,#12623);
#12622 = CARTESIAN_POINT('',(-5.459203048624E-15,3.552713678801E-14));
#12623 = VECTOR('',#12624,1.);
#12624 = DIRECTION('',(0.,1.));
#12625 = ( GEOMETRIC_REPRESENTATION_CONTEXT(2) 
PARAMETRIC_REPRESENTATION_CONTEXT() REPRESENTATION_CONTEXT('2D SPACE',''
  ) );
#12626 = PCURVE('',#10455,#12627);
#12627 = DEFINITIONAL_REPRESENTATION('',(#12628),#12632);
#12628 = LINE('',#12629,#12630);
#12629 = CARTESIAN_POINT('',(0.,-1.333063049));
#12630 = VECTOR('',#12631,1.);
#12631 = DIRECTION('',(-1.,0.));
#12632 = ( GEOMETRIC_REPRESENTATION_CONTEXT(2) 
PARAMETRIC_REPRESENTATION_CONTEXT() REPRESENTATION_CONTEXT('2D SPACE',''
  ) );
#12633 = ADVANCED_FACE('',(#12634),#10455,.F.);
#12634 = FACE_BOUND('',#12635,.T.);
#12635 = EDGE_LOOP('',(#12636,#12637,#12638,#12659));
#12636 = ORIENTED_EDGE('',*,*,#10439,.F.);
#12637 = ORIENTED_EDGE('',*,*,#12613,.T.);
#12638 = ORIENTED_EDGE('',*,*,#12639,.T.);
#12639 = EDGE_CURVE('',#12573,#11596,#12640,.T.);
#12640 = SURFACE_CURVE('',#12641,(#12645,#12652),.PCURVE_S1.);
#12641 = LINE('',#12642,#12643);
#12642 = CARTESIAN_POINT('',(512.761799092,835.199999999,122.766936951)
  );
#12643 = VECTOR('',#12644,1.);
#12644 = DIRECTION('',(0.,0.,-1.));
#12645 = PCURVE('',#10455,#12646);
#12646 = DEFINITIONAL_REPRESENTATION('',(#12647),#12651);
#12647 = LINE('',#12648,#12649);
#12648 = CARTESIAN_POINT('',(-2.278000001,0.));
#12649 = VECTOR('',#12650,1.);
#12650 = DIRECTION('',(0.,1.));
#12651 = ( GEOMETRIC_REPRESENTATION_CONTEXT(2) 
PARAMETRIC_REPRESENTATION_CONTEXT() REPRESENTATION_CONTEXT('2D SPACE',''
  ) );
#12652 = PCURVE('',#11528,#12653);
#12653 = DEFINITIONAL_REPRESENTATION('',(#12654),#12658);
#12654 = LINE('',#12655,#12656);
#12655 = CARTESIAN_POINT('',(2.105891228248E+03,17.333063049));
#12656 = VECTOR('',#12657,1.);
#12657 = DIRECTION('',(0.,1.));
#12658 = ( GEOMETRIC_REPRESENTATION_CONTEXT(2) 
PARAMETRIC_REPRESENTATION_CONTEXT() REPRESENTATION_CONTEXT('2D SPACE',''
  ) );
#12659 = ORIENTED_EDGE('',*,*,#12660,.T.);
#12660 = EDGE_CURVE('',#11596,#10440,#12661,.T.);
#12661 = SURFACE_CURVE('',#12662,(#12666,#12673),.PCURVE_S1.);
#12662 = LINE('',#12663,#12664);
#12663 = CARTESIAN_POINT('',(512.761799092,836.339,121.433873902));
#12664 = VECTOR('',#12665,1.);
#12665 = DIRECTION('',(0.,1.,0.));
#12666 = PCURVE('',#10455,#12667);
#12667 = DEFINITIONAL_REPRESENTATION('',(#12668),#12672);
#12668 = LINE('',#12669,#12670);
#12669 = CARTESIAN_POINT('',(-1.139,1.333063049));
#12670 = VECTOR('',#12671,1.);
#12671 = DIRECTION('',(1.,0.));
#12672 = ( GEOMETRIC_REPRESENTATION_CONTEXT(2) 
PARAMETRIC_REPRESENTATION_CONTEXT() REPRESENTATION_CONTEXT('2D SPACE',''
  ) );
#12673 = PCURVE('',#10561,#12674);
#12674 = DEFINITIONAL_REPRESENTATION('',(#12675),#12678);
#12675 = B_SPLINE_CURVE_WITH_KNOTS('',1,(#12676,#12677),.UNSPECIFIED.,
  .F.,.F.,(2,2),(-1.139,1.139),.PIECEWISE_BEZIER_KNOTS.);
#12676 = CARTESIAN_POINT('',(13.5949436225,-2.278));
#12677 = CARTESIAN_POINT('',(13.5949436225,5.095094187293E-03));
#12678 = ( GEOMETRIC_REPRESENTATION_CONTEXT(2) 
PARAMETRIC_REPRESENTATION_CONTEXT() REPRESENTATION_CONTEXT('2D SPACE',''
  ) );
#12679 = ADVANCED_FACE('',(#12680),#10561,.F.);
#12680 = FACE_BOUND('',#12681,.F.);
#12681 = EDGE_LOOP('',(#12682,#12701,#12702,#12703,#12704));
#12682 = ORIENTED_EDGE('',*,*,#12683,.F.);
#12683 = EDGE_CURVE('',#11691,#10492,#12684,.T.);
#12684 = SURFACE_CURVE('',#12685,(#12688,#12695),.PCURVE_S1.);
#12685 = B_SPLINE_CURVE_WITH_KNOTS('',1,(#12686,#12687),.UNSPECIFIED.,
  .F.,.F.,(2,2),(-2.278,5.09509418723E-03),.PIECEWISE_BEZIER_KNOTS.);
#12686 = CARTESIAN_POINT('',(508.838848914,830.611956063,110.754912411)
  );
#12687 = CARTESIAN_POINT('',(508.838848914,832.180027787,109.102509594)
  );
#12688 = PCURVE('',#10561,#12689);
#12689 = DEFINITIONAL_REPRESENTATION('',(#12690),#12694);
#12690 = LINE('',#12691,#12692);
#12691 = CARTESIAN_POINT('',(-1.3374815695E-13,-1.003641614261E-13));
#12692 = VECTOR('',#12693,1.);
#12693 = DIRECTION('',(-1.144667987609E-14,1.));
#12694 = ( GEOMETRIC_REPRESENTATION_CONTEXT(2) 
PARAMETRIC_REPRESENTATION_CONTEXT() REPRESENTATION_CONTEXT('2D SPACE',''
  ) );
#12695 = PCURVE('',#10646,#12696);
#12696 = DEFINITIONAL_REPRESENTATION('',(#12697),#12700);
#12697 = B_SPLINE_CURVE_WITH_KNOTS('',1,(#12698,#12699),.UNSPECIFIED.,
  .F.,.F.,(2,2),(-2.278,5.09509418723E-03),.PIECEWISE_BEZIER_KNOTS.);
#12698 = CARTESIAN_POINT('',(3.643276370684,-2.278000000272));
#12699 = CARTESIAN_POINT('',(3.64327637122,-2.018492962958E-14));
#12700 = ( GEOMETRIC_REPRESENTATION_CONTEXT(2) 
PARAMETRIC_REPRESENTATION_CONTEXT() REPRESENTATION_CONTEXT('2D SPACE',''
  ) );
#12701 = ORIENTED_EDGE('',*,*,#11690,.F.);
#12702 = ORIENTED_EDGE('',*,*,#11618,.F.);
#12703 = ORIENTED_EDGE('',*,*,#12660,.T.);
#12704 = ORIENTED_EDGE('',*,*,#10516,.T.);
#12705 = ADVANCED_FACE('',(#12706),#10646,.F.);
#12706 = FACE_BOUND('',#12707,.F.);
#12707 = EDGE_LOOP('',(#12708,#12731,#12758,#12759));
#12708 = ORIENTED_EDGE('',*,*,#12709,.F.);
#12709 = EDGE_CURVE('',#12710,#10619,#12712,.T.);
#12710 = VERTEX_POINT('',#12711);
#12711 = CARTESIAN_POINT('',(510.225340053,828.322916355,108.582694837)
  );
#12712 = SURFACE_CURVE('',#12713,(#12717,#12724),.PCURVE_S1.);
#12713 = LINE('',#12714,#12715);
#12714 = CARTESIAN_POINT('',(510.225340054,829.890988078,106.930292019)
  );
#12715 = VECTOR('',#12716,1.);
#12716 = DIRECTION('',(0.,0.688354575694,-0.725374371012));
#12717 = PCURVE('',#10646,#12718);
#12718 = DEFINITIONAL_REPRESENTATION('',(#12719),#12723);
#12719 = LINE('',#12720,#12721);
#12720 = CARTESIAN_POINT('',(8.288907363393E-15,2.39808173319E-14));
#12721 = VECTOR('',#12722,1.);
#12722 = DIRECTION('',(-1.247585957955E-14,1.));
#12723 = ( GEOMETRIC_REPRESENTATION_CONTEXT(2) 
PARAMETRIC_REPRESENTATION_CONTEXT() REPRESENTATION_CONTEXT('2D SPACE',''
  ) );
#12724 = PCURVE('',#10678,#12725);
#12725 = DEFINITIONAL_REPRESENTATION('',(#12726),#12730);
#12726 = LINE('',#12727,#12728);
#12727 = CARTESIAN_POINT('',(-4.953361137231,-4.346589754789E-11));
#12728 = VECTOR('',#12729,1.);
#12729 = DIRECTION('',(3.413935800722E-14,-1.));
#12730 = ( GEOMETRIC_REPRESENTATION_CONTEXT(2) 
PARAMETRIC_REPRESENTATION_CONTEXT() REPRESENTATION_CONTEXT('2D SPACE',''
  ) );
#12731 = ORIENTED_EDGE('',*,*,#12732,.T.);
#12732 = EDGE_CURVE('',#12710,#11691,#12733,.T.);
#12733 = SURFACE_CURVE('',#12734,(#12741,#12748),.PCURVE_S1.);
#12734 = B_SPLINE_CURVE_WITH_KNOTS('',5,(#12735,#12736,#12737,#12738,
    #12739,#12740),.UNSPECIFIED.,.F.,.F.,(6,6),(0.,3.64327637122),
  .PIECEWISE_BEZIER_KNOTS.);
#12735 = CARTESIAN_POINT('',(510.225340054,828.322916357,108.582694834)
  );
#12736 = CARTESIAN_POINT('',(509.6772208,828.656392242,108.899151633));
#12737 = CARTESIAN_POINT('',(509.223595502,829.071521713,109.293094791)
  );
#12738 = CARTESIAN_POINT('',(508.920092033,829.570051429,109.766181827)
  );
#12739 = CARTESIAN_POINT('',(508.804907388,830.093615339,110.263025427)
  );
#12740 = CARTESIAN_POINT('',(508.838848914,830.611956066,110.754912409)
  );
#12741 = PCURVE('',#10646,#12742);
#12742 = DEFINITIONAL_REPRESENTATION('',(#12743),#12747);
#12743 = LINE('',#12744,#12745);
#12744 = CARTESIAN_POINT('',(1.786027143382E-10,-2.277999996756));
#12745 = VECTOR('',#12746,1.);
#12746 = DIRECTION('',(1.,-1.828392213171E-14));
#12747 = ( GEOMETRIC_REPRESENTATION_CONTEXT(2) 
PARAMETRIC_REPRESENTATION_CONTEXT() REPRESENTATION_CONTEXT('2D SPACE',''
  ) );
#12748 = PCURVE('',#11774,#12749);
#12749 = DEFINITIONAL_REPRESENTATION('',(#12750),#12757);
#12750 = B_SPLINE_CURVE_WITH_KNOTS('',5,(#12751,#12752,#12753,#12754,
    #12755,#12756),.UNSPECIFIED.,.F.,.F.,(6,6),(0.,3.64327637122),
  .PIECEWISE_BEZIER_KNOTS.);
#12751 = CARTESIAN_POINT('',(275.463347742,-25.39780434911));
#12752 = CARTESIAN_POINT('',(274.915228488,-25.85753369504));
#12753 = CARTESIAN_POINT('',(274.46160319,-26.42983054933));
#12754 = CARTESIAN_POINT('',(274.158099721,-27.11710285443));
#12755 = CARTESIAN_POINT('',(274.042915076,-27.8388872618));
#12756 = CARTESIAN_POINT('',(274.076856602,-28.5534709954));
#12757 = ( GEOMETRIC_REPRESENTATION_CONTEXT(2) 
PARAMETRIC_REPRESENTATION_CONTEXT() REPRESENTATION_CONTEXT('2D SPACE',''
  ) );
#12758 = ORIENTED_EDGE('',*,*,#12683,.T.);
#12759 = ORIENTED_EDGE('',*,*,#10618,.T.);
#12760 = ADVANCED_FACE('',(#12761),#10678,.F.);
#12761 = FACE_BOUND('',#12762,.T.);
#12762 = EDGE_LOOP('',(#12763,#12764,#12787,#12808));
#12763 = ORIENTED_EDGE('',*,*,#12709,.F.);
#12764 = ORIENTED_EDGE('',*,*,#12765,.F.);
#12765 = EDGE_CURVE('',#12766,#12710,#12768,.T.);
#12766 = VERTEX_POINT('',#12767);
#12767 = CARTESIAN_POINT('',(517.815674903,823.704954819,104.200412967)
  );
#12768 = SURFACE_CURVE('',#12769,(#12773,#12780),.PCURVE_S1.);
#12769 = LINE('',#12770,#12771);
#12770 = CARTESIAN_POINT('',(514.020507478,826.013935587,106.391553902)
  );
#12771 = VECTOR('',#12772,1.);
#12772 = DIRECTION('',(-0.766180239836,0.466144240902,0.442354367854));
#12773 = PCURVE('',#10678,#12774);
#12774 = DEFINITIONAL_REPRESENTATION('',(#12775),#12779);
#12775 = LINE('',#12776,#12777);
#12776 = CARTESIAN_POINT('',(-1.278497308022E-10,2.277999999583));
#12777 = VECTOR('',#12778,1.);
#12778 = DIRECTION('',(-1.,1.881738653786E-10));
#12779 = ( GEOMETRIC_REPRESENTATION_CONTEXT(2) 
PARAMETRIC_REPRESENTATION_CONTEXT() REPRESENTATION_CONTEXT('2D SPACE',''
  ) );
#12780 = PCURVE('',#11774,#12781);
#12781 = DEFINITIONAL_REPRESENTATION('',(#12782),#12786);
#12782 = LINE('',#12783,#12784);
#12783 = CARTESIAN_POINT('',(279.258515166,-22.21464698886));
#12784 = VECTOR('',#12785,1.);
#12785 = DIRECTION('',(-0.766180239836,-0.642625738735));
#12786 = ( GEOMETRIC_REPRESENTATION_CONTEXT(2) 
PARAMETRIC_REPRESENTATION_CONTEXT() REPRESENTATION_CONTEXT('2D SPACE',''
  ) );
#12787 = ORIENTED_EDGE('',*,*,#12788,.T.);
#12788 = EDGE_CURVE('',#12766,#10663,#12789,.T.);
#12789 = SURFACE_CURVE('',#12790,(#12794,#12801),.PCURVE_S1.);
#12790 = LINE('',#12791,#12792);
#12791 = CARTESIAN_POINT('',(517.815674904,824.48899068,103.374211558));
#12792 = VECTOR('',#12793,1.);
#12793 = DIRECTION('',(6.26175923405E-10,0.688354575313,-0.725374371374)
  );
#12794 = PCURVE('',#10678,#12795);
#12795 = DEFINITIONAL_REPRESENTATION('',(#12796),#12800);
#12796 = LINE('',#12797,#12798);
#12797 = CARTESIAN_POINT('',(4.953361139597,1.138999999091));
#12798 = VECTOR('',#12799,1.);
#12799 = DIRECTION('',(8.175310428626E-10,-1.));
#12800 = ( GEOMETRIC_REPRESENTATION_CONTEXT(2) 
PARAMETRIC_REPRESENTATION_CONTEXT() REPRESENTATION_CONTEXT('2D SPACE',''
  ) );
#12801 = PCURVE('',#10724,#12802);
#12802 = DEFINITIONAL_REPRESENTATION('',(#12803),#12807);
#12803 = LINE('',#12804,#12805);
#12804 = CARTESIAN_POINT('',(1.162324530421E-09,-1.138999999773));
#12805 = VECTOR('',#12806,1.);
#12806 = DIRECTION('',(8.215469478576E-10,1.));
#12807 = ( GEOMETRIC_REPRESENTATION_CONTEXT(2) 
PARAMETRIC_REPRESENTATION_CONTEXT() REPRESENTATION_CONTEXT('2D SPACE',''
  ) );
#12808 = ORIENTED_EDGE('',*,*,#10662,.T.);
#12809 = ADVANCED_FACE('',(#12810),#10724,.T.);
#12810 = FACE_BOUND('',#12811,.T.);
#12811 = EDGE_LOOP('',(#12812,#12813,#12854,#12875));
#12812 = ORIENTED_EDGE('',*,*,#12788,.F.);
#12813 = ORIENTED_EDGE('',*,*,#12814,.T.);
#12814 = EDGE_CURVE('',#12766,#12815,#12817,.T.);
#12815 = VERTEX_POINT('',#12816);
#12816 = CARTESIAN_POINT('',(518.341579972,819.579315856,100.285327778)
  );
#12817 = SURFACE_CURVE('',#12818,(#12831,#12838),.PCURVE_S1.);
#12818 = B_SPLINE_CURVE_WITH_KNOTS('',5,(#12819,#12820,#12821,#12822,
    #12823,#12824,#12825,#12826,#12827,#12828,#12829,#12830),
  .UNSPECIFIED.,.F.,.F.,(6,3,3,6),(0.,1.84770469375,3.66766423127,
    6.31242571113),.UNSPECIFIED.);
#12819 = CARTESIAN_POINT('',(517.815674903,823.704954818,104.200412968)
  );
#12820 = CARTESIAN_POINT('',(518.097408183,823.533548223,104.037754183)
  );
#12821 = CARTESIAN_POINT('',(518.353838955,823.340259409,103.854329948)
  );
#12822 = CARTESIAN_POINT('',(518.578341539,823.125868412,103.650880489)
  );
#12823 = CARTESIAN_POINT('',(518.946739013,822.664102341,103.212680849)
  );
#12824 = CARTESIAN_POINT('',(519.149594311,822.15140778,102.726151877));
#12825 = CARTESIAN_POINT('',(519.206499104,821.88952422,102.477633657));
#12826 = CARTESIAN_POINT('',(519.243210659,821.241945693,101.863104581)
  );
#12827 = CARTESIAN_POINT('',(519.049280373,820.605181176,101.258837617)
  );
#12828 = CARTESIAN_POINT('',(518.86475483,820.243064153,100.915201394));
#12829 = CARTESIAN_POINT('',(518.625854004,819.900629198,100.590242755)
  );
#12830 = CARTESIAN_POINT('',(518.341579972,819.579315856,100.285327778)
  );
#12831 = PCURVE('',#10724,#12832);
#12832 = DEFINITIONAL_REPRESENTATION('',(#12833),#12837);
#12833 = LINE('',#12834,#12835);
#12834 = CARTESIAN_POINT('',(-1.044943485264E-10,-2.278000000997));
#12835 = VECTOR('',#12836,1.);
#12836 = DIRECTION('',(1.,4.595795254986E-11));
#12837 = ( GEOMETRIC_REPRESENTATION_CONTEXT(2) 
PARAMETRIC_REPRESENTATION_CONTEXT() REPRESENTATION_CONTEXT('2D SPACE',''
  ) );
#12838 = PCURVE('',#11774,#12839);
#12839 = DEFINITIONAL_REPRESENTATION('',(#12840),#12853);
#12840 = B_SPLINE_CURVE_WITH_KNOTS('',5,(#12841,#12842,#12843,#12844,
    #12845,#12846,#12847,#12848,#12849,#12850,#12851,#12852),
  .UNSPECIFIED.,.F.,.F.,(6,3,3,6),(0.,1.84770469375,3.66766423127,
    6.31242571113),.UNSPECIFIED.);
#12841 = CARTESIAN_POINT('',(283.053682591,-19.03148962796));
#12842 = CARTESIAN_POINT('',(283.335415871,-18.79518875799));
#12843 = CARTESIAN_POINT('',(283.591846643,-18.52872109465));
#12844 = CARTESIAN_POINT('',(283.816349227,-18.23316199403));
#12845 = CARTESIAN_POINT('',(284.184746701,-17.59657199346));
#12846 = CARTESIAN_POINT('',(284.387601999,-16.88977205467));
#12847 = CARTESIAN_POINT('',(284.444506792,-16.52873977818));
#12848 = CARTESIAN_POINT('',(284.481218347,-15.63598901011));
#12849 = CARTESIAN_POINT('',(284.287288061,-14.7581464195));
#12850 = CARTESIAN_POINT('',(284.102762518,-14.25893244523));
#12851 = CARTESIAN_POINT('',(283.863861692,-13.78685213907));
#12852 = CARTESIAN_POINT('',(283.57958766,-13.3438900561));
#12853 = ( GEOMETRIC_REPRESENTATION_CONTEXT(2) 
PARAMETRIC_REPRESENTATION_CONTEXT() REPRESENTATION_CONTEXT('2D SPACE',''
  ) );
#12854 = ORIENTED_EDGE('',*,*,#12855,.T.);
#12855 = EDGE_CURVE('',#12815,#10691,#12856,.T.);
#12856 = SURFACE_CURVE('',#12857,(#12861,#12868),.PCURVE_S1.);
#12857 = LINE('',#12858,#12859);
#12858 = CARTESIAN_POINT('',(518.341579972,821.14738758,98.63292496));
#12859 = VECTOR('',#12860,1.);
#12860 = DIRECTION('',(0.,0.688354575694,-0.725374371012));
#12861 = PCURVE('',#10724,#12862);
#12862 = DEFINITIONAL_REPRESENTATION('',(#12863),#12867);
#12863 = LINE('',#12864,#12865);
#12864 = CARTESIAN_POINT('',(6.312425711363,2.902029727636E-10));
#12865 = VECTOR('',#12866,1.);
#12866 = DIRECTION('',(2.534310679545E-14,1.));
#12867 = ( GEOMETRIC_REPRESENTATION_CONTEXT(2) 
PARAMETRIC_REPRESENTATION_CONTEXT() REPRESENTATION_CONTEXT('2D SPACE',''
  ) );
#12868 = PCURVE('',#10785,#12869);
#12869 = DEFINITIONAL_REPRESENTATION('',(#12870),#12874);
#12870 = LINE('',#12871,#12872);
#12871 = CARTESIAN_POINT('',(44.131941864824,7.349036934556E-10));
#12872 = VECTOR('',#12873,1.);
#12873 = DIRECTION('',(-2.992051051365E-14,1.));
#12874 = ( GEOMETRIC_REPRESENTATION_CONTEXT(2) 
PARAMETRIC_REPRESENTATION_CONTEXT() REPRESENTATION_CONTEXT('2D SPACE',''
  ) );
#12875 = ORIENTED_EDGE('',*,*,#10690,.T.);
#12876 = ADVANCED_FACE('',(#12877),#10785,.F.);
#12877 = FACE_BOUND('',#12878,.T.);
#12878 = EDGE_LOOP('',(#12879,#12880,#12903,#12924));
#12879 = ORIENTED_EDGE('',*,*,#12855,.F.);
#12880 = ORIENTED_EDGE('',*,*,#12881,.F.);
#12881 = EDGE_CURVE('',#12882,#12815,#12884,.T.);
#12882 = VERTEX_POINT('',#12883);
#12883 = CARTESIAN_POINT('',(470.670052341,765.696455784,49.1524028171)
  );
#12884 = SURFACE_CURVE('',#12885,(#12889,#12896),.PCURVE_S1.);
#12885 = LINE('',#12886,#12887);
#12886 = CARTESIAN_POINT('',(494.505816157,792.63788582,74.718865298));
#12887 = VECTOR('',#12888,1.);
#12888 = DIRECTION('',(0.540102311575,0.610474610834,0.579318774561));
#12889 = PCURVE('',#10785,#12890);
#12890 = DEFINITIONAL_REPRESENTATION('',(#12891),#12895);
#12891 = LINE('',#12892,#12893);
#12892 = CARTESIAN_POINT('',(2.031674828373E-11,-2.278000000852));
#12893 = VECTOR('',#12894,1.);
#12894 = DIRECTION('',(1.,-5.551115123126E-17));
#12895 = ( GEOMETRIC_REPRESENTATION_CONTEXT(2) 
PARAMETRIC_REPRESENTATION_CONTEXT() REPRESENTATION_CONTEXT('2D SPACE',''
  ) );
#12896 = PCURVE('',#11774,#12897);
#12897 = DEFINITIONAL_REPRESENTATION('',(#12898),#12902);
#12898 = LINE('',#12899,#12900);
#12899 = CARTESIAN_POINT('',(259.743823845,23.797524242837));
#12900 = VECTOR('',#12901,1.);
#12901 = DIRECTION('',(0.540102311575,-0.841599366107));
#12902 = ( GEOMETRIC_REPRESENTATION_CONTEXT(2) 
PARAMETRIC_REPRESENTATION_CONTEXT() REPRESENTATION_CONTEXT('2D SPACE',''
  ) );
#12903 = ORIENTED_EDGE('',*,*,#12904,.T.);
#12904 = EDGE_CURVE('',#12882,#10770,#12905,.T.);
#12905 = SURFACE_CURVE('',#12906,(#12910,#12917),.PCURVE_S1.);
#12906 = LINE('',#12907,#12908);
#12907 = CARTESIAN_POINT('',(470.670052341,766.480491646,48.3262014088)
  );
#12908 = VECTOR('',#12909,1.);
#12909 = DIRECTION('',(4.42071118593E-10,0.688354576193,-0.725374370539)
  );
#12910 = PCURVE('',#10785,#12911);
#12911 = DEFINITIONAL_REPRESENTATION('',(#12912),#12916);
#12912 = LINE('',#12913,#12914);
#12913 = CARTESIAN_POINT('',(-44.13194186564,-1.139000000798));
#12914 = VECTOR('',#12915,1.);
#12915 = DIRECTION('',(8.17378109641E-10,1.));
#12916 = ( GEOMETRIC_REPRESENTATION_CONTEXT(2) 
PARAMETRIC_REPRESENTATION_CONTEXT() REPRESENTATION_CONTEXT('2D SPACE',''
  ) );
#12917 = PCURVE('',#10831,#12918);
#12918 = DEFINITIONAL_REPRESENTATION('',(#12919),#12923);
#12919 = LINE('',#12920,#12921);
#12920 = CARTESIAN_POINT('',(13.96933593814,-1.139000001042));
#12921 = VECTOR('',#12922,1.);
#12922 = DIRECTION('',(8.197348758681E-10,1.));
#12923 = ( GEOMETRIC_REPRESENTATION_CONTEXT(2) 
PARAMETRIC_REPRESENTATION_CONTEXT() REPRESENTATION_CONTEXT('2D SPACE',''
  ) );
#12924 = ORIENTED_EDGE('',*,*,#10769,.T.);
#12925 = ADVANCED_FACE('',(#12926),#10831,.F.);
#12926 = FACE_BOUND('',#12927,.F.);
#12927 = EDGE_LOOP('',(#12928,#12929,#12952,#12991));
#12928 = ORIENTED_EDGE('',*,*,#10797,.F.);
#12929 = ORIENTED_EDGE('',*,*,#12930,.F.);
#12930 = EDGE_CURVE('',#12931,#10798,#12933,.T.);
#12931 = VERTEX_POINT('',#12932);
#12932 = CARTESIAN_POINT('',(459.33256075,760.427555159,44.1524028164));
#12933 = SURFACE_CURVE('',#12934,(#12938,#12945),.PCURVE_S1.);
#12934 = LINE('',#12935,#12936);
#12935 = CARTESIAN_POINT('',(459.332560749,761.995626882,42.5));
#12936 = VECTOR('',#12937,1.);
#12937 = DIRECTION('',(0.,0.688354575694,-0.725374371012));
#12938 = PCURVE('',#10831,#12939);
#12939 = DEFINITIONAL_REPRESENTATION('',(#12940),#12944);
#12940 = LINE('',#12941,#12942);
#12941 = CARTESIAN_POINT('',(1.863435188172E-14,-1.376676550535E-14));
#12942 = VECTOR('',#12943,1.);
#12943 = DIRECTION('',(0.,1.));
#12944 = ( GEOMETRIC_REPRESENTATION_CONTEXT(2) 
PARAMETRIC_REPRESENTATION_CONTEXT() REPRESENTATION_CONTEXT('2D SPACE',''
  ) );
#12945 = PCURVE('',#10890,#12946);
#12946 = DEFINITIONAL_REPRESENTATION('',(#12947),#12951);
#12947 = LINE('',#12948,#12949);
#12948 = CARTESIAN_POINT('',(7.776788409,0.));
#12949 = VECTOR('',#12950,1.);
#12950 = DIRECTION('',(0.,-1.));
#12951 = ( GEOMETRIC_REPRESENTATION_CONTEXT(2) 
PARAMETRIC_REPRESENTATION_CONTEXT() REPRESENTATION_CONTEXT('2D SPACE',''
  ) );
#12952 = ORIENTED_EDGE('',*,*,#12953,.T.);
#12953 = EDGE_CURVE('',#12931,#12882,#12954,.T.);
#12954 = SURFACE_CURVE('',#12955,(#12968,#12975),.PCURVE_S1.);
#12955 = B_SPLINE_CURVE_WITH_KNOTS('',5,(#12956,#12957,#12958,#12959,
    #12960,#12961,#12962,#12963,#12964,#12965,#12966,#12967),
  .UNSPECIFIED.,.F.,.F.,(6,3,3,6),(0.,4.86254444445,7.79967397495,
    13.9693359388),.UNSPECIFIED.);
#12956 = CARTESIAN_POINT('',(459.332560749,760.427555161,44.1524028151)
  );
#12957 = CARTESIAN_POINT('',(460.302282725,760.427555161,44.1524028151)
  );
#12958 = CARTESIAN_POINT('',(461.272003598,760.566516363,44.2842720715)
  );
#12959 = CARTESIAN_POINT('',(462.19868723,760.775967328,44.4830336158));
#12960 = CARTESIAN_POINT('',(463.639930112,761.209194424,44.8941507796)
  );
#12961 = CARTESIAN_POINT('',(464.993978284,761.766969888,45.423459931));
#12962 = CARTESIAN_POINT('',(465.491061785,761.992378709,45.6373649145)
  );
#12963 = CARTESIAN_POINT('',(466.992308315,762.735565201,46.3426225619)
  );
#12964 = CARTESIAN_POINT('',(468.361716273,763.607693812,47.1702417121)
  );
#12965 = CARTESIAN_POINT('',(469.220851893,764.250122545,47.7798838159)
  );
#12966 = CARTESIAN_POINT('',(470.005512444,764.945330073,48.4396111265)
  );
#12967 = CARTESIAN_POINT('',(470.670052341,765.696455788,49.1524028151)
  );
#12968 = PCURVE('',#10831,#12969);
#12969 = DEFINITIONAL_REPRESENTATION('',(#12970),#12974);
#12970 = LINE('',#12971,#12972);
#12971 = CARTESIAN_POINT('',(-4.956504506271E-15,-2.277999996828));
#12972 = VECTOR('',#12973,1.);
#12973 = DIRECTION('',(1.,5.881203242623E-15));
#12974 = ( GEOMETRIC_REPRESENTATION_CONTEXT(2) 
PARAMETRIC_REPRESENTATION_CONTEXT() REPRESENTATION_CONTEXT('2D SPACE',''
  ) );
#12975 = PCURVE('',#11774,#12976);
#12976 = DEFINITIONAL_REPRESENTATION('',(#12977),#12990);
#12977 = B_SPLINE_CURVE_WITH_KNOTS('',5,(#12978,#12979,#12980,#12981,
    #12982,#12983,#12984,#12985,#12986,#12987,#12988,#12989),
  .UNSPECIFIED.,.F.,.F.,(6,3,3,6),(0.,4.86254444445,7.79967397495,
    13.9693359388),.UNSPECIFIED.);
#12978 = CARTESIAN_POINT('',(224.570568437,68.202636897583));
#12979 = CARTESIAN_POINT('',(225.540290413,68.202636897583));
#12980 = CARTESIAN_POINT('',(226.510011286,68.011065197051));
#12981 = CARTESIAN_POINT('',(227.436694918,67.722316416565));
#12982 = CARTESIAN_POINT('',(228.8779378,67.12507020345));
#12983 = CARTESIAN_POINT('',(230.231985972,66.356121800763));
#12984 = CARTESIAN_POINT('',(230.729069473,66.045373544853));
#12985 = CARTESIAN_POINT('',(232.230316003,65.020817782043));
#12986 = CARTESIAN_POINT('',(233.599723961,63.818502610425));
#12987 = CARTESIAN_POINT('',(234.458859581,62.932851340619));
#12988 = CARTESIAN_POINT('',(235.243520132,61.974439304311));
#12989 = CARTESIAN_POINT('',(235.908060029,60.938938540878));
#12990 = ( GEOMETRIC_REPRESENTATION_CONTEXT(2) 
PARAMETRIC_REPRESENTATION_CONTEXT() REPRESENTATION_CONTEXT('2D SPACE',''
  ) );
#12991 = ORIENTED_EDGE('',*,*,#12904,.T.);
#12992 = ADVANCED_FACE('',(#12993),#10890,.T.);
#12993 = FACE_BOUND('',#12994,.T.);
#12994 = EDGE_LOOP('',(#12995,#12996,#13017,#13018));
#12995 = ORIENTED_EDGE('',*,*,#12930,.F.);
#12996 = ORIENTED_EDGE('',*,*,#12997,.F.);
#12997 = EDGE_CURVE('',#10911,#12931,#12998,.T.);
#12998 = SURFACE_CURVE('',#12999,(#13003,#13010),.PCURVE_S1.);
#12999 = LINE('',#13000,#13001);
#13000 = CARTESIAN_POINT('',(451.55577234,760.427555159,44.1524028164));
#13001 = VECTOR('',#13002,1.);
#13002 = DIRECTION('',(1.,0.,0.));
#13003 = PCURVE('',#10890,#13004);
#13004 = DEFINITIONAL_REPRESENTATION('',(#13005),#13009);
#13005 = LINE('',#13006,#13007);
#13006 = CARTESIAN_POINT('',(0.,2.277999999148));
#13007 = VECTOR('',#13008,1.);
#13008 = DIRECTION('',(1.,0.));
#13009 = ( GEOMETRIC_REPRESENTATION_CONTEXT(2) 
PARAMETRIC_REPRESENTATION_CONTEXT() REPRESENTATION_CONTEXT('2D SPACE',''
  ) );
#13010 = PCURVE('',#11774,#13011);
#13011 = DEFINITIONAL_REPRESENTATION('',(#13012),#13016);
#13012 = LINE('',#13013,#13014);
#13013 = CARTESIAN_POINT('',(216.793780028,68.202636898139));
#13014 = VECTOR('',#13015,1.);
#13015 = DIRECTION('',(1.,0.));
#13016 = ( GEOMETRIC_REPRESENTATION_CONTEXT(2) 
PARAMETRIC_REPRESENTATION_CONTEXT() REPRESENTATION_CONTEXT('2D SPACE',''
  ) );
#13017 = ORIENTED_EDGE('',*,*,#10961,.T.);
#13018 = ORIENTED_EDGE('',*,*,#10876,.T.);
#13019 = ADVANCED_FACE('',(#13020),#11050,.F.);
#13020 = FACE_BOUND('',#13021,.T.);
#13021 = EDGE_LOOP('',(#13022,#13023,#13024,#13047));
#13022 = ORIENTED_EDGE('',*,*,#11065,.F.);
#13023 = ORIENTED_EDGE('',*,*,#11037,.T.);
#13024 = ORIENTED_EDGE('',*,*,#13025,.F.);
#13025 = EDGE_CURVE('',#13026,#10987,#13028,.T.);
#13026 = VERTEX_POINT('',#13027);
#13027 = CARTESIAN_POINT('',(413.899999999,749.237999999,45.6));
#13028 = SURFACE_CURVE('',#13029,(#13033,#13040),.PCURVE_S1.);
#13029 = LINE('',#13030,#13031);
#13030 = CARTESIAN_POINT('',(419.834927445,749.237999999,45.6));
#13031 = VECTOR('',#13032,1.);
#13032 = DIRECTION('',(1.,0.,0.));
#13033 = PCURVE('',#11050,#13034);
#13034 = DEFINITIONAL_REPRESENTATION('',(#13035),#13039);
#13035 = LINE('',#13036,#13037);
#13036 = CARTESIAN_POINT('',(-9.999894245993E-10,-2.278000001));
#13037 = VECTOR('',#13038,1.);
#13038 = DIRECTION('',(1.,0.));
#13039 = ( GEOMETRIC_REPRESENTATION_CONTEXT(2) 
PARAMETRIC_REPRESENTATION_CONTEXT() REPRESENTATION_CONTEXT('2D SPACE',''
  ) );
#13040 = PCURVE('',#11267,#13041);
#13041 = DEFINITIONAL_REPRESENTATION('',(#13042),#13046);
#13042 = LINE('',#13043,#13044);
#13043 = CARTESIAN_POINT('',(-2.399659729,-988.965072555));
#13044 = VECTOR('',#13045,1.);
#13045 = DIRECTION('',(0.,1.));
#13046 = ( GEOMETRIC_REPRESENTATION_CONTEXT(2) 
PARAMETRIC_REPRESENTATION_CONTEXT() REPRESENTATION_CONTEXT('2D SPACE',''
  ) );
#13047 = ORIENTED_EDGE('',*,*,#13048,.F.);
#13048 = EDGE_CURVE('',#11066,#13026,#13049,.T.);
#13049 = SURFACE_CURVE('',#13050,(#13054,#13061),.PCURVE_S1.);
#13050 = LINE('',#13051,#13052);
#13051 = CARTESIAN_POINT('',(413.899999999,750.377,45.6));
#13052 = VECTOR('',#13053,1.);
#13053 = DIRECTION('',(0.,-1.,0.));
#13054 = PCURVE('',#11050,#13055);
#13055 = DEFINITIONAL_REPRESENTATION('',(#13056),#13060);
#13056 = LINE('',#13057,#13058);
#13057 = CARTESIAN_POINT('',(-5.934927447,-1.139));
#13058 = VECTOR('',#13059,1.);
#13059 = DIRECTION('',(0.,-1.));
#13060 = ( GEOMETRIC_REPRESENTATION_CONTEXT(2) 
PARAMETRIC_REPRESENTATION_CONTEXT() REPRESENTATION_CONTEXT('2D SPACE',''
  ) );
#13061 = PCURVE('',#11105,#13062);
#13062 = DEFINITIONAL_REPRESENTATION('',(#13063),#13067);
#13063 = LINE('',#13064,#13065);
#13064 = CARTESIAN_POINT('',(0.785398163197,1.139));
#13065 = VECTOR('',#13066,1.);
#13066 = DIRECTION('',(0.,1.));
#13067 = ( GEOMETRIC_REPRESENTATION_CONTEXT(2) 
PARAMETRIC_REPRESENTATION_CONTEXT() REPRESENTATION_CONTEXT('2D SPACE',''
  ) );
#13068 = ADVANCED_FACE('',(#13069),#11105,.T.);
#13069 = FACE_BOUND('',#13070,.T.);
#13070 = EDGE_LOOP('',(#13071,#13094,#13095,#13096));
#13071 = ORIENTED_EDGE('',*,*,#13072,.F.);
#13072 = EDGE_CURVE('',#11089,#13073,#13075,.T.);
#13073 = VERTEX_POINT('',#13074);
#13074 = CARTESIAN_POINT('',(410.364466094,749.237999999,47.0644660941)
  );
#13075 = SURFACE_CURVE('',#13076,(#13080,#13087),.PCURVE_S1.);
#13076 = LINE('',#13077,#13078);
#13077 = CARTESIAN_POINT('',(410.364466094,751.516000001,47.0644660941)
  );
#13078 = VECTOR('',#13079,1.);
#13079 = DIRECTION('',(0.,-1.,0.));
#13080 = PCURVE('',#11105,#13081);
#13081 = DEFINITIONAL_REPRESENTATION('',(#13082),#13086);
#13082 = LINE('',#13083,#13084);
#13083 = CARTESIAN_POINT('',(0.,-9.999894245993E-10));
#13084 = VECTOR('',#13085,1.);
#13085 = DIRECTION('',(0.,1.));
#13086 = ( GEOMETRIC_REPRESENTATION_CONTEXT(2) 
PARAMETRIC_REPRESENTATION_CONTEXT() REPRESENTATION_CONTEXT('2D SPACE',''
  ) );
#13087 = PCURVE('',#11134,#13088);
#13088 = DEFINITIONAL_REPRESENTATION('',(#13089),#13093);
#13089 = LINE('',#13090,#13091);
#13090 = CARTESIAN_POINT('',(3.141592653576,-9.999894245993E-10));
#13091 = VECTOR('',#13092,1.);
#13092 = DIRECTION('',(0.,1.));
#13093 = ( GEOMETRIC_REPRESENTATION_CONTEXT(2) 
PARAMETRIC_REPRESENTATION_CONTEXT() REPRESENTATION_CONTEXT('2D SPACE',''
  ) );
#13094 = ORIENTED_EDGE('',*,*,#11088,.T.);
#13095 = ORIENTED_EDGE('',*,*,#13048,.T.);
#13096 = ORIENTED_EDGE('',*,*,#13097,.F.);
#13097 = EDGE_CURVE('',#13073,#13026,#13098,.T.);
#13098 = SURFACE_CURVE('',#13099,(#13104,#13111),.PCURVE_S1.);
#13099 = CIRCLE('',#13100,5.);
#13100 = AXIS2_PLACEMENT_3D('',#13101,#13102,#13103);
#13101 = CARTESIAN_POINT('',(413.9,749.237999999,50.6));
#13102 = DIRECTION('',(0.,-1.,0.));
#13103 = DIRECTION('',(0.,0.,-1.));
#13104 = PCURVE('',#11105,#13105);
#13105 = DEFINITIONAL_REPRESENTATION('',(#13106),#13110);
#13106 = LINE('',#13107,#13108);
#13107 = CARTESIAN_POINT('',(-5.497787143768,2.278000001));
#13108 = VECTOR('',#13109,1.);
#13109 = DIRECTION('',(1.,0.));
#13110 = ( GEOMETRIC_REPRESENTATION_CONTEXT(2) 
PARAMETRIC_REPRESENTATION_CONTEXT() REPRESENTATION_CONTEXT('2D SPACE',''
  ) );
#13111 = PCURVE('',#11267,#13112);
#13112 = DEFINITIONAL_REPRESENTATION('',(#13113),#13117);
#13113 = CIRCLE('',#13114,5.);
#13114 = AXIS2_PLACEMENT_2D('',#13115,#13116);
#13115 = CARTESIAN_POINT('',(-7.399659729,-994.9));
#13116 = DIRECTION('',(1.,0.));
#13117 = ( GEOMETRIC_REPRESENTATION_CONTEXT(2) 
PARAMETRIC_REPRESENTATION_CONTEXT() REPRESENTATION_CONTEXT('2D SPACE',''
  ) );
#13118 = ADVANCED_FACE('',(#13119),#11134,.T.);
#13119 = FACE_BOUND('',#13120,.T.);
#13120 = EDGE_LOOP('',(#13121,#13122,#13146,#13167));
#13121 = ORIENTED_EDGE('',*,*,#13072,.T.);
#13122 = ORIENTED_EDGE('',*,*,#13123,.F.);
#13123 = EDGE_CURVE('',#13124,#13073,#13126,.T.);
#13124 = VERTEX_POINT('',#13125);
#13125 = CARTESIAN_POINT('',(408.9,749.237999999,50.6));
#13126 = SURFACE_CURVE('',#13127,(#13132,#13139),.PCURVE_S1.);
#13127 = CIRCLE('',#13128,5.);
#13128 = AXIS2_PLACEMENT_3D('',#13129,#13130,#13131);
#13129 = CARTESIAN_POINT('',(413.9,749.237999999,50.6));
#13130 = DIRECTION('',(0.,-1.,0.));
#13131 = DIRECTION('',(0.,-0.,-1.));
#13132 = PCURVE('',#11134,#13133);
#13133 = DEFINITIONAL_REPRESENTATION('',(#13134),#13138);
#13134 = LINE('',#13135,#13136);
#13135 = CARTESIAN_POINT('',(-2.356194490192,2.278000001));
#13136 = VECTOR('',#13137,1.);
#13137 = DIRECTION('',(1.,0.));
#13138 = ( GEOMETRIC_REPRESENTATION_CONTEXT(2) 
PARAMETRIC_REPRESENTATION_CONTEXT() REPRESENTATION_CONTEXT('2D SPACE',''
  ) );
#13139 = PCURVE('',#11267,#13140);
#13140 = DEFINITIONAL_REPRESENTATION('',(#13141),#13145);
#13141 = CIRCLE('',#13142,5.);
#13142 = AXIS2_PLACEMENT_2D('',#13143,#13144);
#13143 = CARTESIAN_POINT('',(-7.399659729,-994.9));
#13144 = DIRECTION('',(1.,0.));
#13145 = ( GEOMETRIC_REPRESENTATION_CONTEXT(2) 
PARAMETRIC_REPRESENTATION_CONTEXT() REPRESENTATION_CONTEXT('2D SPACE',''
  ) );
#13146 = ORIENTED_EDGE('',*,*,#13147,.F.);
#13147 = EDGE_CURVE('',#11118,#13124,#13148,.T.);
#13148 = SURFACE_CURVE('',#13149,(#13153,#13160),.PCURVE_S1.);
#13149 = LINE('',#13150,#13151);
#13150 = CARTESIAN_POINT('',(408.9,751.516000001,50.6));
#13151 = VECTOR('',#13152,1.);
#13152 = DIRECTION('',(0.,-1.,0.));
#13153 = PCURVE('',#11134,#13154);
#13154 = DEFINITIONAL_REPRESENTATION('',(#13155),#13159);
#13155 = LINE('',#13156,#13157);
#13156 = CARTESIAN_POINT('',(2.356194490192,-9.999894245993E-10));
#13157 = VECTOR('',#13158,1.);
#13158 = DIRECTION('',(0.,1.));
#13159 = ( GEOMETRIC_REPRESENTATION_CONTEXT(2) 
PARAMETRIC_REPRESENTATION_CONTEXT() REPRESENTATION_CONTEXT('2D SPACE',''
  ) );
#13160 = PCURVE('',#11159,#13161);
#13161 = DEFINITIONAL_REPRESENTATION('',(#13162),#13166);
#13162 = LINE('',#13163,#13164);
#13163 = CARTESIAN_POINT('',(9.999894245993E-10,-6.8974721887));
#13164 = VECTOR('',#13165,1.);
#13165 = DIRECTION('',(-1.,0.));
#13166 = ( GEOMETRIC_REPRESENTATION_CONTEXT(2) 
PARAMETRIC_REPRESENTATION_CONTEXT() REPRESENTATION_CONTEXT('2D SPACE',''
  ) );
#13167 = ORIENTED_EDGE('',*,*,#11117,.T.);
#13168 = ADVANCED_FACE('',(#13169),#11159,.F.);
#13169 = FACE_BOUND('',#13170,.T.);
#13170 = EDGE_LOOP('',(#13171,#13172,#13173,#13194));
#13171 = ORIENTED_EDGE('',*,*,#11145,.F.);
#13172 = ORIENTED_EDGE('',*,*,#13147,.T.);
#13173 = ORIENTED_EDGE('',*,*,#13174,.F.);
#13174 = EDGE_CURVE('',#11178,#13124,#13175,.T.);
#13175 = SURFACE_CURVE('',#13176,(#13180,#13187),.PCURVE_S1.);
#13176 = LINE('',#13177,#13178);
#13177 = CARTESIAN_POINT('',(408.9,749.237999999,57.4974721878));
#13178 = VECTOR('',#13179,1.);
#13179 = DIRECTION('',(0.,0.,-1.));
#13180 = PCURVE('',#11159,#13181);
#13181 = DEFINITIONAL_REPRESENTATION('',(#13182),#13186);
#13182 = LINE('',#13183,#13184);
#13183 = CARTESIAN_POINT('',(-2.278000001,-9.000018508232E-10));
#13184 = VECTOR('',#13185,1.);
#13185 = DIRECTION('',(0.,-1.));
#13186 = ( GEOMETRIC_REPRESENTATION_CONTEXT(2) 
PARAMETRIC_REPRESENTATION_CONTEXT() REPRESENTATION_CONTEXT('2D SPACE',''
  ) );
#13187 = PCURVE('',#11267,#13188);
#13188 = DEFINITIONAL_REPRESENTATION('',(#13189),#13193);
#13189 = LINE('',#13190,#13191);
#13190 = CARTESIAN_POINT('',(-14.2971319168,-999.9));
#13191 = VECTOR('',#13192,1.);
#13192 = DIRECTION('',(1.,0.));
#13193 = ( GEOMETRIC_REPRESENTATION_CONTEXT(2) 
PARAMETRIC_REPRESENTATION_CONTEXT() REPRESENTATION_CONTEXT('2D SPACE',''
  ) );
#13194 = ORIENTED_EDGE('',*,*,#11228,.T.);
#13195 = ADVANCED_FACE('',(#13196),#11267,.T.);
#13196 = FACE_BOUND('',#13197,.T.);
#13197 = EDGE_LOOP('',(#13198,#13199,#13200,#13201,#13202,#13203));
#13198 = ORIENTED_EDGE('',*,*,#11253,.T.);
#13199 = ORIENTED_EDGE('',*,*,#13174,.T.);
#13200 = ORIENTED_EDGE('',*,*,#13123,.T.);
#13201 = ORIENTED_EDGE('',*,*,#13097,.T.);
#13202 = ORIENTED_EDGE('',*,*,#13025,.T.);
#13203 = ORIENTED_EDGE('',*,*,#11819,.T.);
#13204 = ADVANCED_FACE('',(#13205),#11299,.F.);
#13205 = FACE_BOUND('',#13206,.F.);
#13206 = EDGE_LOOP('',(#13207,#13208,#13209,#13210,#13211,#13212,#13213,
    #13214));
#13207 = ORIENTED_EDGE('',*,*,#11846,.F.);
#13208 = ORIENTED_EDGE('',*,*,#11894,.T.);
#13209 = ORIENTED_EDGE('',*,*,#11967,.F.);
#13210 = ORIENTED_EDGE('',*,*,#12039,.F.);
#13211 = ORIENTED_EDGE('',*,*,#12083,.F.);
#13212 = ORIENTED_EDGE('',*,*,#12131,.T.);
#13213 = ORIENTED_EDGE('',*,*,#11339,.F.);
#13214 = ORIENTED_EDGE('',*,*,#11285,.T.);
#13215 = ADVANCED_FACE('',(#13216),#11528,.T.);
#13216 = FACE_BOUND('',#13217,.T.);
#13217 = EDGE_LOOP('',(#13218,#13219,#13220,#13221,#13222,#13223,#13224,
    #13225,#13226,#13227,#13228));
#13218 = ORIENTED_EDGE('',*,*,#11595,.F.);
#13219 = ORIENTED_EDGE('',*,*,#12639,.F.);
#13220 = ORIENTED_EDGE('',*,*,#12572,.T.);
#13221 = ORIENTED_EDGE('',*,*,#12523,.F.);
#13222 = ORIENTED_EDGE('',*,*,#12477,.F.);
#13223 = ORIENTED_EDGE('',*,*,#12407,.F.);
#13224 = ORIENTED_EDGE('',*,*,#12340,.T.);
#13225 = ORIENTED_EDGE('',*,*,#12291,.T.);
#13226 = ORIENTED_EDGE('',*,*,#12239,.F.);
#13227 = ORIENTED_EDGE('',*,*,#11514,.F.);
#13228 = ORIENTED_EDGE('',*,*,#11546,.F.);
#13229 = ADVANCED_FACE('',(#13230),#11774,.F.);
#13230 = FACE_BOUND('',#13231,.F.);
#13231 = EDGE_LOOP('',(#13232,#13233,#13234,#13235,#13236,#13237,#13238,
    #13239));
#13232 = ORIENTED_EDGE('',*,*,#12732,.F.);
#13233 = ORIENTED_EDGE('',*,*,#12765,.F.);
#13234 = ORIENTED_EDGE('',*,*,#12814,.T.);
#13235 = ORIENTED_EDGE('',*,*,#12881,.F.);
#13236 = ORIENTED_EDGE('',*,*,#12953,.F.);
#13237 = ORIENTED_EDGE('',*,*,#12997,.F.);
#13238 = ORIENTED_EDGE('',*,*,#11792,.T.);
#13239 = ORIENTED_EDGE('',*,*,#11760,.F.);
#13240 = ( GEOMETRIC_REPRESENTATION_CONTEXT(3) 
GLOBAL_UNCERTAINTY_ASSIGNED_CONTEXT((#13244)) 
GLOBAL_UNIT_ASSIGNED_CONTEXT((#13241,#13242,#13243)) 
REPRESENTATION_CONTEXT('Context #1',
  '3D Context with UNIT and UNCERTAINTY') );
#13241 = ( LENGTH_UNIT() NAMED_UNIT(*) SI_UNIT(.MILLI.,.METRE.) );
#13242 = ( NAMED_UNIT(*) PLANE_ANGLE_UNIT() SI_UNIT($,.RADIAN.) );
#13243 = ( NAMED_UNIT(*) SI_UNIT($,.STERADIAN.) SOLID_ANGLE_UNIT() );
#13244 = UNCERTAINTY_MEASURE_WITH_UNIT(LENGTH_MEASURE(2.E-04),#13241,
  'distance_accuracy_value','confusion accuracy');
#13245 = PRODUCT_RELATED_PRODUCT_CATEGORY('part',$,(#7));
ENDSEC;
END-ISO-10303-21;
